audio_filename,speaker,transcript,language,convo_id,source
tetelancingo_nahuatl/audios/speaker1_Tetel_Narra_ZWZ835_WWT836_2022-05-25-a_6910.0-7620.0.wav,ZWZ835,quema,tetelancingo,,tetelancingo
tetelancingo_nahuatl/audios/speaker1_Tetel_Narra_ZWZ835_WWT836_2022-05-25-a_10850.0-11400.0.wav,ZWZ835,quema,tetelancingo,,tetelancingo
tetelancingo_nahuatl/audios/speaker1_Tetel_Narra_ZWZ835_WWT836_2022-05-25-a_12655.0-14305.0.wav,ZWZ835,"yeh cuali, noyiuqui",tetelancingo,,tetelancingo
tetelancingo_nahuatl/audios/speaker1_Tetel_Narra_ZWZ835_WWT836_2022-05-25-a_15320.0-18200.0.wav,ZWZ835,ica nin tonaltzin tona chicauac,tetelancingo,,tetelancingo
tetelancingo_nahuatl/audios/speaker1_Tetel_Narra_ZWZ835_WWT836_2022-05-25-a_19285.0-24225.0.wav,ZWZ835,yalua mox yopehpeuaya tzocotzin quiyouitl uan ocsipa neneh san omonacteh yopeu eheca,tetelancingo,,tetelancingo
tetelancingo_nahuatl/audios/speaker1_Tetel_Narra_ZWZ835_WWT836_2022-05-25-a_33905.0-37965.0.wav,ZWZ835,quihtoa mox yi yen casi xa yeh nin quisa ya nin semana yi tlamis tlapoual xamo,tetelancingo,,tetelancingo
tetelancingo_nahuatl/audios/speaker1_Tetel_Narra_ZWZ835_WWT836_2022-05-25-a_50445.0-51535.0.wav,ZWZ835,yen viernes,tetelancingo,,tetelancingo
tetelancingo_nahuatl/audios/speaker1_Tetel_Narra_ZWZ835_WWT836_2022-05-25-a_56955.0-57715.0.wav,ZWZ835,quemaniyah,tetelancingo,,tetelancingo
tetelancingo_nahuatl/audios/speaker1_Tetel_Narra_ZWZ835_WWT836_2022-05-25-a_58880.0-61050.0.wav,ZWZ835,de nen tzotzocotzitzin,tetelancingo,,tetelancingo
tetelancingo_nahuatl/audios/speaker1_Tetel_Narra_ZWZ835_WWT836_2022-05-25-a_72040.0-74560.0.wav,ZWZ835,mox aquin otlapahpac nin otiualpanoqueh,tetelancingo,,tetelancingo
tetelancingo_nahuatl/audios/speaker1_Tetel_Narra_ZWZ835_WWT836_2022-05-25-a_75680.0-76780.0.wav,ZWZ835,uan amo oyectlapahpac,tetelancingo,,tetelancingo
tetelancingo_nahuatl/audios/speaker1_Tetel_Narra_ZWZ835_WWT836_2022-05-25-a_79005.0-87695.0.wav,ZWZ835,pero a poco nen a poco neneh Yesenia amo youi quemeh tlachiati checaroti quenin mox cualtzin mochiuah in cosas o amo,tetelancingo,,tetelancingo
tetelancingo_nahuatl/audios/speaker1_Tetel_Narra_ZWZ835_WWT836_2022-05-25-a_104405.0-105835.0.wav,ZWZ835,tons no nictemacas maestra,tetelancingo,,tetelancingo
tetelancingo_nahuatl/audios/speaker1_Tetel_Narra_ZWZ835_WWT836_2022-05-25-a_106890.0-108890.0.wav,ZWZ835,xa yen viernes tla yas Tetela,tetelancingo,,tetelancingo
tetelancingo_nahuatl/audios/speaker1_Tetel_Narra_ZWZ835_WWT836_2022-05-25-a_116730.0-121360.0.wav,ZWZ835,neh oniyahca pero no... este non xiquita otiualahqueh amo tlen onictlahtlaneh,tetelancingo,,tetelancingo
tetelancingo_nahuatl/audios/speaker1_Tetel_Narra_ZWZ835_WWT836_2022-05-25-a_128945.0-135145.0.wav,ZWZ835,neh oniquihtoh xa siquiera canah oyah axan iuan maestra de nen den primaria xa siquiera oyah iuan,tetelancingo,,tetelancingo
tetelancingo_nahuatl/audios/speaker1_Tetel_Narra_ZWZ835_WWT836_2022-05-25-a_139795.0-142955.0.wav,ZWZ835,pero yeh xa yeh mostla xa tiotlac xa occualcan yas,tetelancingo,,tetelancingo
tetelancingo_nahuatl/audios/speaker1_Tetel_Narra_ZWZ835_WWT836_2022-05-25-a_146865.0-149465.0.wav,ZWZ835,para canas de de las cuatro,tetelancingo,,tetelancingo
tetelancingo_nahuatl/audios/speaker1_Tetel_Narra_ZWZ835_WWT836_2022-05-25-a_160995.0-162305.0.wav,ZWZ835,tons xa cualcan quisasqueh,tetelancingo,,tetelancingo
tetelancingo_nahuatl/audios/speaker1_Tetel_Narra_ZWZ835_WWT836_2022-05-25-a_162675.0-165805.0.wav,ZWZ835,pero mox xa techmacas tiempo tiualasqueh ualnican noyiuqui,tetelancingo,,tetelancingo
tetelancingo_nahuatl/audios/speaker1_Tetel_Narra_ZWZ835_WWT836_2022-05-25-a_169505.0-173145.0.wav,ZWZ835,otlacomunicaroh tiquiuahc mox las cuatro las cuatro las doce,tetelancingo,,tetelancingo
tetelancingo_nahuatl/audios/speaker1_Tetel_Narra_ZWZ835_WWT836_2022-05-25-a_192285.0-201595.0.wav,ZWZ835,mati quenin nen quen este bueno quita nen ipan quemeh xa noyiuqui techiluis mox quitlacamateh coconeh o amo,tetelancingo,,tetelancingo
tetelancingo_nahuatl/audios/speaker1_Tetel_Narra_ZWZ835_WWT836_2022-05-25-a_208505.0-209385.0.wav,ZWZ835,aquin otemagac,tetelancingo,,tetelancingo
tetelancingo_nahuatl/audios/speaker1_Tetel_Narra_ZWZ835_WWT836_2022-05-25-a_210470.0-211410.0.wav,ZWZ835,yehuatl otemagac,tetelancingo,,tetelancingo
tetelancingo_nahuatl/audios/speaker1_Tetel_Narra_ZWZ835_WWT836_2022-05-25-a_217205.0-218925.0.wav,ZWZ835,xa siquiera cualanis ne,tetelancingo,,tetelancingo
tetelancingo_nahuatl/audios/speaker1_Tetel_Narra_ZWZ835_WWT836_2022-05-25-a_224737.0-227147.0.wav,ZWZ835,ohcon mouica cachi in telpocameh yeyen,tetelancingo,,tetelancingo
tetelancingo_nahuatl/audios/speaker1_Tetel_Narra_ZWZ835_WWT836_2022-05-25-a_230107.0-231277.0.wav,ZWZ835,uan eso amo miqueh,tetelancingo,,tetelancingo
tetelancingo_nahuatl/audios/speaker1_Tetel_Narra_ZWZ835_WWT836_2022-05-25-a_236002.0-242202.0.wav,ZWZ835,ichpocameh noyiuqui pero xiquita nen Leonor iichpocau bueno itonan nis telpocatl,tetelancingo,,tetelancingo
tetelancingo_nahuatl/audios/speaker1_Tetel_Narra_ZWZ835_WWT836_2022-05-25-a_247492.0-249832.0.wav,ZWZ835,quihtoa desde nen bueno desde cocotzin ohcon,tetelancingo,,tetelancingo
tetelancingo_nahuatl/audios/speaker1_Tetel_Narra_ZWZ835_WWT836_2022-05-25-a_253802.0-255822.0.wav,ZWZ835,amo tlen san tlayicoua,tetelancingo,,tetelancingo
tetelancingo_nahuatl/audios/speaker1_Tetel_Narra_ZWZ835_WWT836_2022-05-25-a_261132.0-262502.0.wav,ZWZ835,technauatisqueh,tetelancingo,,tetelancingo
tetelancingo_nahuatl/audios/speaker1_Tetel_Narra_ZWZ835_WWT836_2022-05-25-a_265502.0-275332.0.wav,ZWZ835,oniquitac oualehcoc nen Carolina oniquitac ompa omitzitato onimolueh mox canah niman onicnimileh xa itlah itlah tleno den escuela,tetelancingo,,tetelancingo
tetelancingo_nahuatl/audios/speaker1_Tetel_Narra_ZWZ835_WWT836_2022-05-25-a_292317.0-295897.0.wav,ZWZ835,amo pero mostla yeh xa uilica quiluis ompa iuan ichan mocauas,tetelancingo,,tetelancingo
tetelancingo_nahuatl/audios/speaker1_Tetel_Narra_ZWZ835_WWT836_2022-05-25-a_298887.0-299787.0.wav,ZWZ835,mostla,tetelancingo,,tetelancingo
tetelancingo_nahuatl/audios/speaker1_Tetel_Narra_ZWZ835_WWT836_2022-05-25-a_330902.0-333292.0.wav,ZWZ835,quita oquihtoh mox ocnalitasquia,tetelancingo,,tetelancingo
tetelancingo_nahuatl/audios/speaker1_Tetel_Narra_ZWZ835_WWT836_2022-05-25-a_338547.0-339227.0.wav,ZWZ835,aquin,tetelancingo,,tetelancingo
tetelancingo_nahuatl/audios/speaker1_Tetel_Narra_ZWZ835_WWT836_2022-05-25-a_341312.0-343112.0.wav,ZWZ835,xa ocniquisquiaya nochi ya,tetelancingo,,tetelancingo
tetelancingo_nahuatl/audios/speaker1_Tetel_Narra_ZWZ835_WWT836_2022-05-25-a_345847.0-351147.0.wav,ZWZ835,ocniquisquiaya niman ma ma ahora sí ma mamoscalti ni...,tetelancingo,,tetelancingo
tetelancingo_nahuatl/audios/speaker1_Tetel_Narra_ZWZ835_WWT836_2022-05-25-a_352187.0-353437.0.wav,ZWZ835,picante,tetelancingo,,tetelancingo
tetelancingo_nahuatl/audios/speaker1_Tetel_Narra_ZWZ835_WWT836_2022-05-25-a_357252.0-361812.0.wav,ZWZ835,mox quemah mota nen quemeh tilauac y este nen,tetelancingo,,tetelancingo
tetelancingo_nahuatl/audios/speaker1_Tetel_Narra_ZWZ835_WWT836_2022-05-25-a_367897.0-370867.0.wav,ZWZ835,mox amo xa por neneh poloa atl,tetelancingo,,tetelancingo
tetelancingo_nahuatl/audios/speaker1_Tetel_Narra_ZWZ835_WWT836_2022-05-25-a_389642.0-394782.0.wav,ZWZ835,entonces onimahmoueh onicman atl para nimopacas uan neneh,tetelancingo,,tetelancingo
tetelancingo_nahuatl/audios/speaker1_Tetel_Narra_ZWZ835_WWT836_2022-05-25-a_396007.0-405597.0.wav,ZWZ835,ohcon yen yonimopacac yeh cachi quemeh nis opehpeutoya uan tlamo san tipitzin yomonacteh yen opeu eheca,tetelancingo,,tetelancingo
tetelancingo_nahuatl/audios/speaker1_Tetel_Narra_ZWZ835_WWT836_2022-05-25-a_420147.0-423097.0.wav,ZWZ835,mati como yalua ocuicac tlacatl pero mati mox occuiliqueh,tetelancingo,,tetelancingo
tetelancingo_nahuatl/audios/speaker1_Tetel_Narra_ZWZ835_WWT836_2022-05-25-a_424792.0-425512.0.wav,ZWZ835,mati,tetelancingo,,tetelancingo
tetelancingo_nahuatl/audios/speaker1_Tetel_Narra_ZWZ835_WWT836_2022-05-25-a_427957.0-430927.0.wav,ZWZ835,axan amo otlaticqueh mas xa siquiera yen mostla,tetelancingo,,tetelancingo
tetelancingo_nahuatl/audios/speaker1_Tetel_Narra_ZWZ835_WWT836_2022-05-25-a_431962.0-441142.0.wav,ZWZ835,mostla o uiptla porque amo quihtoa Mireya mox san nepa oquis hasta amo mox san quemeh xa san yen quesqui vuelta porque hasta amo tlahco oyahqueh,tetelancingo,,tetelancingo
tetelancingo_nahuatl/audios/speaker1_Tetel_Narra_ZWZ835_WWT836_2022-05-25-a_451092.0-463312.0.wav,ZWZ835,xa cualtzin bueno ipan yi quipiya quihtoa quemaniya ompa niquinualpantzacuile ichcameh ohcon niquitztoc yeh neneh yo... milauac cualtzin yocpiyaya uan xa yi quipiya quemeh se ye xa yochicueyitic,tetelancingo,,tetelancingo
tetelancingo_nahuatl/audios/speaker1_Tetel_Narra_ZWZ835_WWT836_2022-05-25-a_464327.0-475277.0.wav,ZWZ835,ohcon yi quipiya que ompa oniualpanoc porque onicualpantzacuilihtoya neneh ichcameh uan para ahorita uan ica nin tonaltzin yeh xa cachi isiui,tetelancingo,,tetelancingo
tetelancingo_nahuatl/audios/speaker1_Tetel_Narra_ZWZ835_WWT836_2022-05-25-a_485127.0-486517.0.wav,ZWZ835,mox ualtlaniuic nochi yoatlatequeh,tetelancingo,,tetelancingo
tetelancingo_nahuatl/audios/speaker1_Tetel_Narra_ZWZ835_WWT836_2022-05-25-a_491342.0-491982.0.wav,ZWZ835,tleca,tetelancingo,,tetelancingo
tetelancingo_nahuatl/audios/speaker1_Tetel_Narra_ZWZ835_WWT836_2022-05-25-a_496032.0-497812.0.wav,ZWZ835,mox in tlen de neuquin in atl ehcotoc,tetelancingo,,tetelancingo
tetelancingo_nahuatl/audios/speaker1_Tetel_Narra_ZWZ835_WWT836_2022-05-25-a_516417.00000000006-526707.0.wav,ZWZ835,"tehuan ahorita bueno bueno iyeua motlapaqueh porque ompa ouitztoya den, de nica den, den agua potable ompa ouitztoya entonces niquiluia no... bueno nomaman como o... tiquita otlapiyato",tetelancingo,,tetelancingo
tetelancingo_nahuatl/audios/speaker1_Tetel_Narra_ZWZ835_WWT836_2022-05-25-a_528027.0-536517.0.wav,ZWZ835,tons nicchix... onicchixtoya para titlacuasqueh amo entonces opeu nimotlapaquiya uili ehcoticah atl uan miqueh tilmahmeh oniquimpac tlamo miquiasqueh uan niman amo tlen atl,tetelancingo,,tetelancingo
tetelancingo_nahuatl/audios/speaker1_Tetel_Narra_ZWZ835_WWT836_2022-05-25-a_538667.0-550977.0.wav,ZWZ835,opeu niquimpaca notilmahuan uan neneh o... opeu neneh yehuatl nican atzintli pauitztoc mas tzocopintzin nepa ihquin tla amo tlen opauitzini nepa ihquin amo tlen,tetelancingo,,tetelancingo
tetelancingo_nahuatl/audios/speaker1_Tetel_Narra_ZWZ835_WWT836_2022-05-25-a_551472.0-552622.0.wav,ZWZ835,canin secanas,tetelancingo,,tetelancingo
tetelancingo_nahuatl/audios/speaker1_Tetel_Narra_ZWZ835_WWT836_2022-05-25-a_559447.0-567677.0.wav,ZWZ835,xa amo no tlen quiluihtoc nen icni porque pues nican yehuatl quicui para tlaamaca xa amo no tlen quiluitoc,tetelancingo,,tetelancingo
tetelancingo_nahuatl/audios/speaker1_Tetel_Narra_ZWZ835_WWT836_2022-05-25-a_578697.0-580177.0.wav,ZWZ835,yotlaniquis den escuela,tetelancingo,,tetelancingo
tetelancingo_nahuatl/audios/speaker1_Tetel_Narra_ZWZ835_WWT836_2022-05-25-a_582267.0-593357.0.wav,ZWZ835,mati xa quemah porque yi quen... axan amo porque yalua oticualpanitztoyah nin hora o... nin hora o tla niquis ipapa yeh xa canin nen tematlantoc,tetelancingo,,tetelancingo
tetelancingo_nahuatl/audios/speaker1_Tetel_Narra_ZWZ835_WWT836_2022-05-25-a_594462.0-600722.0.wav,ZWZ835,ica yunta xa yeh milauac yi siyoui ica non yehuatl yi youi ica in couitl,tetelancingo,,tetelancingo
tetelancingo_nahuatl/audios/speaker1_Tetel_Narra_ZWZ835_WWT836_2022-05-25-a_607942.0-617642.0.wav,ZWZ835,tehuan amo tlen tipiyah yi quemaniya ocatca tzocotzin onicnamacato ne iuan Roman den fierro uan nen plástico xa ome costal,tetelancingo,,tetelancingo
tetelancingo_nahuatl/audios/speaker1_Tetel_Narra_ZWZ835_WWT836_2022-05-25-a_618122.0-620142.0.wav,ZWZ835,apenas cincuenta pesos,tetelancingo,,tetelancingo
tetelancingo_nahuatl/audios/speaker1_Tetel_Narra_ZWZ835_WWT836_2022-05-25-a_625447.0-626417.0.wav,ZWZ835,veintiocho pesos,tetelancingo,,tetelancingo
tetelancingo_nahuatl/audios/speaker1_Tetel_Narra_ZWZ835_WWT836_2022-05-25-a_627094.0-641781.0.wav,ZWZ835,quihtoa momaman yeh ocahcotemoto siqui quiltonilil quihtoa ompa oquitac nen milauac nen na... namochil quihtoa yi cuali ahora sí quen quen mota chiltzitzin mota yi cuali para nantiquisqueh mas quera macuil kilo,tetelancingo,,tetelancingo
tetelancingo_nahuatl/audios/speaker1_Tetel_Narra_ZWZ835_WWT836_2022-05-25-a_642939.0-652234.0.wav,ZWZ835,quihtoa porque tlamo yeh como ica milauac quihtoa mox ica nin tonaltzin tons yi mota ya lleno yeh quihtoa ica nin tonaltzin yeh peua quemeh xini,tetelancingo,,tetelancingo
tetelancingo_nahuatl/audios/speaker1_Tetel_Narra_ZWZ835_WWT836_2022-05-25-a_653941.0-655232.0.wav,ZWZ835,ica non oquihtohtoya mox,tetelancingo,,tetelancingo
tetelancingo_nahuatl/audios/speaker1_Tetel_Narra_ZWZ835_WWT836_2022-05-25-a_667555.0-671219.0.wav,ZWZ835,quihtoa ohcon quihtoa mox mitzcomentaruilisquia,tetelancingo,,tetelancingo
tetelancingo_nahuatl/audios/speaker1_Tetel_Narra_ZWZ835_WWT836_2022-05-25-a_672082.0-673191.0.wav,ZWZ835,quihtoa para neneh,tetelancingo,,tetelancingo
tetelancingo_nahuatl/audios/speaker1_Tetel_Narra_ZWZ835_WWT836_2022-05-25-a_674055.0-685656.0.wav,ZWZ835,quihtoa xitiquini mas quihtoa porque nen oquitac ualtlaniuic quihtoa nepa titlah quihtoa amo yahtoc niquiluia pero yeh mox tiquihtoa ompa cachi quemeh cachi quipihpiya quihtoa amo oahcotlachiato san otlachix ualtlaniuic tlalpan campa nen,tetelancingo,,tetelancingo
tetelancingo_nahuatl/audios/speaker1_Tetel_Narra_ZWZ835_WWT836_2022-05-25-a_686460.0-687684.0.wav,ZWZ835,tlalcualcan,tetelancingo,,tetelancingo
tetelancingo_nahuatl/audios/speaker1_Tetel_Narra_ZWZ835_WWT836_2022-05-25-a_688181.0-691981.0.wav,ZWZ835,quihtoa mota cualtzin yi quipihpiya nen chiltzitzin,tetelancingo,,tetelancingo
tetelancingo_nahuatl/audios/speaker1_Tetel_Narra_ZWZ835_WWT836_2022-05-25-a_692038.0-701265.0.wav,ZWZ835,quihtoa xa ipan den ahcocuilisqueh xa ipan nen quipiyas mas quesqui kilohtzin uan quihtoa uan cualtzin nen cualtzin ueueyi uan mota quipiya i... lleno tzocotzin,tetelancingo,,tetelancingo
tetelancingo_nahuatl/audios/speaker1_Tetel_Narra_ZWZ835_WWT836_2022-05-25-a_710948.0-721823.0.wav,ZWZ835,xinis uan neh quihtoa Abraham mox de quemeh por ejemplo ohcon yi cuando yi cuali para motiquilis uan amo setiquilia yen planta mox chicaui,tetelancingo,,tetelancingo
tetelancingo_nahuatl/audios/speaker1_Tetel_Narra_ZWZ835_WWT836_2022-05-25-a_722905.0-726742.0.wav,ZWZ835,quihtoa quihtoa lugar cachi xochiyouas cachi mopilos chili tons amo,tetelancingo,,tetelancingo
tetelancingo_nahuatl/audios/speaker1_Tetel_Narra_ZWZ835_WWT836_2022-05-25-a_748765.0-752965.0.wav,ZWZ835,yeh nen siqui auatl uan mas tzocotzin ocotl a ver,tetelancingo,,tetelancingo
tetelancingo_nahuatl/audios/speaker1_Tetel_Narra_ZWZ835_WWT836_2022-05-25-a_763032.0-764923.0.wav,ZWZ835,quemah san chiltiquilistl,tetelancingo,,tetelancingo
tetelancingo_nahuatl/audios/speaker1_Tetel_Narra_ZWZ835_WWT836_2022-05-25-a_770194.0-777747.0.wav,ZWZ835,niquiluia momaman oc niquitas a ver niquiluia yehuan quihtoah mox moyoleuas Federico niquiluia yen touatzin tocontlamacati,tetelancingo,,tetelancingo
tetelancingo_nahuatl/audios/speaker1_Tetel_Narra_ZWZ835_WWT836_2022-05-25-a_778544.0-783007.0.wav,ZWZ835,Diego mas niccahcautinimi como ihcuac Tere amo clases mas maquita,tetelancingo,,tetelancingo
tetelancingo_nahuatl/audios/speaker1_Tetel_Narra_ZWZ835_WWT836_2022-05-25-a_784447.0-785547.0.wav,ZWZ835,ica non ne,tetelancingo,,tetelancingo
tetelancingo_nahuatl/audios/speaker1_Tetel_Narra_ZWZ835_WWT836_2022-05-25-a_787542.0-788806.0.wav,ZWZ835,amo tlen san tlacaqui,tetelancingo,,tetelancingo
tetelancingo_nahuatl/audios/speaker1_Tetel_Narra_ZWZ835_WWT836_2022-05-25-a_792141.0-799148.0.wav,ZWZ835,san tlacaqui ihcuac nen yen yen nicahteuas nican pero noyiuqui yen neneh a veces amo tlatlacamateh,tetelancingo,,tetelancingo
tetelancingo_nahuatl/audios/speaker1_Tetel_Narra_ZWZ835_WWT836_2022-05-25-a_802112.0-814151.0.wav,ZWZ835,uan quihtoa neneh quihtoa pues yeh isqui nen cohtiquini ocsipa iuan ichcameh quihtoa mox yalua como nen xiquita Nestor yeh iuan oyah,tetelancingo,,tetelancingo
tetelancingo_nahuatl/audios/speaker1_Tetel_Narra_ZWZ835_WWT836_2022-05-25-a_814610.0-820228.0.wav,ZWZ835,uan telpocameh oualahqueh yeh mox yoyaya ica in panal iuan nen tlen itoca telpocatl in cuñado,tetelancingo,,tetelancingo
tetelancingo_nahuatl/audios/speaker1_Tetel_Narra_ZWZ835_WWT836_2022-05-25-a_822062.0-826925.0.wav,ZWZ835,mox yoyaya quihtoa momaman mox nican tlaniuic oualehcoya nican ichan abuelitos ic oualehcoh teichcameh,tetelancingo,,tetelancingo
tetelancingo_nahuatl/audios/speaker1_Tetel_Narra_ZWZ835_WWT836_2022-05-25-a_827461.0-840047.0.wav,ZWZ835,quihtoa que aquin oquilueh monaltlachiya para ne ichan nen Evangelina mox ualnica campa nen campa ocatca ialuixon notlatzin Asuncion quihtoa ompa ohcon moyicanah no pues aquihqueh tlaca yeh mox yehuatl motelpocauan uan ne tlaniuic Efrain,tetelancingo,,tetelancingo
tetelancingo_nahuatl/audios/speaker1_Tetel_Narra_ZWZ835_WWT836_2022-05-25-a_840793.0-843866.0.wav,ZWZ835,moyicanah quihtoa nen ocnimileh nin yas canin yasqueh,tetelancingo,,tetelancingo
tetelancingo_nahuatl/audios/speaker1_Tetel_Narra_ZWZ835_WWT836_2022-05-25-a_844815.0-855471.0.wav,ZWZ835,uan mox oquinnaltzahtzileh otzitzicuinteuqueh para nepa ichan Evangelina tlaniuic uan tons cachi nepa omotochoto uan tlamo ne tlaniuic cachi ualehco ichan Doña Marisela ne ualnican,tetelancingo,,tetelancingo
tetelancingo_nahuatl/audios/speaker1_Tetel_Narra_ZWZ835_WWT836_2022-05-25-a_856474.0-865728.0.wav,ZWZ835,ompa ualehco uan neh yeh yeh mox ompa catqui Marisela iuan Evangelina uan mox quihtoa nen quihtoa nen Marisela quihtoa ah mox quiluia Evangelina,tetelancingo,,tetelancingo
tetelancingo_nahuatl/audios/speaker1_Tetel_Narra_ZWZ835_WWT836_2022-05-25-a_866324.0-876470.0.wav,ZWZ835,nen cuali sechanquisas ne yi cateh in tlahcocuineh ah mox chanehqueh chanehqueh queni oquilueh quihtoa cuali se cha... chanquisas nen yi cateh in chanehqueh,tetelancingo,,tetelancingo
tetelancingo_nahuatl/audios/speaker1_Tetel_Narra_ZWZ835_WWT836_2022-05-25-a_876682.0-886522.0.wav,ZWZ835,yeh yen telpocameh ompa omotohtochoto quihtoa cachi occualaneh quihtoa tons queni tlenoh yi canasqueh in techan tons cachi oquinnaltzahtzileh pero amo ocniquiyah ualasqueh,tetelancingo,,tetelancingo
tetelancingo_nahuatl/audios/speaker1_Tetel_Narra_ZWZ835_WWT836_2022-05-25-a_887691.0-895104.0.wav,ZWZ835,quihtoa este nen ohcon quinaltzahtzilihtoc quihtoa milauac cana como ica nin milauac nin tonaltzin,tetelancingo,,tetelancingo
tetelancingo_nahuatl/audios/speaker1_Tetel_Narra_ZWZ835_WWT836_2022-05-25-a_895950.0-905310.0.wav,ZWZ835,uan cani matlahchinoca uan milauac iuan nen ehecatl maoneua in tanto tlauaqui quihtoa yehuatl ocnimileh tons ica non nen,tetelancingo,,tetelancingo
tetelancingo_nahuatl/audios/speaker1_Tetel_Narra_ZWZ835_WWT836_2022-05-25-a_905902.0-909266.0.wav,ZWZ835,quinnaltzahtzilitoya hasta ni... hasta para ver octlacamatqueh oualahqueh,tetelancingo,,tetelancingo
tetelancingo_nahuatl/audios/speaker1_Tetel_Narra_ZWZ835_WWT836_2022-05-25-a_910379.0-913052.0.wav,ZWZ835,quihtoa oualahqueh oquintlauanteh uan yoyahqueh ica in couitl,tetelancingo,,tetelancingo
tetelancingo_nahuatl/audios/speaker1_Tetel_Narra_ZWZ835_WWT836_2022-05-25-a_914400.0-917200.0.wav,ZWZ835,uan quihtoa mox oyah icita yalua Omitlan,tetelancingo,,tetelancingo
tetelancingo_nahuatl/audios/speaker1_Tetel_Narra_ZWZ835_WWT836_2022-05-25-a_917959.0-928947.0.wav,ZWZ835,"ompa nonotztoqueh mox yen nen, mox yen Ines aqui iuan ocse siuatl mox mononotztoqueh mox nen tiquita otlahchinolouac ne san paxtla para tlacuitlapan",tetelancingo,,tetelancingo
tetelancingo_nahuatl/audios/speaker1_Tetel_Narra_ZWZ835_WWT836_2022-05-25-a_929718.0-936055.0.wav,ZWZ835,quihtoa mox ohcon xa menteraroa o mononotza quenin o mox otlahchinoh se conetl,tetelancingo,,tetelancingo
tetelancingo_nahuatl/audios/speaker1_Tetel_Narra_ZWZ835_WWT836_2022-05-25-a_936990.0-937936.0.wav,ZWZ835,se telpocatl,tetelancingo,,tetelancingo
tetelancingo_nahuatl/audios/speaker1_Tetel_Narra_ZWZ835_WWT836_2022-05-25-a_938694.0-943880.0.wav,ZWZ835,quihtoah uan hasta yi tlen tonaltzin no ohcon ompa otlahchinoloac ompa yi mismo yehuatl ohcon oquichiu,tetelancingo,,tetelancingo
tetelancingo_nahuatl/audios/speaker1_Tetel_Narra_ZWZ835_WWT836_2022-05-25-a_944741.0-947622.0.wav,ZWZ835,uan entonces yocahsi... cahsiqueh nin vez mox yehuatl otlahchinoh,tetelancingo,,tetelancingo
tetelancingo_nahuatl/audios/speaker1_Tetel_Narra_ZWZ835_WWT836_2022-05-25-a_953246.0-958273.0.wav,ZWZ835,mox tons de otlatlaqueh non mox milauac ocdemandarohqueh uan mox oc ahorita conetl tzacutoc,tetelancingo,,tetelancingo
tetelancingo_nahuatl/audios/speaker1_Tetel_Narra_ZWZ835_WWT836_2022-05-25-a_958961.0-962852.0.wav,ZWZ835,mox tzacutoc ich mox carcel mox de menores algo así mox quiteneua,tetelancingo,,tetelancingo
tetelancingo_nahuatl/audios/speaker1_Tetel_Narra_ZWZ835_WWT836_2022-05-25-a_963856.0-965592.0.wav,ZWZ835,quihtoah mox octzacuqueh in conetl,tetelancingo,,tetelancingo
tetelancingo_nahuatl/audios/speaker1_Tetel_Narra_ZWZ835_WWT836_2022-05-25-a_966174.0-970055.0.wav,ZWZ835,quihtoa porque achtoh no ohcon yocchiuca uan axan ocsipa uan yotlatlac ne tlapiyalmeh,tetelancingo,,tetelancingo
tetelancingo_nahuatl/audios/speaker1_Tetel_Narra_ZWZ835_WWT836_2022-05-25-a_971083.0-973019.0.wav,ZWZ835,tetecomeh amo iuqui omomauqueh,tetelancingo,,tetelancingo
tetelancingo_nahuatl/audios/speaker1_Tetel_Narra_ZWZ835_WWT836_2022-05-25-a_995413.0-1008922.0.wav,ZWZ835,"quemeh neh iyeua nen, ompa cualcan onitlatlateh, otitlacuahqueh uan momaman quihtoa mox ne canati se viaje couitl niquiluia tla canati macana nen niyas nepa tlahtic nic tla ni... quemeh nitla... polvo",tetelancingo,,tetelancingo
tetelancingo_nahuatl/audios/speaker1_Tetel_Narra_ZWZ835_WWT836_2022-05-25-a_1010232.0-1014441.0.wav,ZWZ835,queh tzanil nictimouis tons neneh oyah,tetelancingo,,tetelancingo
tetelancingo_nahuatl/audios/speaker1_Tetel_Narra_ZWZ835_WWT836_2022-05-25-a_1015049.0-1022258.0.wav,ZWZ835,uan neh tla antes de yas panpolouito se couitl de auacatl non xiquita tlen tiualtimohqueh tlacpac nis san palaxtic,tetelancingo,,tetelancingo
tetelancingo_nahuatl/audios/speaker1_Tetel_Narra_ZWZ835_WWT836_2022-05-25-a_1024191.0-1030309.0.wav,ZWZ835,opan... panpolouito uan quen mox oniqueu uan nicnaltlale quemeh campa setlatlatia nixtenco,tetelancingo,,tetelancingo
tetelancingo_nahuatl/audios/speaker1_Tetel_Narra_ZWZ835_WWT836_2022-05-25-a_1030954.0-1033045.0000000001.wav,ZWZ835,uan iuan ocse cohtzin queh oniccuacruzaroh,tetelancingo,,tetelancingo
tetelancingo_nahuatl/audios/speaker1_Tetel_Narra_ZWZ835_WWT836_2022-05-25-a_1033555.0000000001-1036101.0000000001.wav,ZWZ835,onicalaquito cocina yeh yi tlaxotlatoc,tetelancingo,,tetelancingo
tetelancingo_nahuatl/audios/speaker1_Tetel_Narra_ZWZ835_WWT836_2022-05-25-a_1036747.0000000001-1043492.9999999999.wav,ZWZ835,pues yen neh quemeh xa queh omotlaticuinalteh quen non tons o... yeh cuali tlaxotlatoc,tetelancingo,,tetelancingo
tetelancingo_nahuatl/audios/speaker1_Tetel_Narra_ZWZ835_WWT836_2022-05-25-a_1044192.0-1047855.0.wav,ZWZ835,mox nah cana onicpipitztoya o ompa neh tla amo,tetelancingo,,tetelancingo
tetelancingo_nahuatl/audios/speaker1_Tetel_Narra_ZWZ835_WWT836_2022-05-25-a_1062387.0-1072904.0.wav,ZWZ835,quihtoa momaman cualane quihtoa iuan yo... ocse in cuitlateh tlen yehuatl canah tlenoh oquichiu o tlenoh o canah techan itlah yocnaltiquito tlenoh quihtosqueh yen ocsiqueh,tetelancingo,,tetelancingo
tetelancingo_nahuatl/audios/speaker1_Tetel_Narra_ZWZ835_WWT836_2022-05-25-a_1074293.0-1078502.0.wav,ZWZ835,ica non opeu quihtoa mox quinnaltzahtzilia quinnaltzahtzilia uan amo amo octlacamatiyah,tetelancingo,,tetelancingo
tetelancingo_nahuatl/audios/speaker1_Tetel_Narra_ZWZ835_WWT836_2022-05-25-a_1082924.0-1090191.0.wav,ZWZ835,"xa ic tlatzintla, pues quihtoa mox oyahca ne cuando Mireya uitz nica ocsipa yeh mox Feli catqui hasta ichan Feliciano Mateo ualnica",tetelancingo,,tetelancingo
tetelancingo_nahuatl/audios/speaker1_Tetel_Narra_ZWZ835_WWT836_2022-05-25-a_1090934.0-1093534.0.wav,ZWZ835,iixcon tlen ic ompa no nis quemeh tlamota otlalquixtayah,tetelancingo,,tetelancingo
tetelancingo_nahuatl/audios/speaker1_Tetel_Narra_ZWZ835_WWT836_2022-05-25-a_1094338.0-1097829.0.wav,ZWZ835,ompa omotolonoh ompa omotlatito ocse in cuitlateh nepa ihquin,tetelancingo,,tetelancingo
tetelancingo_nahuatl/audios/speaker1_Tetel_Narra_ZWZ835_WWT836_2022-05-25-a_1099259.0-1102113.0.wav,ZWZ835,quihtoa quinnaltzahtzilis quinnaltzahtzilis uan amo tlacamatiyah,tetelancingo,,tetelancingo
tetelancingo_nahuatl/audios/speaker1_Tetel_Narra_ZWZ835_WWT836_2022-05-25-a_1121104.0-1122432.0.wav,ZWZ835,uan entonces ne,tetelancingo,,tetelancingo
tetelancingo_nahuatl/audios/speaker1_Tetel_Narra_ZWZ835_WWT836_2022-05-25-a_1125271.0-1133426.0.wav,ZWZ835,"amo quihtoa mox neneh, cuacoueh ocatca ualahcoic uan nepa yeh san tiquitl otlatlapohtoya uan quihtoa onalcalac ocnalitato canah aquin",tetelancingo,,tetelancingo
tetelancingo_nahuatl/audios/speaker1_Tetel_Narra_ZWZ835_WWT836_2022-05-25-a_1134394.0-1138094.0.wav,ZWZ835,ompa uitztoc ich in cama canah yen pollero,tetelancingo,,tetelancingo
tetelancingo_nahuatl/audios/speaker1_Tetel_Narra_ZWZ835_WWT836_2022-05-25-a_1140094.0-1146035.0.wav,ZWZ835,"ompa neneh, onal... quihtoa onaltlatlapoh onaltlachiyato quihtoa yeh amaquin",tetelancingo,,tetelancingo
tetelancingo_nahuatl/audios/speaker1_Tetel_Narra_ZWZ835_WWT836_2022-05-25-a_1147215.0-1151334.0.wav,ZWZ835,ocsipa neneh o... otlatzacu uan mejor yoyah para ne ahcoic,tetelancingo,,tetelancingo
tetelancingo_nahuatl/audios/speaker1_Tetel_Narra_ZWZ835_WWT836_2022-05-25-a_1151978.0-1161662.0.wav,ZWZ835,"ompa uan san naltipitzin, yoehcoc Nestor uan noIvonne, uan mox nen noIvonne quihtoa quihtoa yeh yas para ne ahcoic",tetelancingo,,tetelancingo
tetelancingo_nahuatl/audios/speaker1_Tetel_Narra_ZWZ835_WWT836_2022-05-25-a_1162596.0-1166378.0.wav,ZWZ835,"uan mox quiluia Nestor yo también, este nen yeh mox noyiuqui yas",tetelancingo,,tetelancingo
tetelancingo_nahuatl/audios/speaker1_Tetel_Narra_ZWZ835_WWT836_2022-05-25-a_1167034.0-1174479.0.wav,ZWZ835,uan tons quiluia nen niquiluia momaman quiluia amo teh amo tiyas porque momaman onechualpantzahtzileh uan teh timocauas,tetelancingo,,tetelancingo
tetelancingo_nahuatl/audios/speaker1_Tetel_Narra_ZWZ835_WWT836_2022-05-25-a_1175203.0-1178685.0.wav,ZWZ835,mayoui sa yen Ivonne tlamo ualas momaman mitzcuitlaxtimas,tetelancingo,,tetelancingo
tetelancingo_nahuatl/audios/speaker1_Tetel_Narra_ZWZ835_WWT836_2022-05-25-a_1179475.0-1183657.0.wav,ZWZ835,quihtoa mejor tiyasqueh nouan tiyas titlapiyati uan tlensa nimitzcouilis,tetelancingo,,tetelancingo
tetelancingo_nahuatl/audios/speaker1_Tetel_Narra_ZWZ835_WWT836_2022-05-25-a_1184816.0-1194793.0.wav,ZWZ835,mox tlensa quicouilis tons neneh noIvonne oyah uan quihtoa momaman yeh oquimoneuaya uan nomaman xa oualtimouaya xa quemeh ic ichan notlatzin Asuncion ualtlaniuic oualtimoaya,tetelancingo,,tetelancingo
tetelancingo_nahuatl/audios/speaker1_Tetel_Narra_ZWZ835_WWT836_2022-05-25-a_1195774.0-1205565.0.wav,ZWZ835,"uan entonces neneh oyo... xa oahsic noIvonne calihtic ne ahcoic, uan tla ixtemoa amaquin nesi ocsipa omoualcuiptiquis ualchocatiu ualtzahtzitiu",tetelancingo,,tetelancingo
tetelancingo_nahuatl/audios/speaker1_Tetel_Narra_ZWZ835_WWT836_2022-05-25-a_1214809.0-1218555.0.wav,ZWZ835,xa yi quemeh teh yi achto in quen oticahsico ne ahcoic choca uan choca,tetelancingo,,tetelancingo
tetelancingo_nahuatl/audios/speaker1_Tetel_Narra_ZWZ835_WWT836_2022-05-25-a_1224446.0-1228809.0.wav,ZWZ835,oquilueh tlensa quicouis acmo neneh amo oyah,tetelancingo,,tetelancingo
tetelancingo_nahuatl/audios/speaker1_Tetel_Narra_ZWZ835_WWT836_2022-05-25-a_1242237.0-1248256.0.wav,ZWZ835,"iuan mayoui conetl, quihtoa yeh cuando ooneu cachi oquilcauteu itomen nion se peso ocuicac",tetelancingo,,tetelancingo
tetelancingo_nahuatl/audios/speaker1_Tetel_Narra_ZWZ835_WWT836_2022-05-25-a_1249377.0-1257713.0.wav,ZWZ835,quihtoa tipanotoqueh ne tlaniuic ic ichan abuelitos uan yi quiluia mox amo tlen quicuis oquilueh tlensa quicuis uan tleca amo monactia ich in tienda,tetelancingo,,tetelancingo
tetelancingo_nahuatl/audios/speaker1_Tetel_Narra_ZWZ835_WWT836_2022-05-25-a_1258572.0-1268781.0.wav,ZWZ835,"tons neneh yo... yooneuqueh quiluia quemah pero hasta ichan Jonathan quihtoa, uan quinimilihtiu mox mofiaros canah a... canah amo macniqui Ruth mactlafiaro",tetelancingo,,tetelancingo
tetelancingo_nahuatl/audios/speaker1_Tetel_Narra_ZWZ835_WWT836_2022-05-25-a_1270041.0-1277786.0.wav,ZWZ835,ohcon youeh youeh tlamo quen ocnimileh octzahtzileh Jonathan quiluia xamo quiuilis quicuentahtihtos se neh mox runers tlen itoca,tetelancingo,,tetelancingo
tetelancingo_nahuatl/audios/speaker1_Tetel_Narra_ZWZ835_WWT836_2022-05-25-a_1278721.0-1283912.0.wav,ZWZ835,o remix tleno mox tons ocna... oyah ocualmacaqueh,tetelancingo,,tetelancingo
tetelancingo_nahuatl/audios/speaker1_Tetel_Narra_ZWZ835_WWT836_2022-05-25-a_1284807.0-1288043.0.wav,ZWZ835,ohcon yahtiueh yolictzin yolictzin tlahtlapixtiueh,tetelancingo,,tetelancingo
tetelancingo_nahuatl/audios/speaker1_Tetel_Narra_ZWZ835_WWT836_2022-05-25-a_1289410.0-1296464.0.wav,ZWZ835,uan nepa ichan nen campa momaman omotzacuilico iuan Julieta ompa quihtohtoc mox yi amiqui,tetelancingo,,tetelancingo
tetelancingo_nahuatl/audios/speaker1_Tetel_Narra_ZWZ835_WWT836_2022-05-25-a_1303122.0-1311786.0.wav,ZWZ835,"tons quiluia tla amiqui tons yasqueh iuan isihtzin Julieta, ompa quitlahtlanisqueh atl, oyahqueh",tetelancingo,,tetelancingo
tetelancingo_nahuatl/audios/speaker1_Tetel_Narra_ZWZ835_WWT836_2022-05-25-a_1312046.0-1315900.0.wav,ZWZ835,quinahcototocaqueh oquincauqueh ichcameh ma yaqui... como yi quimateh tlehcoh ne atlautl,tetelancingo,,tetelancingo
tetelancingo_nahuatl/audios/speaker1_Tetel_Narra_ZWZ835_WWT836_2022-05-25-a_1329221.0-1337293.0.wav,ZWZ835,"uan yeh mox nen momaman yeh amo ocsileh xa sa yen nen ocsileh, tons yi neh ohcon yahtiueh yolictzin yolictzin nepa yi ahcotlehcosqueh ic ompa atlautl",tetelancingo,,tetelancingo
tetelancingo_nahuatl/audios/speaker1_Tetel_Narra_ZWZ835_WWT836_2022-05-25-a_1337731.0-1341131.0.wav,ZWZ835,uan quisati nen ueue den helado,tetelancingo,,tetelancingo
tetelancingo_nahuatl/audios/speaker1_Tetel_Narra_ZWZ835_WWT836_2022-05-25-a_1342280.0-1352939.0.wav,ZWZ835,"quisato, ohcon tlatzotzontiu tlatzotzontiu uan tons nen Nestor ye mox ohcon san omotlale, sa tlacactoc uan tons momaman quiluia mox quiniqui helado",tetelancingo,,tetelancingo
tetelancingo_nahuatl/audios/speaker1_Tetel_Narra_ZWZ835_WWT836_2022-05-25-a_1353764.0-1363846.0.wav,ZWZ835,san moquichtohtochoa xa quemeh san pinaui quihtoa mox ticniqui helado aún amo onicualicac peso amo onicualicac nion tleno,tetelancingo,,tetelancingo
tetelancingo_nahuatl/audios/speaker1_Tetel_Narra_ZWZ835_WWT836_2022-05-25-a_1364843.0-1366342.0.wav,ZWZ835,quihtoa nomama yeh quipiya tomen,tetelancingo,,tetelancingo
tetelancingo_nahuatl/audios/speaker1_Tetel_Narra_ZWZ835_WWT836_2022-05-25-a_1367545.0-1376841.0.wav,ZWZ835,"quihtoa nomaman yeh quipiya tomen tla, tla tla nican tla onini calihtic nomaman yeh quemah onechcouihca porque yeh quipiya tomen",tetelancingo,,tetelancingo
tetelancingo_nahuatl/audios/speaker1_Tetel_Narra_ZWZ835_WWT836_2022-05-25-a_1377687.0-1383669.0.wav,ZWZ835,"quihtoa uan queh ocnimileh momaman otimoc tzacuile tlacatl, quiluia xa hasta tepinaute",tetelancingo,,tetelancingo
tetelancingo_nahuatl/audios/speaker1_Tetel_Narra_ZWZ835_WWT836_2022-05-25-a_1384346.0-1393841.0.wav,ZWZ835,"amo quiniquis qui... mactlafiaro pues amo neh, yi quimati canin, canin chanchiua pues neh ualas ocse viaje yi quitlaxtlauilis",tetelancingo,,tetelancingo
tetelancingo_nahuatl/audios/speaker1_Tetel_Narra_ZWZ835_WWT836_2022-05-25-a_1394668.0-1404113.0.wav,ZWZ835,macfiarohto san setzin helado para nen iconeu quiluia uan mox yen Nestor quiluia mox trato maquincoua ome,tetelancingo,,tetelancingo
tetelancingo_nahuatl/audios/speaker1_Tetel_Narra_ZWZ835_WWT836_2022-05-25-a_1404829.0-1407175.0.wav,ZWZ835,se para yehuatl uan se para nen momaman,tetelancingo,,tetelancingo
tetelancingo_nahuatl/audios/speaker1_Tetel_Narra_ZWZ835_WWT836_2022-05-25-a_1407816.0-1416461.0.wav,ZWZ835,"quihtoa porque tlamo yeh quiixitos, tlamo yeh quixitztos tons milauac oquintlahtlan ome ohcon quipipitzohtiu pipitzohtiu",tetelancingo,,tetelancingo
tetelancingo_nahuatl/audios/speaker1_Tetel_Narra_ZWZ835_WWT836_2022-05-25-a_1425760.0-1436461.0.wav,ZWZ835,"mox nen iabuelita Felipahtzin mox ochanchiuaya ualnica no más que acmo catqui, ocsipa teh mox tiquiluia mox se abuelita mox toca Ignacia pero acmo otiquixmat",tetelancingo,,tetelancingo
tetelancingo_nahuatl/audios/speaker1_Tetel_Narra_ZWZ835_WWT836_2022-05-25-a_1444790.0-1447672.0.wav,ZWZ835,quihtoa nen Feli yeh sa quihtohtos yi tiyasqueh yi tiyasqueh,tetelancingo,,tetelancingo
tetelancingo_nahuatl/audios/speaker1_Tetel_Narra_ZWZ835_WWT836_2022-05-25-a_1448399.0-1449708.0.wav,ZWZ835,uan ocse yeh amo,tetelancingo,,tetelancingo
tetelancingo_nahuatl/audios/speaker1_Tetel_Narra_ZWZ835_WWT836_2022-05-25-a_1456883.0-1457774.0.wav,ZWZ835,aquihqueh necateh,tetelancingo,,tetelancingo
tetelancingo_nahuatl/audios/speaker1_Tetel_Narra_ZWZ835_WWT836_2022-05-25-a_1461761.0-1463552.0.wav,ZWZ835,otiquitito niyomomacauqueh,tetelancingo,,tetelancingo
tetelancingo_nahuatl/audios/speaker1_Tetel_Narra_ZWZ835_WWT836_2022-05-25-a_1494758.0-1499077.0.wav,ZWZ835,xa que yi quipiya yi quemeh yi quipiya miac xiuitl xa siquiera otlauiton,tetelancingo,,tetelancingo
tetelancingo_nahuatl/audios/speaker1_Tetel_Narra_ZWZ835_WWT836_2022-05-25-a_1499999.0-1506726.0.wav,ZWZ835,"o tlen, tlenoh ompa tlenoh isqui ompa ocatca mox aquin mox isqui ochanchiuaya ompa non",tetelancingo,,tetelancingo
tetelancingo_nahuatl/audios/speaker1_Tetel_Narra_ZWZ835_WWT836_2022-05-25-a_1523970.0-1533625.0.wav,ZWZ835,"xa quen tehuan no más que como yi tlen tonal, quemeh ich libros sequita mox neh, bueno tehuan mox ich neh libros den cuando otiyayah primaria",tetelancingo,,tetelancingo
tetelancingo_nahuatl/audios/speaker1_Tetel_Narra_ZWZ835_WWT836_2022-05-25-a_1534580.0-1539444.0.wav,ZWZ835,mox otiquitaya mox primeros primeros tlacameh mox oualquisqueh mox de mono,tetelancingo,,tetelancingo
tetelancingo_nahuatl/audios/speaker1_Tetel_Narra_ZWZ835_WWT836_2022-05-25-a_1540402.0-1546638.0.wav,ZWZ835,den mono uan yeh tlen milauac ich in templo sequiluia pues primer primer hombre oyah yen Adan,tetelancingo,,tetelancingo
tetelancingo_nahuatl/audios/speaker1_Tetel_Narra_ZWZ835_WWT836_2022-05-25-a_1547676.0-1562430.0.wav,ZWZ835,uan según uan de ich Adán ompa yo... Dios yoquihtoh pues como isel ahora sí isel isqui nen yolahsis ica non mejor o... oquis oc ahora sí de icostilla ocquixteh siuatl,tetelancingo,,tetelancingo
tetelancingo_nahuatl/audios/speaker1_Tetel_Narra_ZWZ835_WWT836_2022-05-25-a_1563439.0-1565949.0.wav,ZWZ835,uan yeh ich in libro cualihtohtiu ocse cosa,tetelancingo,,tetelancingo
tetelancingo_nahuatl/audios/speaker1_Tetel_Narra_ZWZ835_WWT836_2022-05-25-a_1571810.0-1573238.0.wav,ZWZ835,pues amo ocatca intilmah,tetelancingo,,tetelancingo
tetelancingo_nahuatl/audios/speaker1_Tetel_Narra_ZWZ835_WWT836_2022-05-25-a_1575724.0-1582261.0.wav,ZWZ835,"de hecho, bueno ich in sequita ich i... nen, ich in Biblia sequita",tetelancingo,,tetelancingo
tetelancingo_nahuatl/audios/speaker1_Tetel_Narra_ZWZ835_WWT836_2022-05-25-a_1588066.0-1596830.0.wav,ZWZ835,"sequita, bueno ich nen Biblia sec... tla siuatl amo occuani necah este mox manzana tleno xocotl",tetelancingo,,tetelancingo
tetelancingo_nahuatl/audios/speaker1_Tetel_Narra_ZWZ835_WWT836_2022-05-25-a_1597975.0-1607309.0.wav,ZWZ835,"tla amo occuani oisquia tehuan milauac ahorita otiisquiah titisictiqueh, amo otitlaquemisquiah uan milauac amo setlachiyasquia",tetelancingo,,tetelancingo
tetelancingo_nahuatl/audios/speaker1_Tetel_Narra_ZWZ835_WWT836_2022-05-25-a_1607729.0-1619356.0.wav,ZWZ835,"mota, omotasquia quemeh setlachixtoc pero de milauac yeh amo, amo setlachiyasquia nada más que porque siuatl oquicuah occonvenceroh coatl",tetelancingo,,tetelancingo
tetelancingo_nahuatl/audios/speaker1_Tetel_Narra_ZWZ835_WWT836_2022-05-25-a_1621659.0-1632159.0.wav,ZWZ835,"ahora sí cachi neh octlacamat, oquicuah necah este xocotl uan ocmacac itlacau ica non yo... milauac yo... yopeu mota",tetelancingo,,tetelancingo
tetelancingo_nahuatl/audios/speaker1_Tetel_Narra_ZWZ835_WWT836_2022-05-25-a_1632658.0-1636522.0.wav,ZWZ835,"yopeu tlachiya, yopeu mota pues tleca tihtisictiqueh",tetelancingo,,tetelancingo
tetelancingo_nahuatl/audios/speaker1_Tetel_Narra_ZWZ835_WWT836_2022-05-25-a_1658706.0-1664997.0.wav,ZWZ835,tla quemanian ompa oseisquia tla bueno sec... se... oseyasquia quemeh se ome se o se quesqui,tetelancingo,,tetelancingo
tetelancingo_nahuatl/audios/speaker1_Tetel_Narra_ZWZ835_WWT836_2022-05-25-a_1666077.0-1668713.0.wav,ZWZ835,uan ompa secochis xa tlensa seccahcaquis,tetelancingo,,tetelancingo
tetelancingo_nahuatl/audios/speaker1_Tetel_Narra_ZWZ835_WWT836_2022-05-25-a_1684147.0-1686302.0.wav,ZWZ835,pauitziya nican Yehuala ich in templo,tetelancingo,,tetelancingo
tetelancingo_nahuatl/audios/speaker1_Tetel_Narra_ZWZ835_WWT836_2022-05-25-a_1708280.0-1717134.0.wav,ZWZ835,que quihtoa nican tlacpac nican ic ompa cacalotl ualtlaniuic sa cerca cacalotl ya quesqui xiuitl quipiya xa quemeh se ome yeyi xiuitl quipiya,tetelancingo,,tetelancingo
tetelancingo_nahuatl/audios/speaker1_Tetel_Narra_ZWZ835_WWT836_2022-05-25-a_1719565.0-1727346.0.wav,ZWZ835,"non Jonathan quihtoa Maximino mox ixtambor, non tlen nen difuntito difuntito Fermin ipiluan",tetelancingo,,tetelancingo
tetelancingo_nahuatl/audios/speaker1_Tetel_Narra_ZWZ835_WWT836_2022-05-25-a_1727887.0-1738190.0.wav,ZWZ835,quihtoa mox simi icompic oualaya mox neneh oualcuahcuiya o tleno ocualtaya uan se viaje mox nen ohcon pero ohcon oualaya entre ome o yeye,tetelancingo,,tetelancingo
tetelancingo_nahuatl/audios/speaker1_Tetel_Narra_ZWZ835_WWT836_2022-05-25-a_1738458.0-1748022.0.wav,ZWZ835,"moualyolchicauayah, uan después mox oualah yehuatl non mox Jonathan mox isel quemeh isel quemeh amo oquihtoh aquin quiluis ualas o quenin",tetelancingo,,tetelancingo
tetelancingo_nahuatl/audios/speaker1_Tetel_Narra_ZWZ835_WWT836_2022-05-25-a_1748793.0-1757719.0.wav,ZWZ835,"quihtoa mox icompic canin mox omo... quemeh si fuera aquin ocpantitlan quemeh ocpan..., que si fuera omoxolau pero yeh amo omoxolau que si fuera aquin ocpanixtopeu",tetelancingo,,tetelancingo
tetelancingo_nahuatl/audios/speaker1_Tetel_Narra_ZWZ835_WWT836_2022-05-25-a_1757983.0-1763474.0.wav,ZWZ835,xa yi opeu quitemoa yeh ompa o... ompa ocatca nepa quemeh omo... xa que omopanmimiloh quemeh opilcatoya queni,tetelancingo,,tetelancingo
tetelancingo_nahuatl/audios/speaker1_Tetel_Narra_ZWZ835_WWT836_2022-05-25-a_1768292.0-1777737.0.wav,ZWZ835,"quihtoa Cynthia quinonotza Esmeralda, neneh mox icompic catqui se cueva icompic ne cerca cacalotl hasta ualtlaniuic",tetelancingo,,tetelancingo
tetelancingo_nahuatl/audios/speaker1_Tetel_Narra_ZWZ835_WWT836_2022-05-25-a_1778263.0-1780608.0.wav,ZWZ835,ompa catqui se cueva pero mox quipiya queh puerta,tetelancingo,,tetelancingo
tetelancingo_nahuatl/audios/speaker1_Tetel_Narra_ZWZ835_WWT836_2022-05-25-a_1781452.0-1783425.0.wav,ZWZ835,quihtoa mox queh puerta mox de couitl,tetelancingo,,tetelancingo
tetelancingo_nahuatl/audios/speaker1_Tetel_Narra_ZWZ835_WWT836_2022-05-25-a_1811731.0-1814531.0.wav,ZWZ835,"tlapo, quemeh hasta queh tlamoyontoc que si fuera colmenas",tetelancingo,,tetelancingo
tetelancingo_nahuatl/audios/speaker1_Tetel_Narra_ZWZ835_WWT836_2022-05-25-a_1826620.0-1827629.0.wav,ZWZ835,miac omimeh,tetelancingo,,tetelancingo
tetelancingo_nahuatl/audios/speaker1_Tetel_Narra_ZWZ835_WWT836_2022-05-25-a_1845804.0-1847804.0.wav,ZWZ835,pero amo oquihtoh axan chuueh xinechnextili,tetelancingo,,tetelancingo
tetelancingo_nahuatl/audios/speaker1_Tetel_Narra_ZWZ835_WWT836_2022-05-25-a_1864559.0-1866541.0.wav,ZWZ835,"quihtoa mox tzicuineh, tzicuineh",tetelancingo,,tetelancingo
tetelancingo_nahuatl/audios/speaker1_Tetel_Narra_ZWZ835_WWT836_2022-05-25-a_1866890.0-1867980.0.wav,ZWZ835,amo tzicuineh,tetelancingo,,tetelancingo
tetelancingo_nahuatl/audios/speaker1_Tetel_Narra_ZWZ835_WWT836_2022-05-25-a_1886707.0-1889262.0.wav,ZWZ835,uan quen no tla oxiquitzcaneh se ihuitl y xicualicane,tetelancingo,,tetelancingo
tetelancingo_nahuatl/audios/speaker1_Tetel_Narra_ZWZ835_WWT836_2022-05-25-a_1891059.0-1891650.0.wav,ZWZ835,quemah,tetelancingo,,tetelancingo
tetelancingo_nahuatl/audios/speaker1_Tetel_Narra_ZWZ835_WWT836_2022-05-25-a_1913741.0-1924556.0.wav,ZWZ835,"pero xa quemeh xa san quinuica neh niquihtoa xa por, quemeh tlen motlanochiya o... o tleno xa ompa cauatiueh nen tlensa",tetelancingo,,tetelancingo
tetelancingo_nahuatl/audios/speaker1_Tetel_Narra_ZWZ835_WWT836_2022-05-25-a_1926990.0-1934488.0.wav,ZWZ835,"quihtoa nen ohcon otechnotz xa ohcon yi quipiyas se xiuitl ome xiuitl ohcon, mati canin otitiquitqueh xa ic tlamaco mati canin",tetelancingo,,tetelancingo
tetelancingo_nahuatl/audios/speaker1_Tetel_Narra_ZWZ835_WWT836_2022-05-25-a_1935247.0-1947342.0.wav,ZWZ835,ohcon opeu technonotza Cynthia quihtoa mox quiluia Esmeralda mox simi icompic tlapiya se iprima queni non para nepa tlacuitlapan uan mox se viaje ompa oualahqueh nen mox ichcameh os tlenoh bueno mati ichcameh,tetelancingo,,tetelancingo
tetelancingo_nahuatl/audios/speaker1_Tetel_Narra_ZWZ835_WWT836_2022-05-25-a_1948314.0-1960076.0.wav,ZWZ835,uan quihtoa oualahqueh uan yeh mox iquinualicaue pero neh niquihtoa xa yen xa yen tipetl o quihtoa mox tipechane xa siquiera quinyoltilana tlapiyalmeh quihtoa oualahqueh tlapiyalmeh uan ompa ocalaquico,tetelancingo,,tetelancingo
tetelancingo_nahuatl/audios/speaker1_Tetel_Narra_ZWZ835_WWT836_2022-05-25-a_1961149.0-1968512.0.wav,ZWZ835,ich non mox cueva ompa ocalacqueh uan yeh mox oualaya uan quemeh omotlapoh puerta uan de ocalacqueh ichcameh mox omotzacu,tetelancingo,,tetelancingo
tetelancingo_nahuatl/audios/speaker1_Tetel_Narra_ZWZ835_WWT836_2022-05-25-a_1969261.0-1973279.0.wav,ZWZ835,acmo oualquisqueh quihtoa milauac xa yen tipetl quin...,tetelancingo,,tetelancingo
tetelancingo_nahuatl/audios/speaker1_Tetel_Narra_ZWZ835_WWT836_2022-05-25-a_1991999.0-1995227.0.wav,ZWZ835,xamo yen tehuan tiome uan Adan uan nen Florencia,tetelancingo,,tetelancingo
tetelancingo_nahuatl/audios/speaker1_Tetel_Narra_ZWZ835_WWT836_2022-05-25-a_2006131.0-2012267.0.wav,ZWZ835,es que como tetlalpa semomohtia uan quen cachi secmomohtia quihtoa mox cuacuiltecos amo cualtiqueh,tetelancingo,,tetelancingo
tetelancingo_nahuatl/audios/speaker1_Tetel_Narra_ZWZ835_WWT836_2022-05-25-a_2018663.0-2026994.0.wav,ZWZ835,"pues nen campa oticauacoh quemanian iuan Maximino non otitlehcocah, non cuando, quemah xa quipiya que ome xiuitl non nen",tetelancingo,,tetelancingo
tetelancingo_nahuatl/audios/speaker1_Tetel_Narra_ZWZ835_WWT836_2022-05-25-a_2028822.0-2036568.0.wav,ZWZ835,"campa moualpan, oquitlahtlan non otletlehcoya hasta tlacpac uan quen non tla oticchiuaneh caso cachi otitlehcocah otitlehcocah mox otipauitzcah ich in non mox cueva",tetelancingo,,tetelancingo
tetelancingo_nahuatl/audios/speaker1_Tetel_Narra_ZWZ835_WWT836_2022-05-25-a_2037431.0-2038113.0.wav,ZWZ835,ompa,tetelancingo,,tetelancingo
tetelancingo_nahuatl/audios/speaker1_Tetel_Narra_ZWZ835_WWT836_2022-05-25-a_2056914.0000000002-2058322.9999999998.wav,ZWZ835,pero mox ompa non lado,tetelancingo,,tetelancingo
tetelancingo_nahuatl/audios/speaker1_Tetel_Narra_ZWZ835_WWT836_2022-05-25-a_2061542.0-2062178.0.wav,ZWZ835,nepa ahcoic,tetelancingo,,tetelancingo
tetelancingo_nahuatl/audios/speaker1_Tetel_Narra_ZWZ835_WWT836_2022-05-25-a_2089562.0-2091317.0.wav,ZWZ835,simi oc cocohtoya icorazón,tetelancingo,,tetelancingo
tetelancingo_nahuatl/audios/speaker1_Tetel_Narra_ZWZ835_WWT836_2022-05-25-a_2098154.0-2101509.0.wav,ZWZ835,uan amayic oquihtoaya pues axan neh niyas uan teh ximocaua,tetelancingo,,tetelancingo
tetelancingo_nahuatl/audios/speaker1_Tetel_Narra_ZWZ835_WWT836_2022-05-25-a_2114062.0-2114707.0.wav,ZWZ835,Leobardo,tetelancingo,,tetelancingo
tetelancingo_nahuatl/audios/speaker1_Tetel_Narra_ZWZ835_WWT836_2022-05-25-a_2116369.0-2117787.0.wav,ZWZ835,uan aquin ocmocaueh itonan,tetelancingo,,tetelancingo
tetelancingo_nahuatl/audios/speaker1_Tetel_Narra_ZWZ835_WWT836_2022-05-25-a_2123933.0-2125151.0.wav,ZWZ835,uan aquin ompa oquitac,tetelancingo,,tetelancingo
tetelancingo_nahuatl/audios/speaker1_Tetel_Narra_ZWZ835_WWT836_2022-05-25-a_2180062.0-2181971.0.wav,ZWZ835,xa ocatca tzohtzocotzin itonan queh,tetelancingo,,tetelancingo
tetelancingo_nahuatl/audios/speaker1_Tetel_Narra_ZWZ835_WWT836_2022-05-25-a_2187504.0-2188395.0.wav,ZWZ835,ome tlapoual,tetelancingo,,tetelancingo
tetelancingo_nahuatl/audios/speaker1_Tetel_Narra_ZWZ835_WWT836_2022-05-25-a_2290219.0-2291088.0.wav,ZWZ835,cuaahsiya,tetelancingo,,tetelancingo
tetelancingo_nahuatl/audios/speaker1_Tetel_Narra_ZWZ835_WWT836_2022-05-25-a_2362235.0-2363017.0.wav,ZWZ835,grandes,tetelancingo,,tetelancingo
tetelancingo_nahuatl/audios/speaker1_Tetel_Narra_ZWZ835_WWT836_2022-05-25-a_2369519.0-2370438.0.wav,ZWZ835,amo quimahsis,tetelancingo,,tetelancingo
tetelancingo_nahuatl/audios/speaker1_Tetel_Narra_ZWZ835_WWT836_2022-05-25-a_2403646.0-2410058.0.wav,ZWZ835,"xa yoltoc, quen, quen milauac quen quihtoa quinyoltilana milauac tlapiyalmeh o tlenoh",tetelancingo,,tetelancingo
tetelancingo_nahuatl/audios/speaker1_Tetel_Narra_ZWZ835_WWT836_2022-05-25-a_2412026.0-2416132.0.wav,ZWZ835,"a veces sequihtos yi icompic seyas, uan se isel",tetelancingo,,tetelancingo
tetelancingo_nahuatl/audios/speaker1_Tetel_Narra_ZWZ835_WWT836_2022-05-25-a_2416703.0-2417746.0.wav,ZWZ835,xa ompa semocauas,tetelancingo,,tetelancingo
tetelancingo_nahuatl/audios/speaker1_Tetel_Narra_ZWZ835_WWT836_2022-05-25-a_2448202.0-2456748.0.wav,ZWZ835,"onamomohti, al, quemeh cuando al momento xa amo pero yen después san nicnimilia tla tlenoh aquin ocpasaroani",tetelancingo,,tetelancingo
tetelancingo_nahuatl/audios/speaker1_Tetel_Narra_ZWZ835_WWT836_2022-05-25-a_2466741.0-2467282.0.wav,ZWZ835,pues sí,tetelancingo,,tetelancingo
tetelancingo_nahuatl/audios/speaker1_Tetel_Narra_ZWZ835_WWT836_2022-05-25-a_2469562.0-2471780.0.wav,ZWZ835,ihcuac ueue temohteh ocatca Omitlán,tetelancingo,,tetelancingo
tetelancingo_nahuatl/audios/speaker1_Tetel_Narra_ZWZ835_WWT836_2022-05-25-a_2495965.0-2498848.0.wav,ZWZ835,a veces coconeh youeh in escuela tlenoh sequinmaca,tetelancingo,,tetelancingo
tetelancingo_nahuatl/audios/speaker1_Tetel_Narra_ZWZ835_WWT836_2022-05-25-a_2505089.0-2505901.0.wav,ZWZ835,amo mitzcauaya,tetelancingo,,tetelancingo
tetelancingo_nahuatl/audios/speaker1_Tetel_Narra_ZWZ835_WWT836_2022-05-25-a_2519054.0-2520154.0.wav,ZWZ835,niman oc quemeh,tetelancingo,,tetelancingo
tetelancingo_nahuatl/audios/speaker1_Tetel_Narra_ZWZ835_WWT836_2022-05-25-a_2550806.0-2552912.0.wav,ZWZ835,motzonticon uan moxtololo yo...,tetelancingo,,tetelancingo
tetelancingo_nahuatl/audios/speaker1_Tetel_Narra_ZWZ835_WWT836_2022-05-25-a_2558158.0-2559699.0.wav,ZWZ835,oyah ocanato in tlali,tetelancingo,,tetelancingo
tetelancingo_nahuatl/audios/speaker1_Tetel_Narra_ZWZ835_WWT836_2022-05-25-a_2560687.0-2567177.0.wav,ZWZ835,"uan yeh occhiualtaya yehuatl, xamo occhiualtaya yehuatl macana in tlali, uan amayic oquinic hasta ma yen nepa tlacpac",tetelancingo,,tetelancingo
tetelancingo_nahuatl/audios/speaker1_Tetel_Narra_ZWZ835_WWT836_2022-05-25-a_2567497.0-2580388.0.wav,ZWZ835,"chiualtaya mayoui xiquita non otitiquitito ica in salon uan neh quihtoa amo quihtoa neh Emilio mox yeh yen iitzcuintli, yeh xamona yeh yehuatl ocpanmimiloh nen titl techahsiya",tetelancingo,,tetelancingo
tetelancingo_nahuatl/audios/speaker1_Tetel_Narra_ZWZ835_WWT836_2022-05-25-a_2605508.0-2607220.0.wav,ZWZ835,non san de isiuca,tetelancingo,,tetelancingo
tetelancingo_nahuatl/audios/speaker1_Tetel_Narra_ZWZ835_WWT836_2022-05-25-a_2608102.0-2614726.0.wav,ZWZ835,san cualcan tiquihtoa san opeu tiquiquixquia tiquiquixquia uan san se ueyi rarito nochi hasta ich moxayac,tetelancingo,,tetelancingo
tetelancingo_nahuatl/audios/speaker1_Tetel_Narra_ZWZ835_WWT836_2022-05-25-a_2627311.0-2628347.0.wav,ZWZ835,uan yeh san niman omonacteh,tetelancingo,,tetelancingo
tetelancingo_nahuatl/audios/speaker1_Tetel_Narra_ZWZ835_WWT836_2022-05-25-a_2666167.0-2674595.0.wav,ZWZ835,"yeh xa milauac a veces sequihtoa senintinimi pero a veces mas ihquin tlanestoc o tleno yeh xa ehecatl canin secmo..., secmoixnamictia",tetelancingo,,tetelancingo
tetelancingo_nahuatl/audios/speaker1_Tetel_Narra_ZWZ835_WWT836_2022-05-25-a_2682660.0-2683528.0.wav,ZWZ835,yehuatl ocnamic,tetelancingo,,tetelancingo
tetelancingo_nahuatl/audios/speaker1_Tetel_Narra_ZWZ835_WWT836_2022-05-25-a_2693945.0-2695422.0.wav,ZWZ835,pero non desde cocotzin,tetelancingo,,tetelancingo
tetelancingo_nahuatl/audios/speaker1_Tetel_Narra_ZWZ835_WWT836_2022-05-25-a_2698254.0-2700049.0.wav,ZWZ835,hasta oc ayamo ouiliya o...,tetelancingo,,tetelancingo
tetelancingo_nahuatl/audios/speaker1_Tetel_Narra_ZWZ835_WWT836_2022-05-25-a_2700761.0-2706826.0.wav,ZWZ835,hasta oc ayamo ouiliya o... este onihnimiya nion por omouilanaya oticuicaya templo,tetelancingo,,tetelancingo
tetelancingo_nahuatl/audios/speaker1_Tetel_Narra_ZWZ835_WWT836_2022-05-25-a_2707403.0-2710589.0.wav,ZWZ835,por ich icxiuan ich imauan ich ixayac nochi,tetelancingo,,tetelancingo
tetelancingo_nahuatl/audios/speaker1_Tetel_Narra_ZWZ835_WWT836_2022-05-25-a_2711550.0-2714422.0.wav,ZWZ835,uehueyi sauameh hasta chihchichiltiqueh ocatcah,tetelancingo,,tetelancingo
tetelancingo_nahuatl/audios/speaker1_Tetel_Narra_ZWZ835_WWT836_2022-05-25-a_2753381.0-2756004.0.wav,ZWZ835,"a veces tlanamictl, a veces mohcayotl",tetelancingo,,tetelancingo
tetelancingo_nahuatl/audios/speaker1_Tetel_Narra_ZWZ835_WWT836_2022-05-25-a_2756624.0-2759915.0.wav,ZWZ835,"uan a veces amo semopahtia ohcon panoa, uan panoa",tetelancingo,,tetelancingo
tetelancingo_nahuatl/audios/speaker1_Tetel_Narra_ZWZ835_WWT836_2022-05-25-a_2760937.0-2762350.0.wav,ZWZ835,yeh neneh se...,tetelancingo,,tetelancingo
tetelancingo_nahuatl/audios/speaker1_Tetel_Narra_ZWZ835_WWT836_2022-05-25-a_2763632.0-2764509.0.wav,ZWZ835,yeh se... neneh,tetelancingo,,tetelancingo
tetelancingo_nahuatl/audios/speaker1_Tetel_Narra_ZWZ835_WWT836_2022-05-25-a_2765656.0-2768406.0.wav,ZWZ835,milauac mo... san mosinchiua uan yi peua se...,tetelancingo,,tetelancingo
tetelancingo_nahuatl/audios/speaker2_Tetel_Narr_TTA838_QUZ839_2022-08-08-b_7390.0-13030.0.wav,QUZ839,axan neneh mox uilis tinechnohnotzas,tetelancingo,,tetelancingo
tetelancingo_nahuatl/audios/speaker2_Tetel_Narr_TTA838_QUZ839_2022-08-08-b_14015.0-22105.0.wav,QUZ839,"sobre se queh queh tradición amo, se costumbre de nican toaltepetl de, den timascal",tetelancingo,,tetelancingo
tetelancingo_nahuatl/audios/speaker2_Tetel_Narr_TTA838_QUZ839_2022-08-08-b_39338.0-39913.0.wav,QUZ839,quemah,tetelancingo,,tetelancingo
tetelancingo_nahuatl/audios/speaker2_Tetel_Narr_TTA838_QUZ839_2022-08-08-b_100138.0-100811.0.wav,QUZ839,mox quemah,tetelancingo,,tetelancingo
tetelancingo_nahuatl/audios/speaker2_Tetel_Narr_TTA838_QUZ839_2022-08-08-b_146285.0-148380.0.wav,QUZ839,uan non para ic semo..,tetelancingo,,tetelancingo
tetelancingo_nahuatl/audios/speaker2_Tetel_Narr_TTA838_QUZ839_2022-08-08-b_149662.0-151075.0.wav,QUZ839,semoxiuia para sec...,tetelancingo,,tetelancingo
tetelancingo_nahuatl/audios/speaker2_Tetel_Narr_TTA838_QUZ839_2022-08-08-b_153305.0-155282.0.wav,QUZ839,secmoxinilia campa secniquis,tetelancingo,,tetelancingo
tetelancingo_nahuatl/audios/speaker2_Tetel_Narr_TTA838_QUZ839_2022-08-08-b_183882.0-184572.0.wav,QUZ839,quemah quemah,tetelancingo,,tetelancingo
tetelancingo_nahuatl/audios/speaker2_Tetel_Narr_TTA838_QUZ839_2022-08-08-b_200571.0-201579.0.wav,QUZ839,oquixmatqueh,tetelancingo,,tetelancingo
tetelancingo_nahuatl/audios/speaker2_Tetel_Narr_TTA838_QUZ839_2022-08-08-b_256087.0-256599.0.wav,QUZ839,seueh,tetelancingo,,tetelancingo
tetelancingo_nahuatl/audios/speaker2_Tetel_Narr_TTA838_QUZ839_2022-08-08-b_270759.0-280666.0.wav,QUZ839,depende bueno timascal yeh para ahora sí para tla aquin mococoa de sisic porque timascal totonqui,tetelancingo,,tetelancingo
tetelancingo_nahuatl/audios/speaker2_Tetel_Narr_TTA838_QUZ839_2022-08-08-b_281190.0-292664.0.wav,QUZ839,este uan non uan teh mox tipiya tzocotzin neneh quenin timomaca cuenta quenin quinchihchiuah timascalmeh o quenin oquinchihchiuayah antes,tetelancingo,,tetelancingo
tetelancingo_nahuatl/audios/speaker2_Tetel_Narr_TTA838_QUZ839_2022-08-08-b_293303.0-300146.0.wav,QUZ839,teh mox oc otiquixmat masequihto quemeh ahorita cateh timascalmeh pero xa acmo igual quemeh antes oquinchihchiuayah,tetelancingo,,tetelancingo
tetelancingo_nahuatl/audios/speaker2_Tetel_Narr_TTA838_QUZ839_2022-08-08-b_333455.0-333918.0.wav,QUZ839,quemah,tetelancingo,,tetelancingo
tetelancingo_nahuatl/audios/speaker2_Tetel_Narr_TTA838_QUZ839_2022-08-08-b_414114.0-414870.0.wav,QUZ839,puerta,tetelancingo,,tetelancingo
tetelancingo_nahuatl/audios/speaker2_Tetel_Narr_TTA838_QUZ839_2022-08-08-b_416584.0-417374.0.wav,QUZ839,caltentl,tetelancingo,,tetelancingo
tetelancingo_nahuatl/audios/speaker2_Tetel_Narr_TTA838_QUZ839_2022-08-08-b_425447.0-430726.0.wav,QUZ839,"uan, uan se timascal mox, mox quipiya de quipiyas",tetelancingo,,tetelancingo
tetelancingo_nahuatl/audios/speaker2_Tetel_Narr_TTA838_QUZ839_2022-08-08-b_431663.0-439604.0.wav,QUZ839,imedidas especiales o san cualquier medida de tlaueyi cualtia lo mismo,tetelancingo,,tetelancingo
tetelancingo_nahuatl/audios/speaker2_Tetel_Narr_TTA838_QUZ839_2022-08-08-b_468000.0-469802.0.wav,QUZ839,para amo motzontema ompa,tetelancingo,,tetelancingo
tetelancingo_nahuatl/audios/speaker2_Tetel_Narr_TTA838_QUZ839_2022-08-08-b_495947.0-504728.0.wav,QUZ839,"porque neh niquin... niquimpiya ome nocniuan, uan quihtouah mox yehuan quinchihchiuqueh in timascaluan",tetelancingo,,tetelancingo
tetelancingo_nahuatl/audios/speaker2_Tetel_Narr_TTA838_QUZ839_2022-08-08-b_505947.0-515926.00000000006.wav,QUZ839,pero neh nimomaca cuenta se timascal quipiya imedidas casi casi lo mismo medidas amo quipiya de,tetelancingo,,tetelancingo
tetelancingo_nahuatl/audios/speaker2_Tetel_Narr_TTA838_QUZ839_2022-08-08-b_516976.0-524928.0.wav,QUZ839,amo quipiya isqui tanto simi uehcapan tampoco isqui simi tixcal nil ueyi quipiya de ichiste,tetelancingo,,tetelancingo
tetelancingo_nahuatl/audios/speaker2_Tetel_Narr_TTA838_QUZ839_2022-08-08-b_525618.0-540357.0.wav,QUZ839,uan yehuan quinotzah timascal uan neh mas bien niquita quemeh si fuera baño de vapor porque se diferentes neneh lo que es den vapor itich timascal noual sec... neneh ehpotoctl o vapor quenin sequihtos neneh,tetelancingo,,tetelancingo
tetelancingo_nahuatl/audios/speaker2_Tetel_Narr_TTA838_QUZ839_2022-08-08-b_541225.0-544237.0.wav,QUZ839,"motlasa pero, pero hechuras diferente",tetelancingo,,tetelancingo
tetelancingo_nahuatl/audios/speaker2_Tetel_Narr_TTA838_QUZ839_2022-08-08-b_552861.0-553458.0.wav,QUZ839,pues quemah,tetelancingo,,tetelancingo
tetelancingo_nahuatl/audios/speaker2_Tetel_Narr_TTA838_QUZ839_2022-08-08-b_697576.0-698328.0.wav,QUZ839,quemah quemah,tetelancingo,,tetelancingo
tetelancingo_nahuatl/audios/speaker2_Tetel_Narr_TTA838_QUZ839_2022-08-08-b_727058.0-731817.0.wav,QUZ839,"timascal, quemah porque cosas diferentes uan non neneh",tetelancingo,,tetelancingo
tetelancingo_nahuatl/audios/speaker2_Tetel_Narr_TTA838_QUZ839_2022-08-08-b_732291.0-736343.0.wav,QUZ839,campa motlalia titl campa tlen motlatia couitl,tetelancingo,,tetelancingo
tetelancingo_nahuatl/audios/speaker2_Tetel_Narr_TTA838_QUZ839_2022-08-08-b_737072.0-742671.0.wav,QUZ839,motlalia titl tlen quisilia nochi non ticol cahcocui amo cualquier titl,tetelancingo,,tetelancingo
tetelancingo_nahuatl/audios/speaker2_Tetel_Narr_TTA838_QUZ839_2022-08-08-b_748905.0-750700.0.wav,QUZ839,pero no yeh para in topilonimeh,tetelancingo,,tetelancingo
tetelancingo_nahuatl/audios/speaker2_Tetel_Narr_TTA838_QUZ839_2022-08-08-b_755744.0-756773.0.wav,QUZ839,cacalotitl,tetelancingo,,tetelancingo
tetelancingo_nahuatl/audios/speaker2_Tetel_Narr_TTA838_QUZ839_2022-08-08-b_766400.0-768838.0.wav,QUZ839,tohtoponi uan uilis ompa semococos,tetelancingo,,tetelancingo
tetelancingo_nahuatl/audios/speaker2_Tetel_Narr_TTA838_QUZ839_2022-08-08-b_797985.0-798547.0.wav,QUZ839,uan,tetelancingo,,tetelancingo
tetelancingo_nahuatl/audios/speaker2_Tetel_Narr_TTA838_QUZ839_2022-08-08-b_873566.0-876133.0.wav,QUZ839,porque antes antes,tetelancingo,,tetelancingo
tetelancingo_nahuatl/audios/speaker2_Tetel_Narr_TTA838_QUZ839_2022-08-08-b_877959.0-886905.0.wav,QUZ839,antes oquinpantzacuayah amo ocpantzacuayah ica loza quemeh o cemento ahorita sequita timascal queh ica ya ica colado ya quimpiyah,tetelancingo,,tetelancingo
tetelancingo_nahuatl/audios/speaker2_Tetel_Narr_TTA838_QUZ839_2022-08-08-b_887353.0-889353.0.wav,QUZ839,antes amo ohcon oquinpantzacuayah,tetelancingo,,tetelancingo
tetelancingo_nahuatl/audios/speaker2_Tetel_Narr_TTA838_QUZ839_2022-08-08-b_891999.0-892920.0.wav,QUZ839,tlali,tetelancingo,,tetelancingo
tetelancingo_nahuatl/audios/speaker2_Tetel_Narr_TTA838_QUZ839_2022-08-08-b_909188.0-909897.0.wav,QUZ839,híjole,tetelancingo,,tetelancingo
tetelancingo_nahuatl/audios/speaker2_Tetel_Narr_TTA838_QUZ839_2022-08-08-b_925023.0-925716.0.wav,QUZ839,quemah,tetelancingo,,tetelancingo
tetelancingo_nahuatl/audios/speaker2_Tetel_Narr_TTA838_QUZ839_2022-08-08-b_929503.0-930196.0.wav,QUZ839,acmo,tetelancingo,,tetelancingo
tetelancingo_nahuatl/audios/speaker2_Tetel_Narr_TTA838_QUZ839_2022-08-08-b_947116.0-947736.0.wav,QUZ839,quemah,tetelancingo,,tetelancingo
tetelancingo_nahuatl/audios/speaker2_Tetel_Narr_TTA838_QUZ839_2022-08-08-b_952451.0-953809.0.wav,QUZ839,ah qué cosas,tetelancingo,,tetelancingo
tetelancingo_nahuatl/audios/speaker2_Tetel_Narr_TTA838_QUZ839_2022-08-08-b_963248.0-964153.0.wav,QUZ839,nochi xamo,tetelancingo,,tetelancingo
tetelancingo_nahuatl/audios/speaker2_Tetel_Narr_TTA838_QUZ839_2022-08-08-b_977087.0-983685.0.wav,QUZ839,"uan, uan milauac sectemoa cuando tlaseseya cuando semo..., tiempo sihsic uan semocalaquia ompa",tetelancingo,,tetelancingo
tetelancingo_nahuatl/audios/speaker2_Tetel_Narr_TTA838_QUZ839_2022-08-08-b_984313.0-986240.0.wav,QUZ839,hasta amo secmati mox tlaseseya,tetelancingo,,tetelancingo
tetelancingo_nahuatl/audios/speaker2_Tetel_Narr_TTA838_QUZ839_2022-08-08-b_1010699.0-1011291.0.wav,QUZ839,quemah,tetelancingo,,tetelancingo
tetelancingo_nahuatl/audios/speaker2_Tetel_Narr_TTA838_QUZ839_2022-08-08-b_1040859.9999999999-1046108.0.wav,QUZ839,"uan tlen, tlen tipo de couitl ic cachi mo..., cachi isiuca totoniah in timeh",tetelancingo,,tetelancingo
tetelancingo_nahuatl/audios/speaker2_Tetel_Narr_TTA838_QUZ839_2022-08-08-b_1067232.0-1068313.0.wav,QUZ839,mox quemah,tetelancingo,,tetelancingo
tetelancingo_nahuatl/audios/speaker2_Tetel_Narr_TTA838_QUZ839_2022-08-08-b_1080028.0-1080853.0.wav,QUZ839,mox quemah,tetelancingo,,tetelancingo
tetelancingo_nahuatl/audios/speaker2_Tetel_Narr_TTA838_QUZ839_2022-08-08-b_1092313.0-1097933.0.wav,QUZ839,"antes, antes, bueno uan non timascal después de se queh costumbre",tetelancingo,,tetelancingo
tetelancingo_nahuatl/audios/speaker2_Tetel_Narr_TTA838_QUZ839_2022-08-08-b_1098598.0-1105634.0.wav,QUZ839,"miac quicueh o oquicuiyah porque, porque ompa miac noual pahti gente ich timascal xamo",tetelancingo,,tetelancingo
tetelancingo_nahuatl/audios/speaker2_Tetel_Narr_TTA838_QUZ839_2022-08-08-b_1106401.0-1107605.0.wav,QUZ839,mopahtiah ompa,tetelancingo,,tetelancingo
tetelancingo_nahuatl/audios/speaker2_Tetel_Narr_TTA838_QUZ839_2022-08-08-b_1195006.0-1195656.0.wav,QUZ839,a ver,tetelancingo,,tetelancingo
tetelancingo_nahuatl/audios/speaker2_Tetel_Narr_TTA838_QUZ839_2022-08-08-b_1222459.0-1222992.0.wav,QUZ839,quemah,tetelancingo,,tetelancingo
tetelancingo_nahuatl/audios/speaker2_Tetel_Narr_TTA838_QUZ839_2022-08-08-b_1225306.0-1226087.0.wav,QUZ839,quihtouah no,tetelancingo,,tetelancingo
tetelancingo_nahuatl/audios/speaker2_Tetel_Narr_TTA838_QUZ839_2022-08-08-b_1232116.0-1239532.0.wav,QUZ839,"quihtouah antes tocniuan tlen o..., se tocatl oquintzopilouaya neneh",tetelancingo,,tetelancingo
tetelancingo_nahuatl/audios/speaker2_Tetel_Narr_TTA838_QUZ839_2022-08-08-b_1240634.0-1245627.0.wav,QUZ839,"capoltocatl, neneh no cuali simi cuali timascal para non",tetelancingo,,tetelancingo
tetelancingo_nahuatl/audios/speaker2_Tetel_Narr_TTA838_QUZ839_2022-08-08-b_1266196.0-1266919.0.wav,QUZ839,noual,tetelancingo,,tetelancingo
tetelancingo_nahuatl/audios/speaker2_Tetel_Narr_TTA838_QUZ839_2022-08-08-b_1383211.0-1386437.0.wav,QUZ839,"a ver, tons non timascal simi bueno",tetelancingo,,tetelancingo
tetelancingo_nahuatl/audios/speaker2_Tetel_Narr_TTA838_QUZ839_2022-08-08-b_1387517.0-1391656.0.wav,QUZ839,"simi bueno tons, bueno, qué bueno queh nen ompa neneh",tetelancingo,,tetelancingo
tetelancingo_nahuatl/audios/speaker2_Tetel_Narr_TTA838_QUZ839_2022-08-08-b_1392503.0-1395831.0.wav,QUZ839,nican ich altepetl nican Tetelancingo,tetelancingo,,tetelancingo
tetelancingo_nahuatl/audios/speaker2_Tetel_Narr_TTA838_QUZ839_2022-08-08-b_1396736.0-1399831.0.wav,QUZ839,neneh catqui todavía non costumbre uan,tetelancingo,,tetelancingo
tetelancingo_nahuatl/audios/speaker2_Tetel_Narr_TTA838_QUZ839_2022-08-08-b_1400751.0-1404189.0.wav,QUZ839,ayic maquilcauacan uan xa amo porque simi bueno,tetelancingo,,tetelancingo
tetelancingo_nahuatl/audios/speaker2_Tetel_Narr_TTA838_QUZ839_2022-08-08-b_1412620.0-1420152.0.wav,QUZ839,qué bueno uan neneh pues yotinechnonotz tzocotzin den neneh den timascal,tetelancingo,,tetelancingo
tetelancingo_nahuatl/audios/speaker2_Tetel_Narr_TTA838_QUZ839_2022-08-08-b_1421021.0-1421685.0.wav,QUZ839,este,tetelancingo,,tetelancingo
tetelancingo_nahuatl/audios/speaker2_Tetel_Narr_TTA838_QUZ839_2022-08-08-b_1424255.0-1429007.0.wav,QUZ839,"teh de nican Tetelancingo, quenin mo... quenin mosanto",tetelancingo,,tetelancingo
tetelancingo_nahuatl/audios/speaker2_Tetel_Narr_TTA838_QUZ839_2022-08-08-b_1432788.0-1438306.0.wav,QUZ839,"Marcos Huerta Mendez uan teh originaria de nican Tetelancingo xamo, Zacatlán",tetelancingo,,tetelancingo
tetelancingo_nahuatl/audios/speaker2_Tetel_Narr_TTA838_QUZ839_2022-08-08-b_1441423.0-1446671.0.wav,QUZ839,"quemah pues cuali, qué bueno uan technonotz tzocotzin den timascal",tetelancingo,,tetelancingo
tetelancingo_nahuatl/audios/speaker2_Tetel_Narr_TTA838_QUZ839_2022-08-08-b_1447174.0-1452437.0.wav,QUZ839,"quenin mochihchiua quenin quenic, mochiua, quenin quipiya de isqui, uan para tlen cualtia, qué bueno",tetelancingo,,tetelancingo
tetelancingo_nahuatl/audios/speaker2_Tetel_Narra_ZWZ835_WWT836_2022-05-25-b_3820.0-5300.0.wav,WWT836,uehca quinuica,tetelancingo,,tetelancingo
tetelancingo_nahuatl/audios/speaker2_Tetel_Narra_ZWZ835_WWT836_2022-05-25-b_5680.0-8240.0.wav,WWT836,como nen totolimeh yeh cachi uehca youeh,tetelancingo,,tetelancingo
tetelancingo_nahuatl/audios/speaker2_Tetel_Narra_ZWZ835_WWT836_2022-05-25-b_16170.000000000002-21610.0.wav,WWT836,"amo, amo nicactoc milauac como san sequitztinimi amo sectlalia cuidado",tetelancingo,,tetelancingo
tetelancingo_nahuatl/audios/speaker2_Tetel_Narra_ZWZ835_WWT836_2022-05-25-b_23305.0-26965.0.wav,WWT836,quemanian niquihtohtoc ompa yomic se iihtic tanque omoapachoh,tetelancingo,,tetelancingo
tetelancingo_nahuatl/audios/speaker2_Tetel_Narra_ZWZ835_WWT836_2022-05-25-b_39411.0-48051.0.wav,WWT836,ompa omic ocsipa nen totolin noyiuqui tenanan no ompa opancalaca no ompa omoapachoh pero oehcoqueh telpocameh niman oquitaqueh,tetelancingo,,tetelancingo
tetelancingo_nahuatl/audios/speaker2_Tetel_Narra_ZWZ835_WWT836_2022-05-25-b_49806.0-57456.0.wav,WWT836,xa no ompa omicca quen oc secchiuas yomic mox nah oc secmocuahcualtis sequicuas acmo igual,tetelancingo,,tetelancingo
tetelancingo_nahuatl/audios/speaker2_Tetel_Narra_ZWZ835_WWT836_2022-05-25-b_61853.0-64933.00000000001.wav,WWT836,amo secmati tla quihtohtoqueh tlen xa milauac,tetelancingo,,tetelancingo
tetelancingo_nahuatl/audios/speaker2_Tetel_Narra_ZWZ835_WWT836_2022-05-25-b_71414.0-75944.0.wav,WWT836,pero yeh xa amo ualahtoc nican tla oualani nican yeh yotlaavisarouani,tetelancingo,,tetelancingo
tetelancingo_nahuatl/audios/speaker2_Tetel_Narra_ZWZ835_WWT836_2022-05-25-b_76660.0-77800.0.wav,WWT836,canah san Omitlan,tetelancingo,,tetelancingo
tetelancingo_nahuatl/audios/speaker2_Tetel_Narra_ZWZ835_WWT836_2022-05-25-b_80234.0-81454.0.wav,WWT836,mas seguro,tetelancingo,,tetelancingo
tetelancingo_nahuatl/audios/speaker2_Tetel_Narra_ZWZ835_WWT836_2022-05-25-b_82259.0-85099.0.wav,WWT836,quemah porque tlamo yeh yotechavisarouaneh,tetelancingo,,tetelancingo
tetelancingo_nahuatl/audios/speaker2_Tetel_Narra_ZWZ835_WWT836_2022-05-25-b_92883.0-100953.0.wav,WWT836,acmo otiyayah mas oualayah xiutero pero acmo quemah otiquihtoqueh octiyasqueh otimomohtihqueh otimomohtihqueh tlailiuis,tetelancingo,,tetelancingo
tetelancingo_nahuatl/audios/speaker2_Tetel_Narra_ZWZ835_WWT836_2022-05-25-b_161838.0-165508.0.wav,WWT836,quemah tanto otetlapaqueh tanto otetlepaqueh,tetelancingo,,tetelancingo
tetelancingo_nahuatl/audios/speaker2_Tetel_Narra_ZWZ835_WWT836_2022-05-25-b_178127.0-184097.0.wav,WWT836,lugar mamoenfocaro ich in ipiluan a veces noyiuqui yeh xa quemah tiquiti pero a veces no tontohchiua,tetelancingo,,tetelancingo
tetelancingo_nahuatl/audios/speaker2_Tetel_Narra_ZWZ835_WWT836_2022-05-25-b_186296.0-192206.0.wav,WWT836,tlen amo quihiluia itlauical uan yeh ahorita mas tzocopintzin no yi quiuantihtiu,tetelancingo,,tetelancingo
tetelancingo_nahuatl/audios/speaker2_Tetel_Narra_ZWZ835_WWT836_2022-05-25-b_192924.0-194324.0.wav,WWT836,uantihtiu ocsipa,tetelancingo,,tetelancingo
tetelancingo_nahuatl/audios/speaker2_Tetel_Narra_ZWZ835_WWT836_2022-05-25-b_203914.0-205124.0.wav,WWT836,ah quemah,tetelancingo,,tetelancingo
tetelancingo_nahuatl/audios/speaker2_Tetel_Narra_ZWZ835_WWT836_2022-05-25-b_219827.0-220955.0.wav,WWT836,ah sí,tetelancingo,,tetelancingo
tetelancingo_nahuatl/audios/speaker2_Tetel_Narra_ZWZ835_WWT836_2022-05-25-b_222412.0-234276.0.wav,WWT836,quemah ohcon milauac hasta queh otechchiuayah neh milauac ohcon onechchiuaya ohcon sa yen mox icorazón icorazón pero yeh ay Dios mío nen milauac hasta yoni... yolahsitoya de veras,tetelancingo,,tetelancingo
tetelancingo_nahuatl/audios/speaker2_Tetel_Narra_ZWZ835_WWT836_2022-05-25-b_235434.0-243825.0.wav,WWT836,quen onechchiutoya milauac quen nen amo nen amo ocniquiya yas tiquititiu uan a veces milauac se... sequisa milauac por necesidad,tetelancingo,,tetelancingo
tetelancingo_nahuatl/audios/speaker2_Tetel_Narra_ZWZ835_WWT836_2022-05-25-b_254663.0-255899.0.wav,WWT836,ah sí,tetelancingo,,tetelancingo
tetelancingo_nahuatl/audios/speaker2_Tetel_Narra_ZWZ835_WWT836_2022-05-25-b_258029.99999999997-259212.0.wav,WWT836,ah pues sí,tetelancingo,,tetelancingo
tetelancingo_nahuatl/audios/speaker2_Tetel_Narra_ZWZ835_WWT836_2022-05-25-b_279272.0-280563.0.wav,WWT836,ocho años,tetelancingo,,tetelancingo
tetelancingo_nahuatl/audios/speaker2_Tetel_Narra_ZWZ835_WWT836_2022-05-25-b_281866.0-283366.0.wav,WWT836,yi chi... yi chicauac,tetelancingo,,tetelancingo
tetelancingo_nahuatl/audios/speaker2_Tetel_Narra_ZWZ835_WWT836_2022-05-25-b_351163.0-352405.0.wav,WWT836,xa quemah,tetelancingo,,tetelancingo
tetelancingo_nahuatl/audios/speaker2_Tetel_Narra_ZWZ835_WWT836_2022-05-25-b_357170.0-360837.0.wav,WWT836,nochi de trapo uilica oyayah quintlapactiueh hasta atentl,tetelancingo,,tetelancingo
tetelancingo_nahuatl/audios/speaker2_Tetel_Narra_ZWZ835_WWT836_2022-05-25-b_457274.0-458681.0.wav,WWT836,ah pues sí,tetelancingo,,tetelancingo
tetelancingo_nahuatl/audios/speaker2_Tetel_Narra_ZWZ835_WWT836_2022-05-25-b_459730.0-460722.0.wav,WWT836,ah pues sí,tetelancingo,,tetelancingo
tetelancingo_nahuatl/audios/speaker2_Tetel_Narra_ZWZ835_WWT836_2022-05-25-b_474365.0-476357.0.wav,WWT836,acmo tlen cuali acmo cuali quichiuah,tetelancingo,,tetelancingo
tetelancingo_nahuatl/audios/speaker2_Tetel_Narra_ZWZ835_WWT836_2022-05-25-b_485617.0-486609.0.wav,WWT836,xa quemah,tetelancingo,,tetelancingo
tetelancingo_nahuatl/audios/speaker2_Tetel_Narra_ZWZ835_WWT836_2022-05-25-b_489299.0-490086.0.wav,WWT836,a poco,tetelancingo,,tetelancingo
tetelancingo_nahuatl/audios/speaker2_Tetel_Narra_ZWZ835_WWT836_2022-05-25-b_499628.0-501040.0.wav,WWT836,híjoles,tetelancingo,,tetelancingo
tetelancingo_nahuatl/audios/speaker2_Tetel_Narra_ZWZ835_WWT836_2022-05-25-b_503861.0-506402.0.wav,WWT836,ah sí uan axan quimacah tomah sa yen momaman,tetelancingo,,tetelancingo
tetelancingo_nahuatl/audios/speaker2_Tetel_Narra_ZWZ835_WWT836_2022-05-25-b_512292.00000000006-513216.0.wav,WWT836,xa quemah,tetelancingo,,tetelancingo
tetelancingo_nahuatl/audios/speaker2_Tetel_Narra_ZWZ835_WWT836_2022-05-25-b_515712.0-516967.99999999994.wav,WWT836,"pero momama, yeh quemah",tetelancingo,,tetelancingo
tetelancingo_nahuatl/audios/speaker2_Tetel_Narra_ZWZ835_WWT836_2022-05-25-b_518150.0-522693.99999999994.wav,WWT836,ah pues si san quita quen sesufriroa milauac inuan tehuan que se tenanan milauac,tetelancingo,,tetelancingo
tetelancingo_nahuatl/audios/speaker2_Tetel_Narra_ZWZ835_WWT836_2022-05-25-b_523243.00000000006-525493.0.wav,WWT836,mas a veces tehuan amo masequicua,tetelancingo,,tetelancingo
tetelancingo_nahuatl/audios/speaker2_Tetel_Narra_ZWZ835_WWT836_2022-05-25-b_526117.0-532323.0.wav,WWT836,pero con tal yehuan macuicacan nen milauac ohcon a veces cuando milauac amo nicpiya san siquiera san para yehuan,tetelancingo,,tetelancingo
tetelancingo_nahuatl/audios/speaker2_Tetel_Narra_ZWZ835_WWT836_2022-05-25-b_532758.0-539789.0.wav,WWT836,niccoua nen se medio de huevo uan nen nicchihchiua tlanah mas ica jamón o ica calabacitas tlenoh,tetelancingo,,tetelancingo
tetelancingo_nahuatl/audios/speaker2_Tetel_Narra_ZWZ835_WWT836_2022-05-25-b_540200.0-545125.0.wav,WWT836,nichihchiua uan niquintoctia como axan ocsipa yi yeyen youeh in escuela,tetelancingo,,tetelancingo
tetelancingo_nahuatl/audios/speaker2_Tetel_Narra_ZWZ835_WWT836_2022-05-25-b_555055.0-561724.0.wav,WWT836,neh mas tlen ya uili mas ica istatl neh nitlacuas pero namehuan amo nicniqui xisufrirocan xicvalorarocan noyohqui,tetelancingo,,tetelancingo
tetelancingo_nahuatl/audios/speaker2_Tetel_Narra_ZWZ835_WWT836_2022-05-25-b_562240.0-570971.0.wav,WWT836,uan de verdad xiquecharuilican ganas amo yeh sa yen nen yeh nicuicah namotlaxcal yeh nicuicah nomogasto uan todavía mas se parte,tetelancingo,,tetelancingo
tetelancingo_nahuatl/audios/speaker2_Tetel_Narra_ZWZ835_WWT836_2022-05-25-b_571889.0-583262.0.wav,WWT836,"amo tlatlacamateh pues quemah secualantos ica non ohcon, ahorita pues ahorita yoniyahcan yalua ocsipa axan niquinmiluia axan diario niquinmitztos diario niquinmitztos mas acmo uehca poliui nen para",tetelancingo,,tetelancingo
tetelancingo_nahuatl/audios/speaker2_Tetel_Narra_ZWZ835_WWT836_2022-05-25-b_583568.0-592723.0.wav,WWT836,nimomacauasqueh pero niquinmiluia diario nimechitztos diario porque onimechsincau quizás a veces no nicregaroh onicregaroh noyohqui nimo... queh oniquindescuidaroh,tetelancingo,,tetelancingo
tetelancingo_nahuatl/audios/speaker2_Tetel_Narra_ZWZ835_WWT836_2022-05-25-b_593481.0-603173.0.wav,WWT836,se tiempo porque amo secpiya tiempo amo secpiya tiempo uan milauac secnesesitaroa milauac queh sequisas setematlanis nehnesi tiquitl,tetelancingo,,tetelancingo
tetelancingo_nahuatl/audios/speaker2_Tetel_Narra_ZWZ835_WWT836_2022-05-25-b_603450.0-609891.0.wav,WWT836,pues ohcon ompa yi semoapoyarohtiu mas tzocopintzin a veces amo cah secniquisquiaya aquin masecmaca tiquitl pero amo se...,tetelancingo,,tetelancingo
tetelancingo_nahuatl/audios/speaker2_Tetel_Narra_ZWZ835_WWT836_2022-05-25-b_611667.0-619659.0.wav,WWT836,pero amaquin tiquiti uan ahorita niquinmiluia ahorita xiquecharuilican ganas tla nimehuan nanquitlaliah cuidado se bien para nimehuan,tetelancingo,,tetelancingo
tetelancingo_nahuatl/audios/speaker2_Tetel_Narra_ZWZ835_WWT836_2022-05-25-b_635351.0-638276.0.wav,WWT836,amo quiniqui quiecharuilis ganas nehuatl a veces,tetelancingo,,tetelancingo
tetelancingo_nahuatl/audios/speaker2_Tetel_Narra_ZWZ835_WWT836_2022-05-25-b_639296.0-649496.0.wav,WWT836,ye nehuatl nican nichoca a ver tlenoh nimechcamaquiltis tlenoh nimechtoctis namotlaxcal uan max nanquiniqueh non ejemplo tlen mechnextilihtoc namotata pues amo quizás,tetelancingo,,tetelancingo
tetelancingo_nahuatl/audios/speaker2_Tetel_Narra_ZWZ835_WWT836_2022-05-25-b_649972.0-664739.0.wav,WWT836,tlen yeh ohcon quichiua uan ohcon nechtrataroa uan pues neh amo canah porque nechcualania uan de plano amo nicmacas se taco pues neh milauac nicchiua por milauac quihtoa san por respeto de como se y milauac se ipareja uan noyohqui,tetelancingo,,tetelancingo
tetelancingo_nahuatl/audios/speaker2_Tetel_Narra_ZWZ835_WWT836_2022-05-25-b_664840.0-670290.0.wav,WWT836,tetatah de se ipiluan pues milauac de plano nepa nicmilauac,tetelancingo,,tetelancingo
tetelancingo_nahuatl/audios/speaker2_Tetel_Narra_ZWZ835_WWT836_2022-05-25-b_672968.0-680068.0.wav,WWT836,pues amo tons ica non neh niquiluia amo niquiluia amo satepan canah nechixiluisqueh,tetelancingo,,tetelancingo
tetelancingo_nahuatl/audios/speaker2_Tetel_Narra_ZWZ835_WWT836_2022-05-25-b_680539.0-686881.0.wav,WWT836,pues nopapan yeh otocon... bueno quizás amo otiquitiya pero amo o... otoconsincau amo otoconmacac se taco niquiluia,tetelancingo,,tetelancingo
tetelancingo_nahuatl/audios/speaker2_Tetel_Narra_ZWZ835_WWT836_2022-05-25-b_687516.0-696000.0.wav,WWT836,niquiluia xiquitacan mas a veces nechcualania quenin nicahua milauac queh conetl pero niquiluia amo ye non ejemplo xicanacan xiquecharuilican ganas,tetelancingo,,tetelancingo
tetelancingo_nahuatl/audios/speaker2_Tetel_Narra_ZWZ835_WWT836_2022-05-25-b_696376.0-707999.0.wav,WWT836,amo ximofijarocan ich in nimotatah nimehuan tons niquihtosqueh nijuzgarosqueh el día de mañana nimotatah pues amo nimehuan amaquin nimehuan para nicjuzgarohtosqueh si milauac nimoteiscaltihca,tetelancingo,,tetelancingo
tetelancingo_nahuatl/audios/speaker2_Tetel_Narra_ZWZ835_WWT836_2022-05-25-b_708109.0-721743.0.wav,WWT836,tehuan nimehuan xiquecharuilican ganas uan nanlucharosqueh porque el día de mañana nicahsisqueh nimofamilia nimehuan uan tiquipanosqueh o aquin yeh ualas uan mechtiquipanos o nehuatl todavía nimechtiquipanohtos pues acmo yeh ahorita,tetelancingo,,tetelancingo
tetelancingo_nahuatl/audios/speaker2_Tetel_Narra_ZWZ835_WWT836_2022-05-25-b_729844.0-737302.0.wav,WWT836,uan yeh después nimehuan nicmateh tla amo niquecharuiliah ganas amo satepan nanquihtohtosqueh tleca amo otitechonapoyaroh tleca,tetelancingo,,tetelancingo
tetelancingo_nahuatl/audios/speaker2_Tetel_Narra_ZWZ835_WWT836_2022-05-25-b_737783.0-738649.0.wav,WWT836,quenin,tetelancingo,,tetelancingo
tetelancingo_nahuatl/audios/speaker2_Tetel_Narra_ZWZ835_WWT836_2022-05-25-b_743698.0-747156.0.wav,WWT836,satepan secquixiluiah queni uan pues yehuan milauac,tetelancingo,,tetelancingo
tetelancingo_nahuatl/audios/speaker2_Tetel_Narra_ZWZ835_WWT836_2022-05-25-b_747780.0-752330.0.wav,WWT836,yeh quemah ocniquiya calaquis pero no más como oquitaqueh medio san traviesahtic,tetelancingo,,tetelancingo
tetelancingo_nahuatl/audios/speaker2_Tetel_Narra_ZWZ835_WWT836_2022-05-25-b_753706.0-762822.0.wav,WWT836,queh ahorita iichpocau nen milauac san trahtraviesahtic tons quiluiah amo san nepa nen mostla uiptla quicaquisqueh ya acmo isel,tetelancingo,,tetelancingo
tetelancingo_nahuatl/audios/speaker2_Tetel_Narra_ZWZ835_WWT836_2022-05-25-b_763233.0-770676.0.wav,WWT836,yoquembarazarohqueh pues amo quihtoah amo porque tlenoh temohteh valeroa estudio uan amo quiecharuilia ganas san neh,tetelancingo,,tetelancingo
tetelancingo_nahuatl/audios/speaker2_Tetel_Narra_ZWZ835_WWT836_2022-05-25-b_771290.0-779904.0.wav,WWT836,pues quemah ich in icalificaciones pues mas o menos pero a veces ye nen milauac mosinchiuah ya iuan iamigas temohteh nepa neneh,tetelancingo,,tetelancingo
tetelancingo_nahuatl/audios/speaker2_Tetel_Narra_ZWZ835_WWT836_2022-05-25-b_780477.0-786617.0.wav,WWT836,tlehcoh timoah ohcon nintinimeh o a veces ocmatiya quenin quemeh bailes,tetelancingo,,tetelancingo
tetelancingo_nahuatl/audios/speaker2_Tetel_Narra_ZWZ835_WWT836_2022-05-25-b_786924.0-793133.0.wav,WWT836,"ohcon nen oyayah milauac mas, mas ichpocatl quenin trato yoyah",tetelancingo,,tetelancingo
tetelancingo_nahuatl/audios/speaker2_Tetel_Narra_ZWZ835_WWT836_2022-05-25-b_795210.0-798064.0.wav,WWT836,"yen Rita, Rita uan nen ma...",tetelancingo,,tetelancingo
tetelancingo_nahuatl/audios/speaker2_Tetel_Narra_ZWZ835_WWT836_2022-05-25-b_798951.0-803142.0.wav,WWT836,"Trinidad, yen nen Aida, Aida Bonilla",tetelancingo,,tetelancingo
tetelancingo_nahuatl/audios/speaker2_Tetel_Narra_ZWZ835_WWT836_2022-05-25-b_804012.0-812775.0.wav,WWT836,yehuan simi omoamigahchiuayah uan pues tons ica non amo ocnicqueh quiluiah amo tla quiniqui estudiaros yeh maquimita tlapiyalmeh ohcon,tetelancingo,,tetelancingo
tetelancingo_nahuatl/audios/speaker2_Tetel_Narra_ZWZ835_WWT836_2022-05-25-b_813137.0-823220.0.wav,WWT836,pues amo no ocnicqueh axan cuando tehuan otiquisatoh secundaria nehuatl uan Maximino milauac otechiluayah yeh milauac otechiluayah quihtoah namestudiarosqueh timechmacasqueh estudio,tetelancingo,,tetelancingo
tetelancingo_nahuatl/audios/speaker2_Tetel_Narra_ZWZ835_WWT836_2022-05-25-b_823220.0-838499.0.wav,WWT836,pero Dios mío ohcon tehuan san otiquitayah nomaman no a veces nen amo nopapan pues quemah oyayah tiquititiu pero amo xiquihto quemeh ahorita ahorita milauac nen milauac niquihtoa axan mox no yi quiecharuilihtoc ganas nopapan no yi uitz sa tlacolohtiuitziqui uan yoyah,tetelancingo,,tetelancingo
tetelancingo_nahuatl/audios/speaker2_Tetel_Narra_ZWZ835_WWT836_2022-05-25-b_838927.0-846809.0.wav,WWT836,pero tlen caso quipiya non cuando ahorita cuando yi quiecharuilihtoc ganas cuando tehuan acmaquin este estudiaroa o quenin,tetelancingo,,tetelancingo
tetelancingo_nahuatl/audios/speaker2_Tetel_Narra_ZWZ835_WWT836_2022-05-25-b_846981.0-854617.0.wav,WWT836,milauauc ihcuac oc oquixmatiya cachi in tlayil otlauanayah oualayah oualayah mas cualica mas se quexquitzi quihtos,tetelancingo,,tetelancingo
tetelancingo_nahuatl/audios/speaker2_Tetel_Narra_ZWZ835_WWT836_2022-05-25-b_854698.0-868984.0.wav,WWT836,chuueh maticoniteh se tocerveza milauac mas iuan nomaman oyayah oqui... oconayah cerveza yeh ohcon pues de veras milauac nepa tlahtlauanah se viaje milauac niquilnamictoc,tetelancingo,,tetelancingo
tetelancingo_nahuatl/audios/speaker2_Tetel_Narra_ZWZ835_WWT836_2022-05-25-b_869507.0-886378.0.wav,WWT836,ohcon omotlahtlauantihqueh uan satepan yi tlayoua yomocualanihqueh omihixtopeuqueh cuali niquilnamictoc onicatca nen ohcon neh niquilnamictoc milauac quihtoa yi se ueyi quenin neneh oquixtopeuqueh nopapan pues omocuatiuito ocuatlapan omocuatlapan milauac icuixcochco,tetelancingo,,tetelancingo
tetelancingo_nahuatl/audios/speaker2_Tetel_Narra_ZWZ835_WWT836_2022-05-25-b_886782.0-897842.0.wav,WWT836,tos ica non milauac niquiluia quen nonmochiuah uan yeh ohcon noconiqueh techonmacasqueh estudio este tlenoh estudio tehuan amo tiestudiarosqueh porque la verdad tiquitah in apoyo amo milauac,tetelancingo,,tetelancingo
tetelancingo_nahuatl/audios/speaker2_Tetel_Narra_ZWZ835_WWT836_2022-05-25-b_897909.0-904849.0.wav,WWT836,axan techonmacasqueh quexquitzin nen ich in escuela uan nen a veces quitlahtlaneh tomen quenin,tetelancingo,,tetelancingo
tetelancingo_nahuatl/audios/speaker2_Tetel_Narra_ZWZ835_WWT836_2022-05-25-b_905158.0-918618.0.wav,WWT836,uan neh milauac neh niyecquihtos nen sequihtos milauac onechpacteh onechpacteh estudio amo porque amo milauac buenas calificaciones onic... queh niquihtos oniquistaya milauac quemeh nen ah nen ich in nen segundo de secundaria oniquiya niquisas,tetelancingo,,tetelancingo
tetelancingo_nahuatl/audios/speaker2_Tetel_Narra_ZWZ835_WWT836_2022-05-25-b_932948.0-941808.0.wav,WWT836,xa yi quemeh axan se ipiluan a veces cuando quitasqueh calaquitiueh milauac quitah semoyecnonotztoc mox no pahpaqueh hasta mauiltiah,tetelancingo,,tetelancingo
tetelancingo_nahuatl/audios/speaker2_Tetel_Narra_ZWZ835_WWT836_2022-05-25-b_942018.0-952348.0.wav,WWT836,uan cuando milauac cuando xa no se quemeh semocualaniya quenin amo semonohnotza mopreocuparoah uan noyohco quitah milauac no san quichiua in desastre amo no oc sectlacamateh,tetelancingo,,tetelancingo
tetelancingo_nahuatl/audios/speaker2_Tetel_Narra_ZWZ835_WWT836_2022-05-25-b_953207.0-965880.0.wav,WWT836,tos ica non amo oticnecqueh oc otiestudiarohqueh ohcon pues ocualan quihtoa temohteh tehuan tiomen uan oquiniquiya techmacasqueh estudio uan yeh isel amo ocnicqueh ocmacaqueh estudio yehuatl temohteh icoraje,tetelancingo,,tetelancingo
tetelancingo_nahuatl/audios/speaker2_Tetel_Narra_ZWZ835_WWT836_2022-05-25-b_967335.0-975516.0.wav,WWT836,simi ocualan yeh satepan mox tel quihtohtinimi mox ica neneh cuacoue quenin oquiscalteh yeh milauac omic inanan nen,tetelancingo,,tetelancingo
tetelancingo_nahuatl/audios/speaker2_Tetel_Narra_ZWZ835_WWT836_2022-05-25-b_976117.0-983390.0.wav,WWT836,omic o ocnamacaqueh acmo niquilnamiqui mati xa mona yehuatl onanquisaya tlapiyal milauac occauteu ocnamacaqueh uan yeh omocau becerrohtzin,tetelancingo,,tetelancingo
tetelancingo_nahuatl/audios/speaker2_Tetel_Narra_ZWZ835_WWT836_2022-05-25-b_994435.0-1003226.0.wav,WWT836,milauac ohcon hasta otechahquitztlatiuaya milauac otechuihuitzitaya uan milauac como oc secpixtoc mamila pues se milauac ompa secpamolatoc,tetelancingo,,tetelancingo
tetelancingo_nahuatl/audios/speaker2_Tetel_Narra_ZWZ835_WWT836_2022-05-25-b_1007589.0-1008635.0.wav,WWT836,mihtotihtoc,tetelancingo,,tetelancingo
tetelancingo_nahuatl/audios/speaker2_Tetel_Narra_ZWZ835_WWT836_2022-05-25-b_1013571.0-1021026.0.wav,WWT836,"quimatoqueh xa ohcon milauac yeh, yeh sectihtitlaneh milauac se viaje niquilnamictoc o mox opeu cachi ueyi becerro",tetelancingo,,tetelancingo
tetelancingo_nahuatl/audios/speaker2_Tetel_Narra_ZWZ835_WWT836_2022-05-25-b_1021435.0-1033808.0.wav,WWT836,cuando onichichitilteh cuando nis hasta quemeh motihtitlani chichi paqui onechahquitztlatiueh uan onimotzintiuito milauac ich in titl hay milauac sa oniccauileh mamila ompa nepa quicuiptinimi mamila,tetelancingo,,tetelancingo
tetelancingo_nahuatl/audios/speaker2_Tetel_Narra_ZWZ835_WWT836_2022-05-25-b_1034180.0000000001-1045416.9999999999.wav,WWT836,"pero hasta quimanosearoa quenin nen este, este ohcon neneh para mox quimatoc queuas xa mamila ocsipa onimoquitzteu yolic",tetelancingo,,tetelancingo
tetelancingo_nahuatl/audios/speaker2_Tetel_Narra_ZWZ835_WWT836_2022-05-25-b_1045554.0000000001-1058644.0.wav,WWT836,ohcon onicanqui uan opeu nichichitiltia ohcon pero ahí niquitac queh amo nipiya fuerza como milauac secciutiya de tanto motihtitlantoc sa nicuilaya ohcon pero yeh milauac se viaje mox quihtoa mox no ohcon oquichiu,tetelancingo,,tetelancingo
tetelancingo_nahuatl/audios/speaker2_Tetel_Narra_ZWZ835_WWT836_2022-05-25-b_1058871.0-1065626.0.wav,WWT836,yehuatl temohteh quihtoa ompa yocanqui cocolistl quenin uan yeh aún así amo ocmacaqueh iherencia,tetelancingo,,tetelancingo
tetelancingo_nahuatl/audios/speaker2_Tetel_Narra_ZWZ835_WWT836_2022-05-25-b_1078663.0-1088308.0.wav,WWT836,yeh ohcon pues amo sec... milauac quen cuando amo sectlalis cuidado quenin noyohqui milauac o mas sequihtoa mas se conetl pero,tetelancingo,,tetelancingo
tetelancingo_nahuatl/audios/speaker2_Tetel_Narra_ZWZ835_WWT836_2022-05-25-b_1088599.0-1099471.0.wav,WWT836,quipiya para sectlalis cuidado masecvaloraro no igual tlenoh sequisas secsufriroa tlen quisufriroah cachi quivaloraroah uan tlen quinmacatoqueh cachi yehuatl quivaleroa,tetelancingo,,tetelancingo
tetelancingo_nahuatl/audios/speaker2_Tetel_Narra_ZWZ835_WWT836_2022-05-25-b_1102117.0-1103144.0.wav,WWT836,yeh ohcon,tetelancingo,,tetelancingo
tetelancingo_nahuatl/audios/speaker2_Tetel_Narra_ZWZ835_WWT836_2022-05-25-b_1149526.0-1152398.0.wav,WWT836,Ulises tlen iuan oyah Zenaida mox,tetelancingo,,tetelancingo
tetelancingo_nahuatl/audios/speaker2_Tetel_Narra_ZWZ835_WWT836_2022-05-25-b_1194608.0-1195671.0.wav,WWT836,sí sí sí,tetelancingo,,tetelancingo
tetelancingo_nahuatl/audios/speaker2_Tetel_Narra_ZWZ835_WWT836_2022-05-25-b_1229089.0-1230317.0.wav,WWT836,setlacuas,tetelancingo,,tetelancingo
tetelancingo_nahuatl/audios/speaker2_Tetel_Narra_ZWZ835_WWT836_2022-05-25-b_1276326.0-1277017.0.wav,WWT836,quemah,tetelancingo,,tetelancingo
tetelancingo_nahuatl/audios/speaker2_Tetel_Narra_ZWZ835_WWT836_2022-05-25-b_1290126.0-1291317.0.wav,WWT836,noviohtinimi,tetelancingo,,tetelancingo
tetelancingo_nahuatl/audios/speaker2_Tetel_Narra_ZWZ835_WWT836_2022-05-25-b_1300017.0-1300926.0.wav,WWT836,quemah,tetelancingo,,tetelancingo
tetelancingo_nahuatl/audios/speaker2_Tetel_Narra_ZWZ835_WWT836_2022-05-25-b_1305235.0-1306881.0.wav,WWT836,este Antonio mati,tetelancingo,,tetelancingo
tetelancingo_nahuatl/audios/speaker2_Tetel_Narra_ZWZ835_WWT836_2022-05-25-b_1323135.0-1323926.0.wav,WWT836,quemah,tetelancingo,,tetelancingo
tetelancingo_nahuatl/audios/speaker2_Tetel_Narra_ZWZ835_WWT836_2022-05-25-b_1332126.0-1333963.0.wav,WWT836,tons non oyayah por interés,tetelancingo,,tetelancingo
tetelancingo_nahuatl/audios/speaker2_Tetel_Narra_ZWZ835_WWT836_2022-05-25-b_1350117.0-1351289.0.wav,WWT836,piya conetl,tetelancingo,,tetelancingo
tetelancingo_nahuatl/audios/speaker2_Tetel_Narra_ZWZ835_WWT836_2022-05-25-b_1354553.0-1355762.0.wav,WWT836,a poco,tetelancingo,,tetelancingo
tetelancingo_nahuatl/audios/speaker2_Tetel_Narra_ZWZ835_WWT836_2022-05-25-b_1365044.0-1366517.0.wav,WWT836,mox quemah,tetelancingo,,tetelancingo
tetelancingo_nahuatl/audios/speaker2_Tetel_Narra_ZWZ835_WWT836_2022-05-25-b_1372380.0-1373680.0.wav,WWT836,ay Dios,tetelancingo,,tetelancingo
tetelancingo_nahuatl/audios/speaker2_Tetel_Narra_ZWZ835_WWT836_2022-05-25-b_1379907.0-1381253.0.wav,WWT836,a poco,tetelancingo,,tetelancingo
tetelancingo_nahuatl/audios/speaker2_Tetel_Narra_ZWZ835_WWT836_2022-05-25-b_1405635.0-1406644.0.wav,WWT836,acmo igual,tetelancingo,,tetelancingo
tetelancingo_nahuatl/audios/speaker2_Tetel_Narra_ZWZ835_WWT836_2022-05-25-b_1408071.0-1409762.0.wav,WWT836,ah sí,tetelancingo,,tetelancingo
tetelancingo_nahuatl/audios/speaker2_Tetel_Narra_ZWZ835_WWT836_2022-05-25-b_1416934.0-1418098.0.wav,WWT836,amo quipiyah,tetelancingo,,tetelancingo
tetelancingo_nahuatl/audios/speaker2_Tetel_Narra_ZWZ835_WWT836_2022-05-25-b_1442562.0-1447253.0.wav,WWT836,híjoles tons non tomen san ohcon ompa opoliu,tetelancingo,,tetelancingo
tetelancingo_nahuatl/audios/speaker2_Tetel_Narra_ZWZ835_WWT836_2022-05-25-b_1492868.0-1493529.0.wav,WWT836,quemah,tetelancingo,,tetelancingo
tetelancingo_nahuatl/audios/speaker2_Tetel_Narra_ZWZ835_WWT836_2022-05-25-b_1497637.0-1499037.0.wav,WWT836,ocse persona acah,tetelancingo,,tetelancingo
tetelancingo_nahuatl/audios/speaker2_Tetel_Narra_ZWZ835_WWT836_2022-05-25-b_1505260.0-1511914.0.wav,WWT836,pues yeh xa como pues ahorita no igual ica pues xa ahorita xa cuali tiquitoc Genoveva xa,tetelancingo,,tetelancingo
tetelancingo_nahuatl/audios/speaker2_Tetel_Narra_ZWZ835_WWT836_2022-05-25-b_1513022.0-1515245.0.wav,WWT836,xa ompa Zacatlan tiquiti o canin,tetelancingo,,tetelancingo
tetelancingo_nahuatl/audios/speaker2_Tetel_Narra_ZWZ835_WWT836_2022-05-25-b_1527353.0-1528089.0.wav,WWT836,amo,tetelancingo,,tetelancingo
tetelancingo_nahuatl/audios/speaker2_Tetel_Narra_ZWZ835_WWT836_2022-05-25-b_1564089.0-1566035.0.wav,WWT836,can aquin yeh amo cualanis,tetelancingo,,tetelancingo
tetelancingo_nahuatl/audios/speaker2_Tetel_Narra_ZWZ835_WWT836_2022-05-25-b_1581117.0-1582044.0.wav,WWT836,pues sí,tetelancingo,,tetelancingo
tetelancingo_nahuatl/audios/speaker2_Tetel_Narra_ZWZ835_WWT836_2022-05-25-b_1583453.0-1592680.0.wav,WWT836,pues sí como amo yehuan nen con tal yehuan cuali ma ica in cuali moportarocan yehuan quimateh cada quien se ivida milauac tehuan a veces secmatis tlenoh,tetelancingo,,tetelancingo
tetelancingo_nahuatl/audios/speaker2_Tetel_Narra_ZWZ835_WWT836_2022-05-25-b_1592990.0-1603026.0.wav,WWT836,ni modo que porque yosequimat uan niman yosetzicuin yose... yi tlenoh secquinmiluihtiu pues amo yehuan quimateh cada quien quimati tlenoh tlenoh quichiua tlenoh amo quichiua,tetelancingo,,tetelancingo
tetelancingo_nahuatl/audios/speaker2_Tetel_Narra_ZWZ835_WWT836_2022-05-25-b_1629726.0-1630699.0.wav,WWT836,por eso,tetelancingo,,tetelancingo
tetelancingo_nahuatl/audios/speaker2_Tetel_Narra_ZWZ835_WWT836_2022-05-25-b_1633007.0-1634462.0.wav,WWT836,ah xa milauac,tetelancingo,,tetelancingo
tetelancingo_nahuatl/audios/speaker2_Tetel_Narra_ZWZ835_WWT836_2022-05-25-b_1637826.0-1639181.0.wav,WWT836,ah sí,tetelancingo,,tetelancingo
tetelancingo_nahuatl/audios/speaker2_Tetel_Narra_ZWZ835_WWT836_2022-05-25-b_1642253.0-1643381.0.wav,WWT836,ocualan,tetelancingo,,tetelancingo
tetelancingo_nahuatl/audios/speaker2_Tetel_Narra_ZWZ835_WWT836_2022-05-25-b_1644308.0-1652744.0.wav,WWT836,pues sí porque quiniqui nochi quichiuas a imanera pues amo quihtoah matlamandaro icalihtic pero iuan ocsiqui tocniuan pues amo,tetelancingo,,tetelancingo
tetelancingo_nahuatl/audios/speaker2_Tetel_Narra_ZWZ835_WWT836_2022-05-25-b_1670790.0-1671753.0.wav,WWT836,a poco,tetelancingo,,tetelancingo
tetelancingo_nahuatl/audios/speaker2_Tetel_Narra_ZWZ835_WWT836_2022-05-25-b_1680798.0-1684015.0.wav,WWT836,yeh non yi para quiserviros ne tlaniuic quichiutoqueh cali,tetelancingo,,tetelancingo
tetelancingo_nahuatl/audios/speaker2_Tetel_Narra_ZWZ835_WWT836_2022-05-25-b_1692756.0-1694906.0.wav,WWT836,"uan quen non canin, canin quitlalisqueh",tetelancingo,,tetelancingo
tetelancingo_nahuatl/audios/speaker2_Tetel_Narra_ZWZ835_WWT836_2022-05-25-b_1695940.0-1700382.0.wav,WWT836,canin quipegarosqueh non nen neneh lozeta,tetelancingo,,tetelancingo
tetelancingo_nahuatl/audios/speaker2_Tetel_Narra_ZWZ835_WWT836_2022-05-25-b_1709249.0-1715699.0.wav,WWT836,tanto tiquiti siquiera moc... mocoui cuali lozeta mox san milauac san tla san pedacería tlenoh,tetelancingo,,tetelancingo
tetelancingo_nahuatl/audios/speaker2_Tetel_Narra_ZWZ835_WWT836_2022-05-25-b_1719098.0-1723980.0.wav,WWT836,que hay ojalá maquiyoui quen yalua yalua nin horas ya cachi mota quiyouis,tetelancingo,,tetelancingo
tetelancingo_nahuatl/audios/speaker2_Tetel_Narra_ZWZ835_WWT836_2022-05-25-b_1726071.0-1727480.0.wav,WWT836,como amo secmati tlen hora,tetelancingo,,tetelancingo
tetelancingo_nahuatl/audios/speaker2_Tetel_Narra_ZWZ835_WWT836_2022-05-25-b_1730963.0-1735144.0.wav,WWT836,ah sí nimachilaya techahsi tipitzin yonisicuiya,tetelancingo,,tetelancingo
tetelancingo_nahuatl/audios/speaker2_Tetel_Narra_ZWZ835_WWT836_2022-05-25-b_1744116.0-1750126.0.wav,WWT836,xa quemah como seyamanixtoc uan nen secmocauilia quiyouitl yeh secchiuilia daño,tetelancingo,,tetelancingo
tetelancingo_nahuatl/audios/speaker2_Tetel_Narra_ZWZ835_WWT836_2022-05-25-b_1756717.0-1757707.0.wav,WWT836,ah sí,tetelancingo,,tetelancingo
tetelancingo_nahuatl/audios/speaker2_Tetel_Narra_ZWZ835_WWT836_2022-05-25-b_1763571.0-1775435.0.wav,WWT836,"quemah, tehuan otiualtimoqueh como nen yoti... xiquita otechuantihqueh mas se tlaxcal otitlacuahqueh ocsipa cuitlatzitzin mox oquintlamacaqueh otlacuahqueh niquiluia mox canah octlacuasqueh ocatca nolenteja",tetelancingo,,tetelancingo
tetelancingo_nahuatl/audios/speaker2_Tetel_Narra_ZWZ835_WWT836_2022-05-25-b_1776325.0-1781444.0.wav,WWT836,onimilui ix canah cuasqueh quihtoah amo niquinmiluaya niquinchihchiuilis ica longaniza,tetelancingo,,tetelancingo
tetelancingo_nahuatl/audios/speaker2_Tetel_Narra_ZWZ835_WWT836_2022-05-25-b_1781814.0-1783952.0.wav,WWT836,quihtoah amo mox amo mayaneh,tetelancingo,,tetelancingo
tetelancingo_nahuatl/audios/speaker2_Tetel_Narra_ZWZ835_WWT836_2022-05-25-b_1784749.0-1790349.0.wav,WWT836,uan oc onimopacasquia pero como nicmachilia onisiyoh tipitzin acmo atimopacqueh san ohcon,tetelancingo,,tetelancingo
tetelancingo_nahuatl/audios/speaker2_Tetel_Narra_ZWZ835_WWT836_2022-05-25-b_1790349.0-1793013.0.wav,WWT836,"timotehtecqueh, niman otimotehtecqueh",tetelancingo,,tetelancingo
tetelancingo_nahuatl/audios/speaker2_Tetel_Narra_ZWZ835_WWT836_2022-05-25-b_1861523.0-1862710.0.wav,WWT836,oyah,tetelancingo,,tetelancingo
tetelancingo_nahuatl/audios/speaker2_Tetel_Narra_ZWZ835_WWT836_2022-05-25-b_1863747.0-1883514.0.wav,WWT836,"onicac quen nen pahpanotiu nis ica botas, tons onimasomaroh niquiluia canin tiyoh, este quihtoa niyoh nitlacouati nen este niquiluia ah yeh mox amo timohmohtia quihtoa amo tons nen oyah san tipitzin ocsipa nicaqui ompa panohtiueh yeh rosa uan nomaman canin oyahca Anabel",tetelancingo,,tetelancingo
tetelancingo_nahuatl/audios/speaker2_Tetel_Narra_ZWZ835_WWT836_2022-05-25-b_1885298.0-1887536.0.wav,WWT836,ah xa moturnarohtiueh,tetelancingo,,tetelancingo
tetelancingo_nahuatl/audios/speaker2_Tetel_Narra_ZWZ835_WWT836_2022-05-25-b_1900735.0-1905660.0.wav,WWT836,ah oquis ocse in nen yo... no yoctlatiueh in tomen,tetelancingo,,tetelancingo
tetelancingo_nahuatl/audios/speaker2_Tetel_Narra_ZWZ835_WWT836_2022-05-25-b_1970673.0-1972798.0.wav,WWT836,uan amo otirepelearoto queyeh,tetelancingo,,tetelancingo
tetelancingo_nahuatl/audios/speaker2_Tetel_Narra_ZWZ835_WWT836_2022-05-25-b_1973648.0-1978848.0.wav,WWT836,pues sí para milauac moluis porque como es posible tlanamacasqueh dion acmo tlatamachiuasqueh,tetelancingo,,tetelancingo
tetelancingo_nahuatl/audios/speaker2_Tetel_Narra_ZWZ835_WWT836_2022-05-25-b_2007235.0-2020810.0.wav,WWT836,"uan oniquinmitac, oniquinmitac timoua tons ica non neh niquiluia Feliciano necateh xa nen mas temohteh quihihtoah nomaman xa ocsipa nen yotzicuintahqueh yi quitlahtlanitiu tlaol, quihtoa yeh xiquincaua yehuan quimateh",tetelancingo,,tetelancingo
tetelancingo_nahuatl/audios/speaker2_Tetel_Narra_ZWZ835_WWT836_2022-05-25-b_2021285.0-2031823.0.wav,WWT836,yehuan quimateh uan momaman tla amo maquipiya cuidado quenin nen mononotzasqueh xa yehuatl quimati pero teh amo se cosa tlenoh moihtos porque nochi ya youi tlamantl,tetelancingo,,tetelancingo
tetelancingo_nahuatl/audios/speaker2_Tetel_Narra_ZWZ835_WWT836_2022-05-25-b_2034509.0-2035487.0.wav,WWT836,mati,tetelancingo,,tetelancingo
tetelancingo_nahuatl/audios/speaker2_Tetel_Narra_ZWZ835_WWT836_2022-05-25-b_2035842.0-2036865.0.wav,WWT836,amo secmati,tetelancingo,,tetelancingo
tetelancingo_nahuatl/audios/speaker2_Tetel_Narra_ZWZ835_WWT836_2022-05-25-b_2066652.9999999998-2075553.0.wav,WWT836,xa ni modos quesqui palabra yoquiluihtiuitz yeh amo milauac san xa san no quitentlalia milauac tocniuan pues amo secmati quenin,tetelancingo,,tetelancingo
tetelancingo_nahuatl/audios/speaker2_Tetel_Narra_ZWZ835_WWT836_2022-05-25-b_2085987.9999999998-2095047.9999999998.wav,WWT836,"ah sí, milauac oticchiu amo oticchiu otiquihtoh o amo otiquihtoh yen milauac tlahtol pasolotl yeh cachi yoyah que ticol",tetelancingo,,tetelancingo
tetelancingo_nahuatl/audios/speaker2_Tetel_Narra_ZWZ835_WWT836_2022-05-25-b_2098118.0-2099398.0.wav,WWT836,ah sí,tetelancingo,,tetelancingo
tetelancingo_nahuatl/audios/speaker2_Tetel_Narra_ZWZ835_WWT836_2022-05-25-b_2102198.0-2104998.0.wav,WWT836,pues ica non oyahcah youac nintinimiyah,tetelancingo,,tetelancingo
tetelancingo_nahuatl/audios/speaker2_Tetel_Narra_ZWZ835_WWT836_2022-05-25-b_2108644.0-2112007.0.wav,WWT836,"xa, xa siquiera octlahtlanitoh ichan momaman",tetelancingo,,tetelancingo
tetelancingo_nahuatl/audios/speaker2_Tetel_Narra_ZWZ835_WWT836_2022-05-25-b_2112707.0-2114034.0.wav,WWT836,xa quemah,tetelancingo,,tetelancingo
tetelancingo_nahuatl/audios/speaker2_Tetel_Narra_ZWZ835_WWT836_2022-05-25-b_2115253.0-2117099.0.wav,WWT836,pero queyeh in san ohcon quitiquitiueh,tetelancingo,,tetelancingo
tetelancingo_nahuatl/audios/speaker2_Tetel_Narra_ZWZ835_WWT836_2022-05-25-b_2121226.0-2123262.0.wav,WWT836,xa amo xa octlahtlanqueh,tetelancingo,,tetelancingo
tetelancingo_nahuatl/audios/speaker2_Tetel_Narra_ZWZ835_WWT836_2022-05-25-b_2123716.0-2125062.0.wav,WWT836,xa octlahtlanqueh,tetelancingo,,tetelancingo
tetelancingo_nahuatl/audios/speaker2_Tetel_Narra_ZWZ835_WWT836_2022-05-25-b_2134052.0-2138907.0.wav,WWT836,ah sí cachi san ohcon milauac mas ica youal coconeh yoyahqueh yoctiquitoh,tetelancingo,,tetelancingo
tetelancingo_nahuatl/audios/speaker2_Tetel_Narra_ZWZ835_WWT836_2022-05-25-b_2155780.0-2157108.0.wav,WWT836,a poco,tetelancingo,,tetelancingo
tetelancingo_nahuatl/audios/speaker2_Tetel_Narra_ZWZ835_WWT836_2022-05-25-b_2159562.0-2162953.0.wav,WWT836,ay Dios mío temohteh tla omoixcuatzayan ica lámina,tetelancingo,,tetelancingo
tetelancingo_nahuatl/audios/speaker2_Tetel_Narra_ZWZ835_WWT836_2022-05-25-b_2175453.0-2178617.0.wav,WWT836,ay conetl es que peligro yen lámina,tetelancingo,,tetelancingo
tetelancingo_nahuatl/audios/speaker2_Tetel_Narra_ZWZ835_WWT836_2022-05-25-b_2188762.0-2190635.0.wav,WWT836,ay nosintitzin,tetelancingo,,tetelancingo
tetelancingo_nahuatl/audios/speaker2_Tetel_Narra_ZWZ835_WWT836_2022-05-25-b_2191799.0-2200808.0.wav,WWT836,neh como cualcan neneh como oniquilueh maestra niyas mostla niquinmitatiu coconeh yeh oniyah yeh onechnonotztoc Leonor,tetelancingo,,tetelancingo
tetelancingo_nahuatl/audios/speaker2_Tetel_Narra_ZWZ835_WWT836_2022-05-25-b_2209126.0-2210081.0.wav,WWT836,mox yi yahtoc,tetelancingo,,tetelancingo
tetelancingo_nahuatl/audios/speaker2_Tetel_Narra_ZWZ835_WWT836_2022-05-25-b_2211843.0-2217862.0.wav,WWT836,nechtlahtlania canin niyas niquiluia neh nipiya tiquitl ocsican quihtoa ah ya niquiluia,tetelancingo,,tetelancingo
tetelancingo_nahuatl/audios/speaker2_Tetel_Narra_ZWZ835_WWT836_2022-05-25-b_2219399.0-2227284.0.wav,WWT836,"quihtoa niquiluia nimehuan quemanian quihtoa yen Humberto otechiluihqueh pero oquihtoh nen Marcos techavisaros tlen horas niquiluia ""ah""",tetelancingo,,tetelancingo
tetelancingo_nahuatl/audios/speaker2_Tetel_Narra_ZWZ835_WWT836_2022-05-25-b_2227829.0-2232214.0.wav,WWT836,niquiluia cuali nen quihtoa quemah quihtoa chuueh titematlaniteh cachi cuali niquiluia ayamo,tetelancingo,,tetelancingo
tetelancingo_nahuatl/audios/speaker2_Tetel_Narra_ZWZ835_WWT836_2022-05-25-b_2232590.0-2237532.0.wav,WWT836,quenin nimotas no yi nimonilo para ic nepa no neh no niuintis,tetelancingo,,tetelancingo
tetelancingo_nahuatl/audios/speaker2_Tetel_Narra_ZWZ835_WWT836_2022-05-25-b_2242898.0-2255999.0.wav,WWT836,niquiluia amo uan Anabel no ompa yi cualahcotzahtzilihtoc quiluia chuueh xisiui niquiluia mox yotitlacuah quihtoa yeh ayamo nitlacua pero nitohtolohtiquisas mas se notlaxcal uan yi niyoh nitematliniti porque,tetelancingo,,tetelancingo
tetelancingo_nahuatl/audios/speaker2_Tetel_Narra_ZWZ835_WWT836_2022-05-25-b_2256431.0-2265542.0.wav,WWT836,"como nochi timomacoptoqueh para ic nepa, niquiluia yeh cuali ica non nen como yehuatl octocaroh tla sanitisaros tehuan xa yen ocse semana",tetelancingo,,tetelancingo
tetelancingo_nahuatl/audios/speaker2_Tetel_Narra_ZWZ835_WWT836_2022-05-25-b_2267465.0-2268765.0.wav,WWT836,neh miércoles,tetelancingo,,tetelancingo
tetelancingo_nahuatl/audios/speaker2_Tetel_Narra_ZWZ835_WWT836_2022-05-25-b_2269143.0-2283676.0.wav,WWT836,"ohcon neneh yo... yoyah neh ni... yoniualehcoc oniualehcoc nen Feliciano no nechchixtoc quihtoa yas, amo yeh de por sí yotitlacuah yonitlacuahteu neh yeh noyiuqui yotlacuah yotitlacuahqueh yeh san nican tiquis",tetelancingo,,tetelancingo
tetelancingo_nahuatl/audios/speaker2_Tetel_Narra_ZWZ835_WWT836_2022-05-25-b_2284021.0-2290765.0.wav,WWT836,ohcon quen oniualtimoc niquiluia axan timatis ma de una vez nimotlapaquis uan yeh amo oniquintlameh ohcon,tetelancingo,,tetelancingo
tetelancingo_nahuatl/audios/speaker2_Tetel_Narra_ZWZ835_WWT836_2022-05-25-b_2290954.0-2293976.0.wav,WWT836,"ipa, acmo miqueh ompa omocauqueh san tzocopintzitzin",tetelancingo,,tetelancingo
tetelancingo_nahuatl/audios/speaker2_Tetel_Narra_ZWZ835_WWT836_2022-05-25-b_2294365.0-2301498.0.wav,WWT836,niquiluia axan timatis neneh nitlapacas teh xiquinpipilohtiu tilmahuan para uaquisqueh canah mauiqui quiyouitl,tetelancingo,,tetelancingo
tetelancingo_nahuatl/audios/speaker2_Tetel_Narra_ZWZ835_WWT836_2022-05-25-b_2304254.0-2313076.0.wav,WWT836,ah sí nen yehuatl oquinsosohtaya tilmahmeh tons nen yotlameh niquilue axan niquiluia axan ay tlenoh nichiuas tlacual mas se sopa,tetelancingo,,tetelancingo
tetelancingo_nahuatl/audios/speaker2_Tetel_Narra_ZWZ835_WWT836_2022-05-25-b_2325910.0-2332687.0.wav,WWT836,"tons ica non niquiluia axan nimatisqueh yi niyoh, quihtoah mox tiyoh uan mox amo mitznotzasqueh niquiluia amo porque como Yadira youaltimoc",tetelancingo,,tetelancingo
tetelancingo_nahuatl/audios/speaker2_Tetel_Narra_ZWZ835_WWT836_2022-05-25-b_2333054.0-2335254.0.wav,WWT836,"ah bueno, tla tiyas pues xiyoh",tetelancingo,,tetelancingo
tetelancingo_nahuatl/audios/speaker2_Tetel_Narra_ZWZ835_WWT836_2022-05-25-b_2370910.0-2372032.0.wav,WWT836,tlen occuico,tetelancingo,,tetelancingo
tetelancingo_nahuatl/audios/speaker2_Tetel_Narra_ZWZ835_WWT836_2022-05-25-b_2376043.0-2377632.0.wav,WWT836,xa oquicuah yuntero,tetelancingo,,tetelancingo
tetelancingo_nahuatl/audios/speaker2_Tetel_Narra_ZWZ835_WWT836_2022-05-25-b_2396898.0-2398021.0.wav,WWT836,ah ya,tetelancingo,,tetelancingo
tetelancingo_nahuatl/audios/speaker2_Tetel_Narra_ZWZ835_WWT836_2022-05-25-b_2399732.0-2412021.0.wav,WWT836,ah sí amo seihisiuis yeh isiuca panoa hora neh ompa onimotlapaqueh no niualcalac niquiluia a como nechualitac Yesenia yehuatl onechmanactitco yehuatl pues milauac san queh oquixyehyehcoh,tetelancingo,,tetelancingo
tetelancingo_nahuatl/audios/speaker2_Tetel_Narra_ZWZ835_WWT836_2022-05-25-b_2412338.0-2417018.0.wav,WWT836,quihtoa mitznotzah ich in escuela tla firmaros niquiluia ay ahorita ompa niyoh,tetelancingo,,tetelancingo
tetelancingo_nahuatl/audios/speaker2_Tetel_Narra_ZWZ835_WWT836_2022-05-25-b_2417757.0-2424340.0.wav,WWT836,"onitimoc tons neh yoniualehcoc yonicchihchiu, ah ompa onimonacasictec tzocotzin ninalitztoc tele",tetelancingo,,tetelancingo
tetelancingo_nahuatl/audios/speaker2_Tetel_Narra_ZWZ835_WWT836_2022-05-25-b_2429807.0-2436573.0.wav,WWT836,tons ica non quihtoa bueno tons ica non neneh yonicchihchiueh yehuatl cuitlatzitzi niman no yi niquinnotztoc tlacuasqueh,tetelancingo,,tetelancingo
tetelancingo_nahuatl/audios/speaker2_Tetel_Narra_ZWZ835_WWT836_2022-05-25-b_2437715.0-2439515.0.wav,WWT836,ihcuac yoehcoqueh,tetelancingo,,tetelancingo
tetelancingo_nahuatl/audios/speaker2_Tetel_Narra_ZWZ835_WWT836_2022-05-25-b_2440057.0-2442698.0.wav,WWT836,uan san a tiempo tla yotechtlantoyah hora,tetelancingo,,tetelancingo
tetelancingo_nahuatl/audios/speaker2_Tetel_Narra_ZWZ835_WWT836_2022-05-25-b_2453332.0-2458023.0.wav,WWT836,"pero otlapatzmictic, otlapatzmictic milauac uan yeh sa yen oualahca quiyouitl",tetelancingo,,tetelancingo
tetelancingo_nahuatl/audios/speaker2_Tetel_Narra_ZWZ835_WWT836_2022-05-25-b_2474875.0-2475491.0.wav,WWT836,quemah,tetelancingo,,tetelancingo
tetelancingo_nahuatl/audios/speaker2_Tetel_Narra_ZWZ835_WWT836_2022-05-25-b_2503298.0-2504344.0.wav,WWT836,san se coleta,tetelancingo,,tetelancingo
tetelancingo_nahuatl/audios/speaker2_Tetel_Narra_ZWZ835_WWT836_2022-05-25-b_2511844.0-2517260.0.wav,WWT836,"quemah, neh quemah no niuili achto in hasta amo niquilnamiqui aquin onicpeinarohtoya iichpocau",tetelancingo,,tetelancingo
tetelancingo_nahuatl/audios/speaker2_Tetel_Narra_ZWZ835_WWT836_2022-05-25-b_2517914.0-2527407.0.wav,WWT836,no mas quemah oniechquis ihquin nichiuilihtiu que xiquihto que diademita pero ohcon yolic cuica idetalles o a veces niquin... nicxiloa nican intzon,tetelancingo,,tetelancingo
tetelancingo_nahuatl/audios/speaker2_Tetel_Narra_ZWZ835_WWT836_2022-05-25-b_2527591.0-2533330.0.wav,WWT836,uan ihquin nicualxiloa entonces niquin... que nictrenzarotiuh ihquin uan nican yi secpiya ohcon pero como,tetelancingo,,tetelancingo
tetelancingo_nahuatl/audios/speaker2_Tetel_Narra_ZWZ835_WWT836_2022-05-25-b_2535240.0-2536294.0.wav,WWT836,tiempo,tetelancingo,,tetelancingo
tetelancingo_nahuatl/audios/speaker2_Tetel_Narra_ZWZ835_WWT836_2022-05-25-b_2538737.0-2539658.0.wav,WWT836,ah sí ica non,tetelancingo,,tetelancingo
tetelancingo_nahuatl/audios/speaker2_Tetel_Narra_ZWZ835_WWT836_2022-05-25-b_2544738.0-2551465.0.wav,WWT836,ah sí neh yonimoacostumbraroh como telpocameh milauac yehuan sa yen nen yomihihxameh tipitzin uan,tetelancingo,,tetelancingo
tetelancingo_nahuatl/audios/speaker2_Tetel_Narra_ZWZ835_WWT836_2022-05-25-b_2552078.0-2559325.0.wav,WWT836,ya yomopahpatlac uan yoyah tla oquinic mopeinaros cuali uan tla amo como amo a veces cuando sequin... milauac mocuatiqueh amo nen amo tzonehqueh,tetelancingo,,tetelancingo
tetelancingo_nahuatl/audios/speaker2_Tetel_Narra_ZWZ835_WWT836_2022-05-25-b_2560179.0-2565672.0.wav,WWT836,pero cuando amo pues no niquinmiluia mas cachi mopeinarocan pero pitzotic mota como cuauiuilaxtiqueh,tetelancingo,,tetelancingo
tetelancingo_nahuatl/audios/speaker2_Tetel_Narra_ZWZ835_WWT836_2022-05-25-b_2568205.0-2569025.0.wav,WWT836,Luis,tetelancingo,,tetelancingo
tetelancingo_nahuatl/audios/speaker2_Tetel_Narra_ZWZ835_WWT836_2022-05-25-b_2570438.0-2575485.0.wav,WWT836,ica non nen sa neneh pues sequihtos oueh oueh amo,tetelancingo,,tetelancingo
tetelancingo_nahuatl/audios/speaker2_Tetel_Narra_ZWZ835_WWT836_2022-05-25-b_2576252.0-2583059.0.wav,WWT836,"yen ichpo..., iuan ichpocameh quemah yeh tla amo xicpeinaro ohcon yas ixpapachtic yeh amo cualtzin motas",tetelancingo,,tetelancingo
tetelancingo_nahuatl/audios/speaker2_Tetel_Narra_ZWZ835_WWT836_2022-05-25-b_2586091.0-2588885.0.wav,WWT836,yeh quemah ohcon coconeh milauac,tetelancingo,,tetelancingo
tetelancingo_nahuatl/audios/speaker2_Tetel_Narra_ZWZ835_WWT836_2022-05-25-b_2598491.0-2599065.0.wav,WWT836,queyeh,tetelancingo,,tetelancingo
tetelancingo_nahuatl/audios/speaker2_Tetel_Narra_ZWZ835_WWT836_2022-05-25-b_2648625.0-2650725.0.wav,WWT836,ay tlapiyal itzcuintli,tetelancingo,,tetelancingo
tetelancingo_nahuatl/audios/speaker2_Tetel_Narra_ZWZ835_WWT836_2022-05-25-b_2666611.0-2673518.0.wav,WWT836,neh niquinpahpatadahuia itzcuimeh niquin... milauac quiniqueh calaquisqueh niquinualpatadahuia hasta nepa soutiueh,tetelancingo,,tetelancingo
tetelancingo_nahuatl/audios/speaker2_Tetel_Narra_ZWZ835_WWT836_2022-05-25-b_2683198.0-2687811.0.wav,WWT836,uan para setlapahpacas ay Dios nen milauac uan seisel,tetelancingo,,tetelancingo
tetelancingo_nahuatl/audios/speaker2_Tetel_Narra_ZWZ835_WWT836_2022-05-25-b_2694976.0-2700522.0.wav,WWT836,ay quemah quemeh se... milauac se sesiyoui noyiuqui como tlen sa secchiutinimi sesiyoui,tetelancingo,,tetelancingo
tetelancingo_nahuatl/audios/speaker2_Tetel_Narra_ZWZ835_WWT836_2022-05-25-b_2707699.0-2713499.0.wav,WWT836,xa mihmiquisquen como neneh ay yoquinquitzqueh roña uan tenanan no ohcon tlamati,tetelancingo,,tetelancingo
tetelancingo_nahuatl/audios/speaker2_Tetel_Narra_ZWZ835_WWT836_2022-05-25-b_2716430.0-2718207.0.wav,WWT836,yeh yehuatl tanto milauac,tetelancingo,,tetelancingo
tetelancingo_nahuatl/audios/speaker2_Tetel_Narra_ZWZ835_WWT836_2022-05-25-b_2720960.0-2722484.0.wav,WWT836,nochi nochi icamac,tetelancingo,,tetelancingo
tetelancingo_nahuatl/audios/speaker2_Tetel_Narra_ZWZ835_WWT836_2022-05-25-b_2734323.0-2737432.0.wav,WWT836,amo secmati tlenoh queh queh quesque quihtoah mahtlacmeh,tetelancingo,,tetelancingo
tetelancingo_nahuatl/audios/speaker2_Tetel_Narra_ZWZ835_WWT836_2022-05-25-b_2738523.0-2744215.0.wav,WWT836,tlenoh itzcuinsolmeh milauac cachi miac cachi miac yoli que todo tlen tlapiyal tlen uelic,tetelancingo,,tetelancingo
tetelancingo_nahuatl/audios/speaker2_Tetel_Narra_ZWZ835_WWT836_2022-05-25-b_2745560.0-2747352.0.wav,WWT836,"tlamo, quera ohcon, nis yeh",tetelancingo,,tetelancingo
tetelancingo_nahuatl/audios/speaker2_Tetel_Narra_ZWZ835_WWT836_2022-05-25-b_2753914.0-2756690.0.wav,WWT836,os mas ihuimeh simi yolic yoleh,tetelancingo,,tetelancingo
tetelancingo_nahuatl/audios/speaker2_Tetel_Narra_ZWZ835_WWT836_2022-05-25-b_2760529.0-2761821.0.wav,WWT836,sequincuas,tetelancingo,,tetelancingo
tetelancingo_nahuatl/audios/speaker2_Tetel_Narra_ZWZ835_WWT836_2022-05-25-b_2766060.0-2767014.0.wav,WWT836,ah sí,tetelancingo,,tetelancingo
tetelancingo_nahuatl/audios/speaker2_Tetel_Narra_ZWZ835_WWT836_2022-05-25-b_2767962.0-2778026.0.wav,WWT836,yeh ohcon itzcuincoconeh yeh xa tla amo tlen quinmahsi cocolistl xa xa nen yolisqueh uan tlamo xa nomihmiquisqueh,tetelancingo,,tetelancingo
tetelancingo_nahuatl/audios/speaker2_Tetel_Narra_ZWZ835_WWT836_2022-05-25-b_2786425.0-2787407.0.wav,WWT836,escuela,tetelancingo,,tetelancingo
tetelancingo_nahuatl/audios/speaker2_Tetel_Narra_ZWZ835_WWT836_2022-05-25-b_2790017.0-2796117.0.wav,WWT836,"amo tlen razón, amo tlen razón xa amo seguro xa tla simi oquis pero ocse lado",tetelancingo,,tetelancingo
tetelancingo_nahuatl/audios/speaker2_Tetel_Narra_ZWZ835_WWT836_2022-05-25-b_2805344.0-2806926.0.wav,WWT836,ah sí,tetelancingo,,tetelancingo
tetelancingo_nahuatl/audios/speaker2_Tetel_Narra_ZWZ835_WWT836_2022-05-25-b_2808389.0-2809725.0.wav,WWT836,yeh quemah,tetelancingo,,tetelancingo
tetelancingo_nahuatl/audios/speaker2_Tetel_Narra_ZWZ835_WWT836_2022-05-25-b_2818416.0-2820116.0.wav,WWT836,xa ompa octihtiquitoh,tetelancingo,,tetelancingo
tetelancingo_nahuatl/audios/speaker2_Tetel_Narra_ZWZ835_WWT836_2022-05-25-b_2822426.0-2823289.0.wav,WWT836,quemah,tetelancingo,,tetelancingo
tetelancingo_nahuatl/audios/speaker2_Tetel_Narra_ZWZ835_WWT836_2022-05-25-b_2823971.0-2825180.0.wav,WWT836,ocse auacatl,tetelancingo,,tetelancingo
tetelancingo_nahuatl/audios/speaker2_Tetel_Narra_ZWZ835_WWT836_2022-05-25-b_2830009.0-2843032.0.wav,WWT836,"ohcon pues amo secmati quenin mox canin ocse lado oquis ah nen milauac nen quemeh tlenoh tiquitl porque tehuan nican acmo quemeh sequihtos aquin que cualavisarosqueh xamo, xamo yen maestros amo",tetelancingo,,tetelancingo
tetelancingo_nahuatl/audios/speaker2_Tetel_Narra_ZWZ835_WWT836_2022-05-25-b_2853009.0-2853665.0.wav,WWT836,amo,tetelancingo,,tetelancingo
tetelancingo_nahuatl/audios/speaker2_Tetel_Narra_ZWZ835_WWT836_2022-05-25-b_2854243.0-2857743.0.wav,WWT836,neh quemah quemeh quemanian yen Mireya oquicou nen,tetelancingo,,tetelancingo
tetelancingo_nahuatl/audios/speaker2_Tetel_Narra_ZWZ835_WWT836_2022-05-25-b_2859517.0-2867599.0.wav,WWT836,pues sa yen neneh quita nen internet pero como niccastigaro ye niquiluia como amo quiecharuilia ganas,tetelancingo,,tetelancingo
tetelancingo_nahuatl/audios/speaker2_Tetel_Narra_ZWZ835_WWT836_2022-05-25-b_2877544.0-2883826.0.wav,WWT836,nehuatl no... mismo noidea oniquihtoh nimitzcastigaros amo nimechmacas celular hasta amo xiquecharuilican,tetelancingo,,tetelancingo
tetelancingo_nahuatl/audios/speaker2_Tetel_Narra_ZWZ835_WWT836_2022-05-25-b_2893334.0-2899916.0.wav,WWT836,uan nimechmacas por ratitos uan nimechitas tlenoh nanquitah porque neh amo nimechcauilis teléfono san ohcon,tetelancingo,,tetelancingo
tetelancingo_nahuatl/audios/speaker2_Tetel_Narra_ZWZ835_WWT836_2022-05-25-b_2900589.0-2911216.0.wav,WWT836,nepa niquitztosqueh tlenoh pitzoyotl como axan max ich youtube nochi quisa neh niquiluia amo neh nimech... nimech... quemah nimechmacas nimechtlaneutis celular,tetelancingo,,tetelancingo
tetelancingo_nahuatl/audios/speaker2_Tetel_Narra_ZWZ835_WWT836_2022-05-25-b_2911626.0-2917335.0.wav,WWT836,pero ohcon neh nimechitztos tlenoh niquitztoqueh porque neh san ohcon amo nimechcauis uan ahorita nancastigados,tetelancingo,,tetelancingo
tetelancingo_nahuatl/audios/speaker2_Tetel_Narra_ZWZ835_WWT836_2022-05-25-b_2918525.0-2921271.0.wav,WWT836,tons nen oniquincuileh oniquintlatileh,tetelancingo,,tetelancingo
tetelancingo_nahuatl/audios/speaker2_Tetel_Narra_ZWZ835_WWT836_2022-05-25-b_2922153.0-2933171.0.wav,WWT836,ahorita sa acmo no tlen quichiua quimatoqueh in tlahtlacol ya yoehcoqueh no pues ma ahora si salí luego porque ya le estoy echando ganas niquiluia mas cachi san amo ximotlalican a la línea uan tla amo amo,tetelancingo,,tetelancingo
tetelancingo_nahuatl/audios/speaker2_Tetel_Narra_ZWZ835_WWT836_2022-05-25-b_2934144.0-2935571.0.wav,WWT836,san tlacaqueh,tetelancingo,,tetelancingo
tetelancingo_nahuatl/audios/speaker2_Tetel_Narra_ZWZ835_WWT836_2022-05-25-b_2937516.0-2943107.0.wav,WWT836,tlenoh quichiuasqueh mal ni modo nechmagasqueh onechcuilihtinimisqueh tlenoh pues amo,tetelancingo,,tetelancingo
tetelancingo_nahuatl/audios/speaker2_Tetel_Narra_ZWZ835_WWT836_2022-05-25-b_2944175.0-2950529.0.wav,WWT836,ohcon antes yen intata niquiluia uan xiquincaua teléfono uan quemeh tiquinmaca uan amo nicniqui xiquincuilihtinimi porque teh momaña,tetelancingo,,tetelancingo
tetelancingo_nahuatl/audios/speaker2_Tetel_Narra_ZWZ835_WWT836_2022-05-25-b_2950983.0-2955552.0.wav,WWT836,quincuilia uan ocsipa yi tiquincuilihtoc porque moaxca quien sabe que niquiluia amo,tetelancingo,,tetelancingo
tetelancingo_nahuatl/audios/speaker2_Tetel_Narra_ZWZ835_WWT836_2022-05-25-b_2956352.0-2963829.0.wav,WWT836,axan quemeh tiquinmaca pues yotiquinmacac uan tla neh ahorita niquincuileh porque in castigo neh amo porque canah nipeuas quemeh tehuatl,tetelancingo,,tetelancingo
tetelancingo_nahuatl/audios/speaker2_Tetel_Narra_ZWZ835_WWT836_2022-05-25-b_2964853.0-2967530.0.wav,WWT836,tons neneh san tlacaqui amo tlen oquihtoh,tetelancingo,,tetelancingo
tetelancingo_nahuatl/audios/speaker2_Tetel_Narra_ZWZ835_WWT836_2022-05-25-b_2968129.0-2971391.0.wav,WWT836,ahorita coconeh no igual sa quiniqui niquiluia macchiuacan intarea,tetelancingo,,tetelancingo
tetelancingo_nahuatl/audios/speaker2_Tetel_Narra_ZWZ835_WWT836_2022-05-25-b_2972075.0-2980583.0.wav,WWT836,maccontestarocan in guía mac... ma nochi Mireya yeh tla nochi yo... nochi yo... que octlameh iguía ya nochi yoccopiaroh,tetelancingo,,tetelancingo
tetelancingo_nahuatl/audios/speaker2_Tetel_Narra_ZWZ835_WWT836_2022-05-25-b_2980798.0-2987898.0.wav,WWT836,Feli sa no quesqui quipoloa pero contestarosqueh oc quinpoloa tzocotzin acmo uehca pero ya ompa youeh,tetelancingo,,tetelancingo
tetelancingo_nahuatl/audios/speaker2_Tetel_Narra_ZWZ835_WWT836_2022-05-25-b_2988813.0-2993520.0.wav,WWT836,ohcon yalua niquinmiluia pues tla oquintotocac in abuelita mocuahcuiteh,tetelancingo,,tetelancingo
tetelancingo_nahuatl/audios/speaker2_Tetel_Narra_ZWZ835_WWT836_2022-05-25-b_2993855.0-3001520.0.wav,WWT836,yeh como amo mal no ohcon yi nechpaleuiyah milauac mas tzocopintzin yi cualtimoa pero mai Feliciano quihtoa ocualicac quiualnahuatiu cotzitzin,tetelancingo,,tetelancingo
tetelancingo_nahuatl/audios/speaker2_Tetel_Narra_ZWZ835_WWT836_2022-05-25-b_3001877.0-3003413.0.wav,WWT836,quen oualnahuatiu,tetelancingo,,tetelancingo
tetelancingo_nahuatl/audios/speaker2_Tetel_Narra_ZWZ835_WWT836_2022-05-25-b_3004263.0-3005027.0.wav,WWT836,quemah,tetelancingo,,tetelancingo
tetelancingo_nahuatl/audios/speaker2_Tetel_Narra_ZWZ835_WWT836_2022-05-25-b_3005120.0-3007491.0.wav,WWT836,cualnahuatiu micapal iuan tlacotzitzin,tetelancingo,,tetelancingo
tetelancingo_nahuatl/audios/speaker2_Tetel_Narra_ZWZ835_WWT836_2022-05-25-b_3008991.0-3010477.0.wav,WWT836,ah mox porque yopeu quiyouitl,tetelancingo,,tetelancingo
tetelancingo_nahuatl/audios/speaker2_Tetel_Narra_ZWZ835_WWT836_2022-05-25-b_3011670.0-3014613.0.wav,WWT836,uan ocse yeh amo yeh sa ohcon ocualanteu uiuitlatztic in couitl,tetelancingo,,tetelancingo
tetelancingo_nahuatl/audios/speaker2_Tetel_Narra_ZWZ835_WWT836_2022-05-25-b_3015970.0-3017527.0.wav,WWT836,pero yeh ocualtimoueh,tetelancingo,,tetelancingo
tetelancingo_nahuatl/audios/speaker2_Tetel_Narra_ZWZ835_WWT836_2022-05-25-b_3019570.0-3025891.0.wav,WWT836,ohcon yoehcoqueh neh niquiluia titlacuasqueh como neh oniehcotiuitz niman onicman nonixcon como amo tlenoh tons nen,tetelancingo,,tetelancingo
tetelancingo_nahuatl/audios/speaker2_Tetel_Narra_ZWZ835_WWT836_2022-05-25-b_3026841.0-3033234.0.wav,WWT836,niquiluia nantlacuasqueh nichihchiuas mas nen mas este ohcon lenteja ica longaniza,tetelancingo,,tetelancingo
tetelancingo_nahuatl/audios/speaker2_Tetel_Narra_ZWZ835_WWT836_2022-05-25-b_3033799.0-3040606.0.wav,WWT836,"quihtoa amo amo mayaneh porque oquintlamacac imabuelita, tons niquiluia ah bueno tla amo nitlacuasqueh xicchiuacan namotarea",tetelancingo,,tetelancingo
tetelancingo_nahuatl/audios/speaker2_Tetel_Narra_ZWZ835_WWT836_2022-05-25-b_3041384.0-3047120.0.wav,WWT836,yehuan ocatca nepa tlahtic tehuan otimotlatiuihqueh tiquitztoqueh La Anabel de Consuelo,tetelancingo,,tetelancingo
tetelancingo_nahuatl/audios/speaker2_Tetel_Narra_ZWZ835_WWT836_2022-05-25-b_3048038.0-3049158.0.wav,WWT836,mas tipitzin,tetelancingo,,tetelancingo
tetelancingo_nahuatl/audios/speaker2_Tetel_Narra_ZWZ835_WWT836_2022-05-25-b_3064185.0-3070358.0.wav,WWT836,ica non nen ocpanan bueno oc... nis quihtoa macuica ye nen Feliciano nen escalera,tetelancingo,,tetelancingo
tetelancingo_nahuatl/audios/speaker2_Tetel_Narra_ZWZ835_WWT836_2022-05-25-b_3071398.0-3074051.0.wav,WWT836,"quihtoa ay Dios, uan yeh yi uitztoc yeh acmo niqui meuas tons quihtoa",tetelancingo,,tetelancingo
tetelancingo_nahuatl/audios/speaker2_Tetel_Narra_ZWZ835_WWT836_2022-05-25-b_3075499.0-3080579.0.wav,WWT836,totoxtileh nen yi quiluia itelpocau ix cahcocaua yen tehuatl escalera,tetelancingo,,tetelancingo
tetelancingo_nahuatl/audios/speaker2_Tetel_Narra_ZWZ835_WWT836_2022-05-25-b_3080848.0-3084623.0.wav,WWT836,tons ica non san nen oqui... ocsipa ocahcocauato,tetelancingo,,tetelancingo
tetelancingo_nahuatl/audios/speaker2_Tetel_Narra_ZWZ835_WWT836_2022-05-25-b_3089439.0-3091056.0.wav,WWT836,amati,tetelancingo,,tetelancingo
tetelancingo_nahuatl/audios/speaker2_Tetel_Narra_ZWZ835_WWT836_2022-05-25-b_3095691.0-3098021.0.wav,WWT836,amo xococ amati nen tlalixtl mox isqui,tetelancingo,,tetelancingo
tetelancingo_nahuatl/audios/speaker2_Tetel_Narra_ZWZ835_WWT836_2022-05-25-b_3102360.0-3103913.0.wav,WWT836,yeh xococ hasta acmo,tetelancingo,,tetelancingo
tetelancingo_nahuatl/audios/speaker2_Tetel_Narra_ZWZ835_WWT836_2022-05-25-b_3108870.0-3110541.0.wav,WWT836,ah sí cierto,tetelancingo,,tetelancingo
tetelancingo_nahuatl/audios/speaker2_Tetel_Narra_ZWZ835_WWT836_2022-05-25-b_3111541.0-3113184.0.wav,WWT836,amo secmati,tetelancingo,,tetelancingo
tetelancingo_nahuatl/audios/speaker2_Tetel_Narra_ZWZ835_WWT836_2022-05-25-b_3120870.0-3122356.0.wav,WWT836,ah sí ahorita,tetelancingo,,tetelancingo
tetelancingo_nahuatl/audios/speaker2_Tetel_Narra_ZWZ835_WWT836_2022-05-25-b_3123898.0-3129041.0.wav,WWT836,"acmo, ahorita hasta mas yen duraznos acmo no mochiuqueh quen ne ahcoic xiquita durazno axan amo quipiya",tetelancingo,,tetelancingo
tetelancingo_nahuatl/audios/speaker2_Tetel_Narra_ZWZ835_WWT836_2022-05-25-b_3132405.0-3133548.0.wav,WWT836,ah pues amo,tetelancingo,,tetelancingo
tetelancingo_nahuatl/audios/speaker2_Tetel_Narra_ZWZ835_WWT836_2022-05-25-b_3134063.0-3134906.0.wav,WWT836,teaxca,tetelancingo,,tetelancingo
tetelancingo_nahuatl/audios/speaker2_Tetel_Narra_ZWZ835_WWT836_2022-05-25-b_3135777.0-3138484.0.wav,WWT836,tehuan necah durazno axan cualtzin quipiya,tetelancingo,,tetelancingo
tetelancingo_nahuatl/audios/speaker2_Tetel_Narra_ZWZ835_WWT836_2022-05-25-b_3139313.0-3140670.0.wav,WWT836,xa mochiuas,tetelancingo,,tetelancingo
tetelancingo_nahuatl/audios/speaker2_Tetel_Narra_ZWZ835_WWT836_2022-05-25-b_3146163.0-3147399.0.wav,WWT836,ah sí,tetelancingo,,tetelancingo
tetelancingo_nahuatl/audios/speaker2_Tetel_Narra_ZWZ835_WWT836_2022-05-25-b_3153406.0-3161363.0.wav,WWT836,uan axan yen cada vez nitlapaca uan ya nechtlantiu neneh atl nicahco tlatiuilia atl ica manguera,tetelancingo,,tetelancingo
tetelancingo_nahuatl/audios/speaker2_Tetel_Narra_ZWZ835_WWT836_2022-05-25-b_3161613.0-3167360.0.wav,WWT836,pues quen cualtzin quipiya durazno uan yeh amo ahcon mochiuayah quemah mochiua pero,tetelancingo,,tetelancingo
tetelancingo_nahuatl/audios/speaker2_Tetel_Narra_ZWZ835_WWT836_2022-05-25-b_3167683.0-3174452.0.wav,WWT836,ueuehcatzitzin uan axan cualtzin quipiyah axan nimoluihtoc nictocas siqui ohpal campa ic nen,tetelancingo,,tetelancingo
tetelancingo_nahuatl/audios/speaker2_Tetel_Narra_ZWZ835_WWT836_2022-05-25-b_3174537.0-3180030.0.wav,WWT836,corral ixtenco xiquita non nis nixtlal ompa nicpantitlantoc yeh simi cuali,tetelancingo,,tetelancingo
tetelancingo_nahuatl/audios/speaker2_Tetel_Narra_ZWZ835_WWT836_2022-05-25-b_3180553.0-3184330.0.wav,WWT836,achton yonimopiyaltihtoya nohpal hasta ompa yi nechualahanilaya ohpal,tetelancingo,,tetelancingo
tetelancingo_nahuatl/audios/speaker2_Tetel_Narra_ZWZ835_WWT836_2022-05-25-b_3184729.0-3185867.0.wav,WWT836,pero ouac,tetelancingo,,tetelancingo
tetelancingo_nahuatl/audios/speaker2_Tetel_Narra_ZWZ835_WWT836_2022-05-25-b_3186275.0-3188352.0.wav,WWT836,ouac amo secmati queyeh,tetelancingo,,tetelancingo
tetelancingo_nahuatl/audios/speaker2_Tetel_Narra_ZWZ835_WWT836_2022-05-25-b_3193499.0-3197653.0.wav,WWT836,nimoluihtoc nictlahtlanis se Doña Marisela iohpal cualtzin nis amo cachi uihuitzo,tetelancingo,,tetelancingo
tetelancingo_nahuatl/audios/speaker2_Tetel_Narra_ZWZ835_WWT836_2022-05-25-b_3198375.0-3200644.0.wav,WWT836,amo xococ cualtzin uelic,tetelancingo,,tetelancingo
tetelancingo_nahuatl/audios/speaker2_Tetel_Narra_ZWZ835_WWT836_2022-05-25-b_3201813.0-3205929.0.wav,WWT836,ah yeh isiuca neneh isiuca niman ne... pegariui,tetelancingo,,tetelancingo
tetelancingo_nahuatl/audios/speaker2_Tetel_Narra_ZWZ835_WWT836_2022-05-25-b_3213975.0-3218706.0.wav,WWT836,yeh tzinaxoyoa yeh amo yeh simi simi yeh cachi cualtzin yoli ica tonaltzin,tetelancingo,,tetelancingo
tetelancingo_nahuatl/audios/speaker2_Tetel_Narra_ZWZ835_WWT836_2022-05-25-b_3219291.0-3220391.0.wav,WWT836,yeh ica tonaltzin,tetelancingo,,tetelancingo
tetelancingo_nahuatl/audios/speaker2_Tetel_Narra_ZWZ835_WWT836_2022-05-25-b_3224329.0-3227613.0.wav,WWT836,ay Dios yeh otzinaxoyoh,tetelancingo,,tetelancingo
tetelancingo_nahuatl/audios/speaker2_Tetel_Narra_ZWZ835_WWT836_2022-05-25-b_3260648.0-3266098.0.wav,WWT836,onimachileh uelic uan nen como ya quemanian cuitlatzitzin quihtoah in mox ohcon uicasqueh in tlaxcal,tetelancingo,,tetelancingo
tetelancingo_nahuatl/audios/speaker2_Tetel_Narra_ZWZ835_WWT836_2022-05-25-b_3266328.0-3280158.0.wav,WWT836,niquiluia ay quemah pero xa ohcon milauac cuando milauac amo setematlanis canin milauac mas niquincauilitiu nimoluia mas niquincauilitiu totonqui nouelic totonqui porque de yoseseyac yeh amo uelic,tetelancingo,,tetelancingo
tetelancingo_nahuatl/audios/speaker2_Tetel_Narra_ZWZ835_WWT836_2022-05-25-b_3282558.0-3292138.0.wav,WWT836,niquimiluia neneh xichiyacan nen ma quemanian milauac amo cani niyas niquiluia nimechchihchiuilis ohcon namotlaxcal,tetelancingo,,tetelancingo
tetelancingo_nahuatl/audios/speaker2_Tetel_Narra_ZWZ835_WWT836_2022-05-25-b_3327798.0-3329581.0.wav,WWT836,mox ocsipa yi quipiya tomen,tetelancingo,,tetelancingo
tetelancingo_nahuatl/audios/speaker2_Tetel_Narra_ZWZ835_WWT836_2022-05-25-b_3344990.0-3345823.0.wav,WWT836,sobraroh,tetelancingo,,tetelancingo
tetelancingo_nahuatl/audios/speaker2_Tetel_Narra_ZWZ835_WWT836_2022-05-25-b_3352356.0-3353773.0.wav,WWT836,tons no yi mitzmacas,tetelancingo,,tetelancingo
tetelancingo_nahuatl/audios/speaker2_Tetel_Narra_ZWZ835_WWT836_2022-05-25-b_3358690.0-3365873.0.wav,WWT836,ah ya uan yeh milauac cuitlatzitzin quiniqueh cuicasqueh pero yeh preparado milauac quemeh ya momati cuicah o sea quemeh cuica i...,tetelancingo,,tetelancingo
tetelancingo_nahuatl/audios/speaker2_Tetel_Narra_ZWZ835_WWT836_2022-05-25-b_3367058.0-3369138.0.wav,WWT836,iingredientes nochi non,tetelancingo,,tetelancingo
tetelancingo_nahuatl/audios/speaker2_Tetel_Narra_ZWZ835_WWT836_2022-05-25-b_3372871.0-3374089.0.wav,WWT836,ah sí,tetelancingo,,tetelancingo
tetelancingo_nahuatl/audios/speaker2_Tetel_Narra_ZWZ835_WWT836_2022-05-25-b_3376316.0-3383316.0.wav,WWT836,yeh ohcon cuitlatzitzin quiniqueh tlamo mox no ohcon queh gorditas pero quiihticuicas papas mox ica papas,tetelancingo,,tetelancingo
tetelancingo_nahuatl/audios/speaker2_Tetel_Narra_ZWZ835_WWT836_2022-05-25-b_3383797.0-3394869.0.wav,WWT836,ohcon quimateh cualtzin uelic niquiluia quemah pero pues yi quemanian san ohcon o... oniquintoctihca quemeh pero yeh no ohcon cuica oniquintlalileh ica nen quemeh este yeh col,tetelancingo,,tetelancingo
tetelancingo_nahuatl/audios/speaker2_Tetel_Narra_ZWZ835_WWT836_2022-05-25-b_3395583.0-3406626.0.wav,WWT836,ica col pero como amo miac san tzocopintzin pero neneh o... quihtoa oquinpacteh mas niquinmiluia quemanian queman quemanian nimechchihchiuilis quenin youac oticuahqueh,tetelancingo,,tetelancingo
tetelancingo_nahuatl/audios/speaker2_Tetel_Narra_ZWZ835_WWT836_2022-05-25-b_3406926.0-3419840.0.wav,WWT836,pero niquinuiquilis totonqui cuando niquixyehyecos tlen hora yi tlacuah yi niquinuiquilis pero cuando amo can niyas porque cuando milauac mas se tematlani o tlenoh amo secmaca tiempo,tetelancingo,,tetelancingo
tetelancingo_nahuatl/audios/speaker2_Tetel_Narra_ZWZ835_WWT836_2022-05-25-b_3423697.0-3424725.0.wav,WWT836,por eso,tetelancingo,,tetelancingo
tetelancingo_nahuatl/audios/speaker2_Tetel_Narra_ZWZ835_WWT836_2022-05-25-b_3425597.0-3439397.0.wav,WWT836,"ica non quihtoah in quemah, pues si cuando cah tomen pues uilis xicoa tlenoh quemeh yi yehuan quiniquisqueh uan cuando amo pues amo mas mocnictocah amo tlenoh pues canin sequincuilis",tetelancingo,,tetelancingo
tetelancingo_nahuatl/audios/speaker2_Tetel_Narra_ZWZ835_WWT836_2022-05-25-b_3442154.0-3452482.0.wav,WWT836,"ah sí, ica non coconeh yeh xa no quihtoa pues quemanian cuando nipiyas tiempo tampoco nechobligarosqueh",tetelancingo,,tetelancingo
tetelancingo_nahuatl/audios/speaker2_Tetel_Narra_ZWZ835_WWT836_2022-05-25-b_3463982.0-3465197.0.wav,WWT836,ah sí,tetelancingo,,tetelancingo
tetelancingo_nahuatl/audios/speaker2_Tetel_Narra_ZWZ835_WWT836_2022-05-25-b_3476697.0-3478340.0.wav,WWT836,ah sí,tetelancingo,,tetelancingo
tetelancingo_nahuatl/audios/speaker2_Tetel_Narra_ZWZ835_WWT836_2022-05-25-b_3478640.0-3480612.0.wav,WWT836,pues sí antes tehuan mox,tetelancingo,,tetelancingo
tetelancingo_nahuatl/audios/speaker2_Tetel_Narra_ZWZ835_WWT836_2022-05-25-b_3482097.0-3485268.0.wav,WWT836,ah sí nochi san queh semopatlatiu,tetelancingo,,tetelancingo
tetelancingo_nahuatl/audios/speaker2_Tetel_Narra_ZWZ835_WWT836_2022-05-25-b_3487412.0-3494269.0.wav,WWT836,tehuan mox antes otech... otechahuayah que tlenoh axan mox no tehuan yi sequinmahua topiluan,tetelancingo,,tetelancingo
tetelancingo_nahuatl/audios/speaker2_Tetel_Narra_ZWZ835_WWT836_2022-05-25-b_3494640.0-3504883.0.wav,WWT836,topiluan satepan ocsipa yehuan tiquinmahuasqueh inpiluan milauac ohcon uan nochi secmolnamiquilihtiu quen se itahuan secchiua ahorita topiluan no techilnamictilisqueh,tetelancingo,,tetelancingo
tetelancingo_nahuatl/audios/speaker2_Tetel_Narra_ZWZ835_WWT836_2022-05-25-b_3507983.0-3509669.0.wav,WWT836,pero yeh milauac,tetelancingo,,tetelancingo
tetelancingo_nahuatl/audios/speaker2_Tetel_Narra_ZWZ835_WWT836_2022-05-25-b_3522140.0-3524898.0.wav,WWT836,ay Dios quescan,tetelancingo,,tetelancingo
tetelancingo_nahuatl/audios/speaker2_Tetel_Narra_ZWZ835_WWT836_2022-05-25-b_3538612.0-3540197.0.wav,WWT836,seis pesos,tetelancingo,,tetelancingo
tetelancingo_nahuatl/audios/speaker2_Tetel_Narra_ZWZ835_WWT836_2022-05-25-b_3551497.0-3553426.0.wav,WWT836,leña seca,tetelancingo,,tetelancingo
tetelancingo_nahuatl/audios/speaker2_Tetel_Narra_ZWZ835_WWT836_2022-05-25-b_3582098.0-3583653.0.wav,WWT836,ah sí,tetelancingo,,tetelancingo
tetelancingo_nahuatl/audios/speaker2_Tetel_Narra_ZWZ835_WWT836_2022-05-25-b_3623787.0-3625137.0.wav,WWT836,ay Dios,tetelancingo,,tetelancingo
tetelancingo_nahuatl/audios/speaker2_Tetel_Narra_ZWZ835_WWT836_2022-05-25-b_3660628.0-3662968.0.wav,WWT836,"non yen ne, yen Federico",tetelancingo,,tetelancingo
tetelancingo_nahuatl/audios/speaker2_Tetel_Narra_ZWZ835_WWT836_2022-05-25-b_3687623.0-3689023.0.wav,WWT836,ay Dios,tetelancingo,,tetelancingo
tetelancingo_nahuatl/audios/speaker2_Tetel_Narra_ZWZ835_WWT836_2022-05-25-b_3692898.0-3695248.0.wav,WWT836,"tecouilis, couilis iconeu",tetelancingo,,tetelancingo
tetelancingo_nahuatl/audios/speaker2_Tetel_Narra_ZWZ835_WWT836_2022-05-25-b_3696640.0-3697931.0.wav,WWT836,ay Dios,tetelancingo,,tetelancingo
tetelancingo_nahuatl/audios/speaker2_Tetel_Narra_ZWZ835_WWT836_2022-05-25-b_3706881.0-3708215.0.wav,WWT836,ah pues sí,tetelancingo,,tetelancingo
tetelancingo_nahuatl/audios/speaker2_Tetel_Narra_ZWZ835_WWT836_2022-05-25-b_3710590.0-3724007.0.wav,WWT836,triste pues yeh triste milauac se ivida cuando sepanoa ohcon triste triste porque la verdad imaginate tiyoh nion amo se peso uan quichiua seahsi seamiqui sequileuiya mas se refresco,tetelancingo,,tetelancingo
tetelancingo_nahuatl/audios/speaker2_Tetel_Narra_ZWZ835_WWT836_2022-05-25-b_3724787.0-3726031.0.wav,WWT836,uan yeh amo tlen,tetelancingo,,tetelancingo
tetelancingo_nahuatl/audios/speaker2_Tetel_Narra_ZWZ835_WWT836_2022-05-25-b_3744864.0-3746231.0.wav,WWT836,yeh coconeh,tetelancingo,,tetelancingo
tetelancingo_nahuatl/audios/speaker2_Tetel_Narra_ZWZ835_WWT836_2022-05-25-b_3763576.0-3765065.0.wav,WWT836,ah sí,tetelancingo,,tetelancingo
tetelancingo_nahuatl/audios/speaker2_Tetel_Narra_ZWZ835_WWT836_2022-05-25-b_3792920.0-3793975.0.wav,WWT836,ah sí,tetelancingo,,tetelancingo
tetelancingo_nahuatl/audios/speaker2_Tetel_Narra_ZWZ835_WWT836_2022-05-25-b_3798709.0-3800120.0.wav,WWT836,tlen sa,tetelancingo,,tetelancingo
tetelancingo_nahuatl/audios/speaker2_Tetel_Narra_ZWZ835_WWT836_2022-05-25-b_3803654.0-3807620.0.wav,WWT836,quen nican ocatca cosas milauac coconeh san tzicuintoqueh,tetelancingo,,tetelancingo
tetelancingo_nahuatl/audios/speaker2_Tetel_Narra_ZWZ835_WWT836_2022-05-25-b_3809076.0-3810398.0.wav,WWT836,"se, ya ocse ya",tetelancingo,,tetelancingo
tetelancingo_nahuatl/audios/speaker2_Tetel_Narra_ZWZ835_WWT836_2022-05-25-b_3816842.0-3817987.0.wav,WWT836,patiyoh,tetelancingo,,tetelancingo
tetelancingo_nahuatl/audios/speaker2_Tetel_Narra_ZWZ835_WWT836_2022-05-25-b_3822753.0-3824453.0.wav,WWT836,ay Dios,tetelancingo,,tetelancingo
tetelancingo_nahuatl/audios/speaker2_Tetel_Narra_ZWZ835_WWT836_2022-05-25-b_3833131.0-3846209.0.wav,WWT836,ah quemah y por sí y por sí nen ah sí y por sí in gratis porque neh niquilnamictoc milauac cachi antes otiyayah nen fiestas ompa Omitlán yeh gratis milauac hasta ma se milauac hasta seixui ica refresco,tetelancingo,,tetelancingo
tetelancingo_nahuatl/audios/speaker2_Tetel_Narra_ZWZ835_WWT836_2022-05-25-b_3847387.0-3856587.0.wav,WWT836,milauac yi tlen tonal simi otiyayah tiiluitiyah axan acmo niquilnamictoc yi tlen tonal oc cuando oc onicatca nosel neh oniyaya ne Sempoaltepec,tetelancingo,,tetelancingo
tetelancingo_nahuatl/audios/speaker2_Tetel_Narra_ZWZ835_WWT836_2022-05-25-b_3872498.0-3873320.0.wav,WWT836,ompa nen,tetelancingo,,tetelancingo
tetelancingo_nahuatl/audios/speaker2_Tetel_Narra_ZWZ835_WWT836_2022-05-25-b_3880464.0-3883609.0.wav,WWT836,ompa omihxasiqueh pero a ver yen Concepcion occuileh,tetelancingo,,tetelancingo
tetelancingo_nahuatl/audios/speaker2_Tetel_Narra_ZWZ835_WWT836_2022-05-25-b_3886976.0-3891164.0.wav,WWT836,"quemah, ica non nen niquilnamictoc quenin otiyayah",tetelancingo,,tetelancingo
tetelancingo_nahuatl/audios/speaker2_Tetel_Narra_ZWZ835_WWT836_2022-05-25-b_3900809.0-3902920.0.wav,WWT836,ica uahcal nen oticuicayah,tetelancingo,,tetelancingo
tetelancingo_nahuatl/audios/speaker2_Tetel_Narra_ZWZ835_WWT836_2022-05-25-b_3904187.0-3910920.0.wav,WWT836,"yehuatl oticuahcalcouihqueh pero amo, amo, amo qui... quemeh osequihtoh ic secmemehtinimis como",tetelancingo,,tetelancingo
tetelancingo_nahuatl/audios/speaker2_Tetel_Narra_ZWZ835_WWT836_2022-05-25-b_3919498.0-3921020.0.wav,WWT836,sequixcuauihtas,tetelancingo,,tetelancingo
tetelancingo_nahuatl/audios/speaker2_Tetel_Narra_ZWZ835_WWT836_2022-05-25-b_3939408.0-3952420.0.wav,WWT836,"amo, tehuan nen yeh tehuan amo oticouasqui uan yen ohcon nomaman quihtoa xiuahcalcouican namoconeu vayi cualtzin conetl uan milauac o... milauac otlacat chipauac nis hasta cuatisictic",tetelancingo,,tetelancingo
tetelancingo_nahuatl/audios/speaker2_Tetel_Narra_ZWZ835_WWT836_2022-05-25-b_3953020.0-3966564.0.wav,WWT836,ohcon nen uan nen uan entonces ompa neneh mox no milauac oticouilihqueh iuahcal pero como yeh nomaman ocatca yeh difuntitahtzin ocatca nehuatl ocatca Florencia milauac hasta amo oseccauaya,tetelancingo,,tetelancingo
tetelancingo_nahuatl/audios/speaker2_Tetel_Narra_ZWZ835_WWT836_2022-05-25-b_3967220.0-3981631.0.wav,WWT836,"nochipa secnapaloa, pero tla tiquihtos tictecatiu queh quicaua in cama, como yomoacostumbraroh nochipa secuicatinimi nen ohcon hasta que amo osecmacauaya tipitzin chocas niman yi secantoc tipitzin chocas niman yosecantoc",tetelancingo,,tetelancingo
tetelancingo_nahuatl/audios/speaker2_Tetel_Narra_ZWZ835_WWT836_2022-05-25-b_3981964.0-3991564.0.wav,WWT836,y pero ipa como ocmocauaya difuntatzin niquihtohtoc nehuatl oniyayah ica in cacapulin cuando otimochantihtoyah nechcauilihteua conformitzin siquiera para nen,tetelancingo,,tetelancingo
tetelancingo_nahuatl/audios/speaker2_Tetel_Narra_ZWZ835_WWT836_2022-05-25-b_3992389.0-4000553.0.wav,WWT836,yi tlenoh no nech... que nechtlahtlanihtas itlaxtlauil tlaqueual pero aún así a veces nechtlahtlania mas se ciento cincuenta se doscientos,tetelancingo,,tetelancingo
tetelancingo_nahuatl/audios/speaker2_Tetel_Narra_ZWZ835_WWT836_2022-05-25-b_4001034.0-4006107.0.wav,WWT836,uan tomen amo tlenoh uan yeh xa nipixtoc mas tzocopintzin axan para i... nen itlacual quenin,tetelancingo,,tetelancingo
tetelancingo_nahuatl/audios/speaker2_Tetel_Narra_ZWZ835_WWT836_2022-05-25-b_4006616.0-4010025.0.wav,WWT836,ohcon onimocahcauaya noyiuqui onimitziluihtoc oniyaya ica in cacapolin,tetelancingo,,tetelancingo
tetelancingo_nahuatl/audios/speaker2_Tetel_Narra_ZWZ835_WWT836_2022-05-25-b_4010925.0-4013607.0.wav,WWT836,pero neneh ohcon yotimochantihqueh,tetelancingo,,tetelancingo
tetelancingo_nahuatl/audios/speaker2_Tetel_Narra_ZWZ835_WWT836_2022-05-25-b_4015471.0-4017734.0.wav,WWT836,ah sí mitzalcansaroa,tetelancingo,,tetelancingo
tetelancingo_nahuatl/audios/speaker2_Tetel_Narra_ZWZ835_WWT836_2022-05-25-b_4021634.0-4022971.0.wav,WWT836,ah sí,tetelancingo,,tetelancingo
tetelancingo_nahuatl/audios/speaker2_Tetel_Narra_ZWZ835_WWT836_2022-05-25-b_4027598.0-4028689.0.wav,WWT836,nochi oyah,tetelancingo,,tetelancingo
tetelancingo_nahuatl/audios/speaker2_Tetel_Narra_ZWZ835_WWT836_2022-05-25-b_4042352.0-4043107.0.wav,WWT836,quemah,tetelancingo,,tetelancingo
tetelancingo_nahuatl/audios/speaker2_Tetel_Narra_ZWZ835_WWT836_2022-05-25-b_4043898.0-4045080.0.wav,WWT836,ah sí,tetelancingo,,tetelancingo
tetelancingo_nahuatl/audios/speaker2_Tetel_Narra_ZWZ835_WWT836_2022-05-25-b_4048125.0-4050280.0.wav,WWT836,"pues amo, ica non nen",tetelancingo,,tetelancingo
tetelancingo_nahuatl/audios/speaker2_Tetel_Narra_ZWZ835_WWT836_2022-05-25-b_4051516.0-4058253.0.wav,WWT836,ohcon oticuahcalcouihqueh ica non ocsipa nen noFeli yotlacatito,tetelancingo,,tetelancingo
tetelancingo_nahuatl/audios/speaker2_Tetel_Narra_ZWZ835_WWT836_2022-05-25-b_4059479.0-4069561.0.wav,WWT836,"amo, aún así amo ocsipa Nestor menor ya último otech... nican otechmatlanico Doña Augustina ihcuac Cynthia ompa nican oualahca",tetelancingo,,tetelancingo
tetelancingo_nahuatl/audios/speaker2_Tetel_Narra_ZWZ835_WWT836_2022-05-25-b_4070170.0-4076361.0.wav,WWT836,"uan oquitac uahcal ompa pilcatoc trato oquinic manicnamaquilti uahcal amo no onechmacac tomen, oquinic nen",tetelancingo,,tetelancingo
tetelancingo_nahuatl/audios/speaker2_Tetel_Narra_ZWZ835_WWT836_2022-05-25-b_4078789.0-4086307.0.wav,WWT836,neh mox no onicmacac uahcal mox yen para neneh Santiago nen ic memesqueh yeh xa hasta dion amo ocmemehqueh,tetelancingo,,tetelancingo
tetelancingo_nahuatl/audios/speaker2_Tetel_Narra_ZWZ835_WWT836_2022-05-25-b_4087161.0-4089843.0.wav,WWT836,neneh ohcon nen onictemacac uahcal,tetelancingo,,tetelancingo
tetelancingo_nahuatl/audios/speaker2_Tetel_Narra_ZWZ835_WWT836_2022-05-25-b_4120814.9999999995-4122031.0.wav,WWT836,sectzinpancocoa,tetelancingo,,tetelancingo
tetelancingo_nahuatl/audios/speaker2_Tetel_Narra_ZWZ835_WWT836_2022-05-25-b_4125828.9999999995-4127013.0.wav,WWT836,amo semihmatoc,tetelancingo,,tetelancingo
tetelancingo_nahuatl/audios/speaker2_Tetel_Narra_ZWZ835_WWT836_2022-05-25-b_4129712.9999999995-4132898.0.wav,WWT836,ah sí uan sanmiguelca quen cuali moacomodaroa,tetelancingo,,tetelancingo
tetelancingo_nahuatl/audios/speaker2_Tetel_Narra_ZWZ835_WWT836_2022-05-25-b_4134243.9999999995-4135212.9999999995.wav,WWT836,yomihmatqueh,tetelancingo,,tetelancingo
tetelancingo_nahuatl/audios/speaker2_Tetel_Narra_ZWZ835_WWT836_2022-05-25-b_4136613.0000000005-4139898.0.wav,WWT836,uan nochi ohcon sequinmitztiu tlen tla coneauihtoc nochi ica uahcal,tetelancingo,,tetelancingo
tetelancingo_nahuatl/audios/speaker2_Tetel_Narra_ZWZ835_WWT836_2022-05-25-b_4140629.0-4141437.0.wav,WWT836,nochi ica uahcal,tetelancingo,,tetelancingo
tetelancingo_nahuatl/audios/speaker2_Tetel_Narra_ZWZ835_WWT836_2022-05-25-b_4143390.9999999995-4147514.0.wav,WWT836,patiyoh niquilnamictoc tehuan oticcohqueh uahcal ica trescientos cincuenta,tetelancingo,,tetelancingo
tetelancingo_nahuatl/audios/speaker2_Tetel_Narra_ZWZ835_WWT836_2022-05-25-b_4149029.0000000005-4151906.0.wav,WWT836,"ahorita, ahorita quihtoah mas de seiscientos",tetelancingo,,tetelancingo
tetelancingo_nahuatl/audios/speaker2_Tetel_Narra_ZWZ835_WWT836_2022-05-25-b_4152491.0-4153798.0.wav,WWT836,ya yi patiyohqueh,tetelancingo,,tetelancingo
tetelancingo_nahuatl/audios/speaker2_Tetel_Narra_ZWZ835_WWT836_2022-05-25-b_4155460.0-4157582.9999999995.wav,WWT836,si yeh ohcon pero pues,tetelancingo,,tetelancingo
tetelancingo_nahuatl/audios/speaker2_Tetel_Narra_ZWZ835_WWT836_2022-05-25-b_4164191.0-4165430.9999999995.wav,WWT836,xa motimasqueh,tetelancingo,,tetelancingo
tetelancingo_nahuatl/audios/speaker2_Tetel_Narra_ZWZ835_WWT836_2022-05-25-b_4167272.0-4169352.0.wav,WWT836,mota yoquitlalihqueh in timascal,tetelancingo,,tetelancingo
tetelancingo_nahuatl/audios/speaker2_Tetel_Narra_ZWZ835_WWT836_2022-05-25-b_4170051.9999999995-4175497.9999999995.wav,WWT836,pues nen milauac yeh acmo timotintoqueh nican non hasta achto otimotinqueh mox quihto que amo nochan,tetelancingo,,tetelancingo
tetelancingo_nahuatl/audios/speaker2_Tetel_Narra_ZWZ835_WWT836_2022-05-25-b_4176423.0-4177348.0.wav,WWT836,milauac,tetelancingo,,tetelancingo
tetelancingo_nahuatl/audios/speaker2_Tetel_Narra_ZWZ835_WWT836_2022-05-25-b_4181555.9999999995-4183555.9999999995.wav,WWT836,uan yeh ahorita ocsipa yoquitlalihqueh,tetelancingo,,tetelancingo
tetelancingo_nahuatl/audios/speaker2_Tetel_Narra_ZWZ835_WWT836_2022-05-25-b_4184231.0-4188305.9999999995.wav,WWT836,nimachiliah queh non nican techan queh raro nimachilia,tetelancingo,,tetelancingo
tetelancingo_nahuatl/audios/speaker2_Tetel_Narra_ZWZ835_WWT836_2022-05-25-b_4188990.0-4190805.9999999995.wav,WWT836,yen acmo semotintoc,tetelancingo,,tetelancingo
tetelancingo_nahuatl/audios/speaker2_Tetel_Narra_ZWZ835_WWT836_2022-05-25-b_4204631.0-4205465.0.wav,WWT836,quemah,tetelancingo,,tetelancingo
tetelancingo_nahuatl/audios/speaker2_Tetel_Narra_ZWZ835_WWT836_2022-05-25-b_4217989.0-4225952.0.wav,WWT836,"mostla yen teh mitztocaroa titetlamacas, Viernes como amo clases bueno si es que tla amo clases tons yeh nen Leonor",tetelancingo,,tetelancingo
tetelancingo_nahuatl/audios/speaker2_Tetel_Narra_ZWZ835_WWT836_2022-05-25-b_4226967.0-4229397.0.wav,WWT836,tla clases yen Leonor tetlamacas,tetelancingo,,tetelancingo
tetelancingo_nahuatl/audios/speaker2_Tetel_Narra_ZWZ835_WWT836_2022-05-25-b_4236747.0-4238917.0.wav,WWT836,quen amo siyouis pobre tlapiyal,tetelancingo,,tetelancingo
tetelancingo_nahuatl/audios/speaker2_Tetel_Narra_ZWZ835_WWT836_2022-05-25-b_4243253.0-4244780.0.wav,WWT836,ah sí,tetelancingo,,tetelancingo
tetelancingo_nahuatl/audios/speaker2_Tetel_Narra_ZWZ835_WWT836_2022-05-25-b_4250898.0-4251907.0.wav,WWT836,quemah,tetelancingo,,tetelancingo
tetelancingo_nahuatl/audios/speaker2_Tetel_Narra_ZWZ835_WWT836_2022-05-25-b_4255707.0-4257043.0.wav,WWT836,macuil xiuitl,tetelancingo,,tetelancingo
tetelancingo_nahuatl/audios/speaker2_Tetel_Narra_ZWZ835_WWT836_2022-05-25-b_4261016.0-4261944.0.wav,WWT836,siete,tetelancingo,,tetelancingo
tetelancingo_nahuatl/audios/speaker2_Tetel_Narra_ZWZ835_WWT836_2022-05-25-b_4266561.0-4267371.0.wav,WWT836,quemah,tetelancingo,,tetelancingo
tetelancingo_nahuatl/audios/speaker2_Tetel_Narra_ZWZ835_WWT836_2022-05-25-b_4267371.0-4273571.0.wav,WWT836,ah sí ca nochi tomen yoquinmacac uan noyiuqui telpochtl nen no cuali oquinpaleueh Esteban,tetelancingo,,tetelancingo
tetelancingo_nahuatl/audios/speaker2_Tetel_Narra_ZWZ835_WWT836_2022-05-25-b_4275462.0-4278771.0.wav,WWT836,"quemah, milauac amo osequitayah ix moseuiyah",tetelancingo,,tetelancingo
tetelancingo_nahuatl/audios/speaker2_Tetel_Narra_ZWZ835_WWT836_2022-05-25-b_4279871.0-4283844.0.wav,WWT836,"a veces cualcan, a veces mas yomoman tonal moman pero",tetelancingo,,tetelancingo
tetelancingo_nahuatl/audios/speaker2_Tetel_Narra_ZWZ835_WWT836_2022-05-25-b_4284462.0-4289871.0.wav,WWT836,aun así milauac ocpiyayah tiquitl uan axan quihtoah simi yomodesviaroh telpochtl,tetelancingo,,tetelancingo
tetelancingo_nahuatl/audios/speaker2_Tetel_Narra_ZWZ835_WWT836_2022-05-25-b_4332271.0-4334971.0.wav,WWT836,xiquita cuando ompa otiquitztoyah in fotos,tetelancingo,,tetelancingo
tetelancingo_nahuatl/audios/speaker2_Tetel_Narra_ZWZ835_WWT836_2022-05-25-b_4338798.0-4339961.0.wav,WWT836,mihtotihtoc,tetelancingo,,tetelancingo
tetelancingo_nahuatl/audios/speaker2_Tetel_Narra_ZWZ835_WWT836_2022-05-25-b_4352348.0-4353415.0.wav,WWT836,híjoles,tetelancingo,,tetelancingo
tetelancingo_nahuatl/audios/speaker2_Tetel_Narra_ZWZ835_WWT836_2022-05-25-b_4355681.0-4358006.0.wav,WWT836,milauac telpocatl simi yomodesviaroh,tetelancingo,,tetelancingo
tetelancingo_nahuatl/audios/speaker2_Tetel_Narra_ZWZ835_WWT836_2022-05-25-b_4359606.0-4361156.0.wav,WWT836,amo secmati queyeh,tetelancingo,,tetelancingo
tetelancingo_nahuatl/audios/speaker2_Tetel_Narra_ZWZ835_WWT836_2022-05-25-b_4363029.0-4363852.0.wav,WWT836,quemah,tetelancingo,,tetelancingo
tetelancingo_nahuatl/audios/speaker2_Tetel_Narra_ZWZ835_WWT836_2022-05-25-b_4369283.0-4370306.0.wav,WWT836,amo secmati,tetelancingo,,tetelancingo
tetelancingo_nahuatl/audios/speaker2_Tetel_Narra_ZWZ835_WWT836_2022-05-25-b_4376329.0-4377291.0.wav,WWT836,xa quemah,tetelancingo,,tetelancingo
tetelancingo_nahuatl/audios/speaker2_Tetel_Narra_ZWZ835_WWT836_2022-05-25-b_4384848.0-4391948.0.wav,WWT836,ah sí yeh quemah tlamo yeh este peuas uaquis chili como yeh nen tanto tona,tetelancingo,,tetelancingo
tetelancingo_nahuatl/audios/speaker2_Tetel_Narra_ZWZ835_WWT836_2022-05-25-b_4399177.0-4400548.0.wav,WWT836,yen titlah tipitzin,tetelancingo,,tetelancingo
tetelancingo_nahuatl/audios/speaker2_Tetel_Narra_ZWZ835_WWT836_2022-05-25-b_4402720.0-4403620.0.wav,WWT836,xa quemah,tetelancingo,,tetelancingo
tetelancingo_nahuatl/audios/speaker2_Tetel_Narra_ZWZ835_WWT836_2022-05-25-b_4409443.0-4410598.0.wav,WWT836,ah sí,tetelancingo,,tetelancingo
tetelancingo_nahuatl/audios/speaker2_Tetel_Narra_ZWZ835_WWT836_2022-05-25-b_4411598.0-4413889.0.wav,WWT836,quemah mostla tiotlac xa acmo,tetelancingo,,tetelancingo
tetelancingo_nahuatl/audios/speaker2_Tetel_Narra_ZWZ835_WWT836_2022-05-25-b_4418370.0-4420398.0.wav,WWT836,"ah sí, otiteluihqueh yen viernes",tetelancingo,,tetelancingo
tetelancingo_nahuatl/audios/speaker2_Tetel_Narra_ZWZ835_WWT836_2022-05-25-b_4422925.0-4423580.0.wav,WWT836,quemah,tetelancingo,,tetelancingo
tetelancingo_nahuatl/audios/speaker2_Tetel_Narra_ZWZ835_WWT836_2022-05-25-b_4426970.0-4427988.0.wav,WWT836,ah quemah,tetelancingo,,tetelancingo
tetelancingo_nahuatl/audios/speaker2_Tetel_Narra_ZWZ835_WWT836_2022-05-25-b_4429197.0-4434052.0.wav,WWT836,ica non xa tiyasqueh nen Sábado yen nen Jazmin,tetelancingo,,tetelancingo
tetelancingo_nahuatl/audios/speaker2_Tetel_Narra_ZWZ835_WWT836_2022-05-25-b_4442307.0-4443453.0.wav,WWT836,ah sí,tetelancingo,,tetelancingo
tetelancingo_nahuatl/audios/speaker2_Tetel_Narra_ZWZ835_WWT836_2022-05-25-b_4447870.0-4448879.0.wav,WWT836,yeh quemah,tetelancingo,,tetelancingo
tetelancingo_nahuatl/audios/speaker2_Tetel_Narra_ZWZ835_WWT836_2022-05-25-b_4451197.0-4455443.0.wav,WWT836,"a ver canin, tlen horas ehcosqueh in coyomeh mostla amo secmati",tetelancingo,,tetelancingo
tetelancingo_nahuatl/audios/speaker2_Tetel_Narra_ZWZ835_WWT836_2022-05-25-b_4463242.0-4476020.0.wav,WWT836,"ah sí como neneh, mati xa mox isqui ya quinuicasqueh cuicasqueh in tomen o este yi cualicasqueh despensa xa ayamo",tetelancingo,,tetelancingo
tetelancingo_nahuatl/audios/speaker2_Tetel_Narra_ZWZ835_WWT836_2022-05-25-b_4478564.0-4480398.0.wav,WWT836,puro copia de credencial,tetelancingo,,tetelancingo
tetelancingo_nahuatl/audios/speaker2_Tetel_Narra_ZWZ835_WWT836_2022-05-25-b_4502300.0-4503790.0.wav,WWT836,xa conveniroa,tetelancingo,,tetelancingo
tetelancingo_nahuatl/audios/speaker2_Tetel_Narra_ZWZ835_WWT836_2022-05-25-b_4507497.0-4508464.0.wav,WWT836,ah sí,tetelancingo,,tetelancingo
tetelancingo_nahuatl/audios/speaker2_Tetel_Narra_ZWZ835_WWT836_2022-05-25-b_4510853.0-4513597.0.wav,WWT836,"sí, a ver, ojalá niman maehcocan",tetelancingo,,tetelancingo
tetelancingo_nahuatl/audios/speaker2_Tetel_Narra_ZWZ835_WWT836_2022-05-25-b_4518631.0-4519864.0.wav,WWT836,amo secmati,tetelancingo,,tetelancingo
tetelancingo_nahuatl/audios/speaker2_Tetel_Narra_ZWZ835_WWT836_2022-05-25-b_4522520.0-4523731.0.wav,WWT836,canin nepa tlacpac,tetelancingo,,tetelancingo
tetelancingo_nahuatl/audios/speaker2_Tetel_Narra_ZWZ835_WWT836_2022-05-25-b_4535297.0-4537497.0.wav,WWT836,coconeh yomonilohqueh ica in juego,tetelancingo,,tetelancingo
tetelancingo_nahuatl/audios/speaker2_Tetel_Narra_ZWZ835_WWT836_2022-05-25-b_4540431.0-4543209.0.wav,WWT836,ah sí xa no ohcon oticatcah in tehuan,tetelancingo,,tetelancingo
tetelancingo_nahuatl/audios/speaker2_Tetel_Narra_ZWZ835_WWT836_2022-05-25-b_4557964.0-4559153.0.wav,WWT836,xa quemah,tetelancingo,,tetelancingo
tetelancingo_nahuatl/audios/speaker2_Tetel_Narra_ZWZ835_WWT836_2022-05-25-b_4579109.0-4581631.0.wav,WWT836,se tzocotzin semomagah ocsipa semonotztoc,tetelancingo,,tetelancingo
tetelancingo_nahuatl/audios/speaker2_Tetel_Narra_ZWZ835_WWT836_2022-05-25-b_4584553.0-4586109.0.wav,WWT836,ohcon merito,tetelancingo,,tetelancingo
tetelancingo_nahuatl/audios/speaker2_Tetel_Narra_ZWZ835_WWT836_2022-05-25-b_4587686.0-4594330.0.wav,WWT836,"ah sí yeh ya, yeh yotimoscaltihqueh axan yi titenanameh",tetelancingo,,tetelancingo
tetelancingo_nahuatl/audios/speaker2_Tetel_Narra_ZWZ835_WWT836_2022-05-25-b_4597520.0-4598476.0.wav,WWT836,ah sí,tetelancingo,,tetelancingo
tetelancingo_nahuatl/audios/speaker2_Tetel_Narra_ZWZ835_WWT836_2022-05-25-b_4601586.0-4604197.0.wav,WWT836,ay mas tehuan no ohcon ompa yoseualpanoc,tetelancingo,,tetelancingo
tetelancingo_nahuatl/audios/speaker2_Tetel_Narra_ZWZ835_WWT836_2022-05-25-b_4606242.0-4608153.0.wav,WWT836,yeh coconetzitzin como,tetelancingo,,tetelancingo
tetelancingo_nahuatl/audios/speaker2_Tetel_Narra_ZWZ835_WWT836_2022-05-25-b_4611320.0-4612286.0.wav,WWT836,doce,tetelancingo,,tetelancingo
tetelancingo_nahuatl/audios/speaker2_Tetel_Narra_ZWZ835_WWT836_2022-05-25-b_4618775.0-4628431.0.wav,WWT836,"ah sí tla no secpermitiruilia machiua tlen yeh quiniquis quichiuas pero mientras amo, amo yehuatl motiquipanohtoc",tetelancingo,,tetelancingo
tetelancingo_nahuatl/audios/speaker2_Tetel_Narra_ZWZ835_WWT836_2022-05-25-b_4632368.0-4637968.0.wav,WWT836,yeh amo nis san nis nocuahcualani pero amo sequihtos yosecualilueh quenin,tetelancingo,,tetelancingo
tetelancingo_nahuatl/audios/speaker2_Tetel_Narra_ZWZ835_WWT836_2022-05-25-b_4643983.0-4647754.0.wav,WWT836,yeh yen cualani pero amo nis amo secualnananquilia,tetelancingo,,tetelancingo
tetelancingo_nahuatl/audios/speaker2_Tetel_Narra_ZWZ835_WWT836_2022-05-25-b_4661026.0-4663783.0.wav,WWT836,mox amo moteluitiu iuan iabuelitos,tetelancingo,,tetelancingo
tetelancingo_nahuatl/audios/speaker2_Tetel_Narra_ZWZ835_WWT836_2022-05-25-b_4672611.0-4678411.0.wav,WWT836,eh milauac yeh a veces tehuan secmati xa seccocolihtoqueh pero yeh amo milauac,tetelancingo,,tetelancingo
tetelancingo_nahuatl/audios/speaker2_Tetel_Narra_ZWZ835_WWT836_2022-05-25-b_4678940.0-4688540.0.wav,WWT836,"ohcon para noigual semononotzas seixpitlanis amo tlenoh se, nepa sechiutinimis se idesastre",tetelancingo,,tetelancingo
tetelancingo_nahuatl/audios/speaker2_Tetel_Narra_ZWZ835_WWT836_2022-05-25-b_4693797.0-4695526.0.wav,WWT836,quemah yeh xa yi quiyouis,tetelancingo,,tetelancingo
tetelancingo_nahuatl/audios/speaker2_Tetel_Narra_ZWZ835_WWT836_2022-05-25-b_4696169.0-4697383.0.wav,WWT836,ahorita,tetelancingo,,tetelancingo
tetelancingo_nahuatl/audios/speaker2_Tetel_Narra_ZWZ835_WWT836_2022-05-25-b_4702854.0-4706197.0.wav,WWT836,xa canin ocse lado quiyohtos pero tehuan nican amo,tetelancingo,,tetelancingo
tetelancingo_nahuatl/audios/speaker2_Tetel_Narra_ZWZ835_WWT836_2022-05-25-b_4713826.0-4714712.0.wav,WWT836,quemah,tetelancingo,,tetelancingo
tetelancingo_nahuatl/audios/speaker2_Tetel_Narra_ZWZ835_WWT836_2022-05-25-b_4715769.0-4724040.0.wav,WWT836,"xa hasta milauac cuali no quimateh, milauac este a veces siqui no cerca chanchiuah de cohyo xa no cuali momohtiah",tetelancingo,,tetelancingo
tetelancingo_nahuatl/audios/speaker2_Tetel_Narra_ZWZ835_WWT836_2022-05-25-b_4766067.0-4767364.0.wav,WWT836,"ay, híjoles",tetelancingo,,tetelancingo
tetelancingo_nahuatl/audios/speaker1_Tetel_Narr_TTA838_QUZ839_2022-08-08-b_24117.0-33521.0.wav,TTA838,"quemah, yeh este ahorita este neneh nin tiempos quen catqui mota san que tlahtlaseseya san tlamixpachiui",tetelancingo,,tetelancingo
tetelancingo_nahuatl/audios/speaker1_Tetel_Narr_TTA838_QUZ839_2022-08-08-b_34227.0-38985.0.wav,TTA838,"hasta milauac sec... sec..., sequileuia secantojaroa semopacas ich in timascal",tetelancingo,,tetelancingo
tetelancingo_nahuatl/audios/speaker1_Tetel_Narr_TTA838_QUZ839_2022-08-08-b_40023.0-47488.0.wav,TTA838,"yeh cualtzin ne tlayamania amo sesicui semopaca, sequi... tla secniqui semopacas",tetelancingo,,tetelancingo
tetelancingo_nahuatl/audios/speaker1_Tetel_Narr_TTA838_QUZ839_2022-08-08-b_47533.0-53824.0.wav,TTA838,"sequi..., pues sequipahpacah in timascal sec... nochi setlachipaua cualtzin sequipahpaca neneh",tetelancingo,,tetelancingo
tetelancingo_nahuatl/audios/speaker1_Tetel_Narr_TTA838_QUZ839_2022-08-08-b_54882.0-61987.0.wav,TTA838,piso para amo mai tlasoquiyo uan ya sequi... sectzintlalia neneh timascal matlayamania,tetelancingo,,tetelancingo
tetelancingo_nahuatl/audios/speaker1_Tetel_Narr_TTA838_QUZ839_2022-08-08-b_62040.0-71259.0.wav,TTA838,"pero achto sec... nochi sec..., sequita mox catqui cuali timeh, timascal timeh cacalotimeh nochi tla catqui cualtzin miac",tetelancingo,,tetelancingo
tetelancingo_nahuatl/audios/speaker1_Tetel_Narr_TTA838_QUZ839_2022-08-08-b_71910.0-78378.0.wav,TTA838,motlalia cualtzin pero tlamo quipiya o yi simi san tihtiyinquiqueh yeh amo motlalia san panoa nen ehepotoctl,tetelancingo,,tetelancingo
tetelancingo_nahuatl/audios/speaker1_Tetel_Narr_TTA838_QUZ839_2022-08-08-b_80241.0-85611.0.wav,TTA838,"sequi..., sequitlalia tla cualtzin quipiya in nen titl",tetelancingo,,tetelancingo
tetelancingo_nahuatl/audios/speaker1_Tetel_Narr_TTA838_QUZ839_2022-08-08-b_86332.0-94813.0.wav,TTA838,sectzintlalia sectlali couitl sectlatlatilia uan mayamania quera setla... secniqui mai chicaua se media hora se hora pero tla amo,tetelancingo,,tetelancingo
tetelancingo_nahuatl/audios/speaker1_Tetel_Narr_TTA838_QUZ839_2022-08-08-b_95608.0-99843.0.wav,TTA838,se veinte minutos matlatla couitl setlanapalol isiucayoyamaniac,tetelancingo,,tetelancingo
tetelancingo_nahuatl/audios/speaker1_Tetel_Narr_TTA838_QUZ839_2022-08-08-b_104273.0-110117.0.wav,TTA838,uan nen ich in nen piso yeh sectlalia nen ocoxali sectemotiu ich in nen ococohmeh,tetelancingo,,tetelancingo
tetelancingo_nahuatl/audios/speaker1_Tetel_Narr_TTA838_QUZ839_2022-08-08-b_110881.0-116605.0.wav,TTA838,sequinmatitiqui uan secmaxitoma yehuatl sectlalia in cuando tla yotenquis timascal queh yotlatlac,tetelancingo,,tetelancingo
tetelancingo_nahuatl/audios/speaker1_Tetel_Narr_TTA838_QUZ839_2022-08-08-b_117435.0-125160.0.wav,TTA838,quemeh couitl ya sequi... ya secqui... neneh sectlalia ocoxali uan ya sec...,tetelancingo,,tetelancingo
tetelancingo_nahuatl/audios/speaker1_Tetel_Narr_TTA838_QUZ839_2022-08-08-b_135805.0-140543.0.wav,TTA838,"o tzapoxiuitl, o neneh istactzapotl o yen chirimoya",tetelancingo,,tetelancingo
tetelancingo_nahuatl/audios/speaker1_Tetel_Narr_TTA838_QUZ839_2022-08-08-b_141332.0-145872.0.wav,TTA838,uan no cualtia agarancasxiuitl uan siqui mox neneh,tetelancingo,,tetelancingo
tetelancingo_nahuatl/audios/speaker1_Tetel_Narr_TTA838_QUZ839_2022-08-08-b_148287.0-149572.0.wav,TTA838,yehuatl ica semoxiuia,tetelancingo,,tetelancingo
tetelancingo_nahuatl/audios/speaker1_Tetel_Narr_TTA838_QUZ839_2022-08-08-b_155551.0-164257.0.wav,TTA838,secmo... xa quei ica semoxiuia semo... para in ehpotoclt itich se itich tla secniquis se icuitlapan ich se icxiuan ohcon quemeh nochi semitlahtlatia,tetelancingo,,tetelancingo
tetelancingo_nahuatl/audios/speaker1_Tetel_Narr_TTA838_QUZ839_2022-08-08-b_165141.0-169490.0.wav,TTA838,sa yen ehpotoctzintli ohcon simi cuali yeh tla aquin neneh,tetelancingo,,tetelancingo
tetelancingo_nahuatl/audios/speaker1_Tetel_Narr_TTA838_QUZ839_2022-08-08-b_170084.0-175980.0.wav,TTA838,siqui se a veces semococoua por sisic yen neneh tlaseseya o setiquiti se,tetelancingo,,tetelancingo
tetelancingo_nahuatl/audios/speaker1_Tetel_Narr_TTA838_QUZ839_2022-08-08-b_176668.0-183779.0.wav,TTA838,sepalti uan secahsi quiyouitl uan secahsi totonqui a veces ica sisic pues ica in timascal simi cuali,tetelancingo,,tetelancingo
tetelancingo_nahuatl/audios/speaker1_Tetel_Narr_TTA838_QUZ839_2022-08-08-b_184626.0-191047.0.wav,TTA838,"miac tocniu ompa seui tlen, tlen este neneh mococoa",tetelancingo,,tetelancingo
tetelancingo_nahuatl/audios/speaker1_Tetel_Narr_TTA838_QUZ839_2022-08-08-b_191507.0-201253.0.wav,TTA838,simi quitemoah yen timascal siqui tlen youeh ne tlacpac uitzeh motimah porque quihtoah quitemoah timascal uan como moscaltihqueh nican pues simi neneh,tetelancingo,,tetelancingo
tetelancingo_nahuatl/audios/speaker1_Tetel_Narr_TTA838_QUZ839_2022-08-08-b_201804.0-210828.0.wav,TTA838,"oquixmatqueh nen non, non neneh pues milauac queh quihtoah queh costumbre pues ya secmati quihtoah ica seyoli",tetelancingo,,tetelancingo
tetelancingo_nahuatl/audios/speaker1_Tetel_Narr_TTA838_QUZ839_2022-08-08-b_211295.0-218485.0.wav,TTA838,seixpitlani non tlen mopaleuiah ohcon youeh ich in hospital ehco uan nican ya quintimah,tetelancingo,,tetelancingo
tetelancingo_nahuatl/audios/speaker1_Tetel_Narr_TTA838_QUZ839_2022-08-08-b_228621.0-235011.0.wav,TTA838,"quintimah quinxiuiah, para ohcon moscaltiah coconeh cualtzin amo mococoah",tetelancingo,,tetelancingo
tetelancingo_nahuatl/audios/speaker1_Tetel_Narr_TTA838_QUZ839_2022-08-08-b_235944.0-240973.0.wav,TTA838,yen tlen amo sequintima yeh no san tla sectimas no quichiuilia mal,tetelancingo,,tetelancingo
tetelancingo_nahuatl/audios/speaker1_Tetel_Narr_TTA838_QUZ839_2022-08-08-b_241048.0-248576.0.wav,TTA838,amo neneh amo este amo quinamiqui siqui ica quinmahsi totonqui pero tlen quemeh yi quimateh,tetelancingo,,tetelancingo
tetelancingo_nahuatl/audios/speaker1_Tetel_Narr_TTA838_QUZ839_2022-08-08-b_248772.0-255260.0.wav,TTA838,yeh quinamiqui uan tla mococoa conetl ohcon pues mas amo quiniquis secpaca ich in timascal yeh,tetelancingo,,tetelancingo
tetelancingo_nahuatl/audios/speaker1_Tetel_Narr_TTA838_QUZ839_2022-08-08-b_255710.0-256269.99999999997.wav,TTA838,seueh,tetelancingo,,tetelancingo
tetelancingo_nahuatl/audios/speaker1_Tetel_Narr_TTA838_QUZ839_2022-08-08-b_256605.00000000003-263466.0.wav,TTA838,cualtzin ohcon neneh ica neneh vaporsito nochi cualtzin ohcon,tetelancingo,,tetelancingo
tetelancingo_nahuatl/audios/speaker1_Tetel_Narr_TTA838_QUZ839_2022-08-08-b_264617.0-271301.0.wav,TTA838,ica quin... xa quemeh quincahcalaqui nochi ich in se itlacayo,tetelancingo,,tetelancingo
tetelancingo_nahuatl/audios/speaker1_Tetel_Narr_TTA838_QUZ839_2022-08-08-b_277582.0-278687.0.wav,TTA838,sisic,tetelancingo,,tetelancingo
tetelancingo_nahuatl/audios/speaker1_Tetel_Narr_TTA838_QUZ839_2022-08-08-b_301356.0-318004.0.wav,TTA838,"antes oquichichiuayah in timascal pues nochi ica neneh titl, ocsacayah in titl uan oquinchihchiuayah este ohcon ica titl axan quicueh cemento quicuah quicueh este tinixtl",tetelancingo,,tetelancingo
tetelancingo_nahuatl/audios/speaker1_Tetel_Narr_TTA838_QUZ839_2022-08-08-b_318765.0-333242.0.wav,TTA838,"antes amo, antes occuiyah sa yen nochi quemeh tlali quihtoah mox nixtlal yehuatl no quisacayah octemouayah ocsacayah uan yehuatl ica ocpipichouaya neneh titl uan ouehcauayah in temascalmeh",tetelancingo,,tetelancingo
tetelancingo_nahuatl/audios/speaker1_Tetel_Narr_TTA838_QUZ839_2022-08-08-b_333918.0-350766.0.wav,TTA838,neneh uan oquitlalilayah este neneh mox este neneh tlatopilonimeh tleno itocameh neneh mox campa tixcal campa nen youi ticol quitlalia mox tlatopilonimeh queh ohcon nochi queh quincuanahnamictiah,tetelancingo,,tetelancingo
tetelancingo_nahuatl/audios/speaker1_Tetel_Narr_TTA838_QUZ839_2022-08-08-b_351574.0-363260.0.wav,TTA838,uan ompa quitlalia pani in cacalotitl uan este neneh titl ohcon tla yoctlamihqueh nochi cualtzin tlayoualouah ya quipantzacuah quitlalilayah couitl,tetelancingo,,tetelancingo
tetelancingo_nahuatl/audios/speaker1_Tetel_Narr_TTA838_QUZ839_2022-08-08-b_376660.0-383811.0.wav,TTA838,uan octlalilayah tlanah se nailohtzin o a ver tleno ocasiya o pitlatl oquisouilayah uan pani tlali,tetelancingo,,tetelancingo
tetelancingo_nahuatl/audios/speaker1_Tetel_Narr_TTA838_QUZ839_2022-08-08-b_384776.0-395125.0.wav,TTA838,oquitlalilayah tlali para amo nen amo quisas ehpotoctl amo cholos amo yas san quimilauas tons yehuatl oquipantlalilayah pani,tetelancingo,,tetelancingo
tetelancingo_nahuatl/audios/speaker1_Tetel_Narr_TTA838_QUZ839_2022-08-08-b_410794.0-417492.0.wav,TTA838,"mox neneh ohcon se ueyi titl campa quemeh secalaqui ompa neneh, yehuatl caltentl octlalilayah",tetelancingo,,tetelancingo
tetelancingo_nahuatl/audios/speaker1_Tetel_Narr_TTA838_QUZ839_2022-08-08-b_417519.0-426287.0.wav,TTA838,neneh uan omonaltzacuayah pues hasta ahorita siqui motzacuah ica pitlatl axan siqui ica ayatl pero yeh ica pitlatl omotzacuayah,tetelancingo,,tetelancingo
tetelancingo_nahuatl/audios/speaker1_Tetel_Narr_TTA838_QUZ839_2022-08-08-b_440866.0-453610.0.wav,TTA838,"pues siquen quinchihchiuah tzocotzitzin siqui uehueyen depende quenin quin..., quinniqueh quenin quinpactia pues campa quihtoah siquen ah pues amo timiqueh pues san tzotzocotzin uan siquen pues quemah ipa uehueyen",tetelancingo,,tetelancingo
tetelancingo_nahuatl/audios/speaker1_Tetel_Narr_TTA838_QUZ839_2022-08-08-b_454549.0-461503.0.wav,TTA838,tla ihtiueyi nen campa para aquisqueh neneh tapalcameh tlen ic seccalaquia atl,tetelancingo,,tetelancingo
tetelancingo_nahuatl/audios/speaker1_Tetel_Narr_TTA838_QUZ839_2022-08-08-b_468870.0-473708.0.wav,TTA838,para amo moteca atl uan uili youi tlamo ompa semo... semoatintos,tetelancingo,,tetelancingo
tetelancingo_nahuatl/audios/speaker1_Tetel_Narr_TTA838_QUZ839_2022-08-08-b_480947.0-495653.0.wav,TTA838,nen nochi quisa uan neneh yehuatl ica neneh bueno ompa ohcon mopacah uan ihquin cuando tlaseseya pues semopaca san ohcon sesicui tons cachi cuali nen ica nen tmeascal ompa cualtzin tlayamania,tetelancingo,,tetelancingo
tetelancingo_nahuatl/audios/speaker1_Tetel_Narr_TTA838_QUZ839_2022-08-08-b_544416.0-553071.0.wav,TTA838,"ah quemah, ich in timascal ompa yeh semoteca semoteca uan semoxiuuiya ohcon seuitztoc amo setolohtoc porque secuatlimiqui",tetelancingo,,tetelancingo
tetelancingo_nahuatl/audios/speaker1_Tetel_Narr_TTA838_QUZ839_2022-08-08-b_553525.0-568504.0.wav,TTA838,"secchiuilia daño ich se tzonticon porque totonqui ualquisa de ich in tixcal neneh ehptocotl yeh seuitztoc porque tla aquin moteca este, nen tolohtos o ihcatos yeh este patzmiqui",tetelancingo,,tetelancingo
tetelancingo_nahuatl/audios/speaker1_Tetel_Narr_TTA838_QUZ839_2022-08-08-b_568700.0-580102.0.wav,TTA838,uan niman quiniqui moyolixcuipas yeh si uitztoc ohcon uan semotima ich se icxiuan o ich se itlahcoyan para tlatzintla tla semotima ich se ipox o ich se icuitlapan seihccis,tetelancingo,,tetelancingo
tetelancingo_nahuatl/audios/speaker1_Tetel_Narr_TTA838_QUZ839_2022-08-08-b_580401.0-586550.0.wav,TTA838,se... se... este secchiuilia daño como neneh totonqui sepatzmiqui simi,tetelancingo,,tetelancingo
tetelancingo_nahuatl/audios/speaker1_Tetel_Narr_TTA838_QUZ839_2022-08-08-b_587291.0-599558.0.wav,TTA838,uan amo setlaxicoa uan tla sepiya ich se icxiuan ohcon ich se itlahcoyan nochi non pues uili seuehcaua o se opati ohcon quemeh se... sequisa ocsipa secalaqui ohcon semotima,tetelancingo,,tetelancingo
tetelancingo_nahuatl/audios/speaker1_Tetel_Narr_TTA838_QUZ839_2022-08-08-b_600314.0-605495.0.wav,TTA838,uan tla nipeuas nimotimas ich notzonticon pues amo setlaxicoa niman secniqui seuitzis,tetelancingo,,tetelancingo
tetelancingo_nahuatl/audios/speaker1_Tetel_Narr_TTA838_QUZ839_2022-08-08-b_606424.0-609794.0.wav,TTA838,"neneh uan tla yose..., tla yosemotin",tetelancingo,,tetelancingo
tetelancingo_nahuatl/audios/speaker1_Tetel_Narr_TTA838_QUZ839_2022-08-08-b_610510.0-619116.0.wav,TTA838,ya semopaca ohcon setolohtoc pero ohcon siqui quitlapoah siqui neh quitlapoah nochi siqui san tlahco nen quitlapoah uan mopaca,tetelancingo,,tetelancingo
tetelancingo_nahuatl/audios/speaker1_Tetel_Narr_TTA838_QUZ839_2022-08-08-b_619649.0-625109.0.wav,TTA838,pero quemah tzocotzin uehcapantzin tlacpac pero amo san nil ueyi quemeh se cuarto porque ohcon,tetelancingo,,tetelancingo
tetelancingo_nahuatl/audios/speaker1_Tetel_Narr_TTA838_QUZ839_2022-08-08-b_625692.0-630057.0.wav,TTA838,"ocquistihqueh, uan occhihchiu, oyah itatah occhihchiu timascal occhihchiutiuitz isiuca uan oqui...",tetelancingo,,tetelancingo
tetelancingo_nahuatl/audios/speaker1_Tetel_Narr_TTA838_QUZ839_2022-08-08-b_630802.0-636540.0.wav,TTA838,este neneh quemeh vapor tleno occhiuayah niquitaya nopapan nomaman ya tlen tonal,tetelancingo,,tetelancingo
tetelancingo_nahuatl/audios/speaker1_Tetel_Narr_TTA838_QUZ839_2022-08-08-b_637035.0-639079.0.wav,TTA838,mox tlen aquin no mox quipiya sisic,tetelancingo,,tetelancingo
tetelancingo_nahuatl/audios/speaker1_Tetel_Narr_TTA838_QUZ839_2022-08-08-b_640160.0-645131.0.wav,TTA838,quemeh simi qui... queh ocmachilaya amo cuali ihcon de imihti,tetelancingo,,tetelancingo
tetelancingo_nahuatl/audios/speaker1_Tetel_Narr_TTA838_QUZ839_2022-08-08-b_645759.0-654211.0.wav,TTA838,nopapan otlacoyonaya uan oquitlataya miac este bueno oquitlalaya ompa miac tixcaltitl neneh til quemeh tixcal,tetelancingo,,tetelancingo
tetelancingo_nahuatl/audios/speaker1_Tetel_Narr_TTA838_QUZ839_2022-08-08-b_654765.0-661561.0.wav,TTA838,quemeh neneh tliltic titl para neneh timascal uan oquitlalaya ompa neneh couitl,tetelancingo,,tetelancingo
tetelancingo_nahuatl/audios/speaker1_Tetel_Narr_TTA838_QUZ839_2022-08-08-b_661824.0-665284.0.wav,TTA838,yeh neneh nochi auatl octlataya ompa,tetelancingo,,tetelancingo
tetelancingo_nahuatl/audios/speaker1_Tetel_Narr_TTA838_QUZ839_2022-08-08-b_666087.0-670364.0.wav,TTA838,uan neneh tons este nen tla totlatlac san puro tixoxtl omocauaya,tetelancingo,,tetelancingo
tetelancingo_nahuatl/audios/speaker1_Tetel_Narr_TTA838_QUZ839_2022-08-08-b_671036.0-674328.0.wav,TTA838,uan neneh oquintlalaya siqui cohmeh oquintihtilanaya,tetelancingo,,tetelancingo
tetelancingo_nahuatl/audios/speaker1_Tetel_Narr_TTA838_QUZ839_2022-08-08-b_675013.0-681021.0.wav,TTA838,uan omomanaya nen aquin quemeh mox quixoitonisqueh san quin... quemeh o quitonisqueh nochi,tetelancingo,,tetelancingo
tetelancingo_nahuatl/audios/speaker1_Tetel_Narr_TTA838_QUZ839_2022-08-08-b_689437.0-697583.0.wav,TTA838,pero san no quinpiqui octlasacuiluilaya san conformtzin para uilis amo macholo nochi vapor quemeh san ohcon san isiuca cholos,tetelancingo,,tetelancingo
tetelancingo_nahuatl/audios/speaker1_Tetel_Narr_TTA838_QUZ839_2022-08-08-b_698378.0-708912.0.wav,TTA838,"queh octlatzacuiluilaya san cualtzin uan ohcon oquitlalaya atl pero milauac oquintlahtlatayah pero simi, simi este chicauac",tetelancingo,,tetelancingo
tetelancingo_nahuatl/audios/speaker1_Tetel_Narr_TTA838_QUZ839_2022-08-08-b_720707.0-727043.0.wav,TTA838,pues non xa quichihchiuah no tlamantl pero tlen quemeh pahtli ohcon sequicui para pahtli yen timascal,tetelancingo,,tetelancingo
tetelancingo_nahuatl/audios/speaker1_Tetel_Narr_TTA838_QUZ839_2022-08-08-b_727064.0-729210.0.wav,TTA838,ohcon tla in san tzohtzocotzin,tetelancingo,,tetelancingo
tetelancingo_nahuatl/audios/speaker1_Tetel_Narr_TTA838_QUZ839_2022-08-08-b_743225.0-748612.0.wav,TTA838,amo yen titl nen quiluiah tipoxactl tlen i... amo tipoxactitl tlen itoca titl,tetelancingo,,tetelancingo
tetelancingo_nahuatl/audios/speaker1_Tetel_Narr_TTA838_QUZ839_2022-08-08-b_750364.0-755707.0.wav,TTA838,tla topilonimeh uan nen titl tlen para nen yamania yeh itoca cacalotitl,tetelancingo,,tetelancingo
tetelancingo_nahuatl/audios/speaker1_Tetel_Narr_TTA838_QUZ839_2022-08-08-b_769751.0-775305.0.wav,TTA838,"uan tlen cacalotitl yeh amo, yeh este ye no yeh milauac para neneh ticol quixicoa",tetelancingo,,tetelancingo
tetelancingo_nahuatl/audios/speaker1_Tetel_Narr_TTA838_QUZ839_2022-08-08-b_775846.0-782904.0.wav,TTA838,"xictlali mas, mas cada tercer día pero tlaxicoah quera se tres cuatro meses mas ohcon",tetelancingo,,tetelancingo
tetelancingo_nahuatl/audios/speaker1_Tetel_Narr_TTA838_QUZ839_2022-08-08-b_783401.0-789561.0.wav,TTA838,"chicauac nen mo... motlati tlaxicoa, uan tla yen titl tlen istac yeh isiuca tohtopontiuitzi",tetelancingo,,tetelancingo
tetelancingo_nahuatl/audios/speaker1_Tetel_Narr_TTA838_QUZ839_2022-08-08-b_789561.0-795247.0.wav,TTA838,nochi tlantiuitzi uan uili seccocoa yen neneh como amo para non,tetelancingo,,tetelancingo
tetelancingo_nahuatl/audios/speaker1_Tetel_Narr_TTA838_QUZ839_2022-08-08-b_797416.0-797919.0.wav,TTA838,neneh,tetelancingo,,tetelancingo
tetelancingo_nahuatl/audios/speaker1_Tetel_Narr_TTA838_QUZ839_2022-08-08-b_800029.0-803109.0.wav,TTA838,"este, uan amo motlalia amo totonqui",tetelancingo,,tetelancingo
tetelancingo_nahuatl/audios/speaker1_Tetel_Narr_TTA838_QUZ839_2022-08-08-b_812322.0-820054.0.wav,TTA838,amo yeh ocse titl yeh este quemeh tipoxactitl tleno itoca quiluiah yeh chicauac titl amo niquilnamiqui tlen itoca,tetelancingo,,tetelancingo
tetelancingo_nahuatl/audios/speaker1_Tetel_Narr_TTA838_QUZ839_2022-08-08-b_820613.0-824212.0.wav,TTA838,pero neneh uehueyitic uan tihtilactic uiuiyaqueh,tetelancingo,,tetelancingo
tetelancingo_nahuatl/audios/speaker1_Tetel_Narr_TTA838_QUZ839_2022-08-08-b_829377.0-831637.0.wav,TTA838,quinmahseh campa quemeh este,tetelancingo,,tetelancingo
tetelancingo_nahuatl/audios/speaker1_Tetel_Narr_TTA838_QUZ839_2022-08-08-b_837377.0-841707.0.wav,TTA838,neneh queh quiquixtiah grava ohcon qui... siqui quinmichcau,tetelancingo,,tetelancingo
tetelancingo_nahuatl/audios/speaker1_Tetel_Narr_TTA838_QUZ839_2022-08-08-b_842519.0-855117.0.wav,TTA838,"o mox neneh ohcon quintemoah siqui quemah oueh para quintemosqueh ica non ahorita quinchihchiuah temascalmeh pero ica ya block o ica quicueh cemento, quicueh neneh",tetelancingo,,tetelancingo
tetelancingo_nahuatl/audios/speaker1_Tetel_Narr_TTA838_QUZ839_2022-08-08-b_855605.0-862471.0.wav,TTA838,tinixtl ohcon quicueh barilla ya quichihchiuah siqui mox no ya in losahcal quenin intoca,tetelancingo,,tetelancingo
tetelancingo_nahuatl/audios/speaker1_Tetel_Narr_TTA838_QUZ839_2022-08-08-b_872014.0-876416.0.wav,TTA838,nochi ya ya diferente uan antes milauac occhiuayah nochi nican,tetelancingo,,tetelancingo
tetelancingo_nahuatl/audios/speaker1_Tetel_Narr_TTA838_QUZ839_2022-08-08-b_890149.0-891842.0.wav,TTA838,oquinpantlalilayah tlali,tetelancingo,,tetelancingo
tetelancingo_nahuatl/audios/speaker1_Tetel_Narr_TTA838_QUZ839_2022-08-08-b_893329.0-901479.0.wav,TTA838,nochi tlali oquipantlalilayah oquinpan... oquinpansouiliyah octlalaya nen comimilmeh,tetelancingo,,tetelancingo
tetelancingo_nahuatl/audios/speaker1_Tetel_Narr_TTA838_QUZ839_2022-08-08-b_902039.0-903535.0.wav,TTA838,uan quitlalia nailon,tetelancingo,,tetelancingo
tetelancingo_nahuatl/audios/speaker1_Tetel_Narr_TTA838_QUZ839_2022-08-08-b_904101.0-908818.0.wav,TTA838,uan pani tlali pansouiliah para nen amo quisa ehpotoctl,tetelancingo,,tetelancingo
tetelancingo_nahuatl/audios/speaker1_Tetel_Narr_TTA838_QUZ839_2022-08-08-b_909392.0-918054.0.wav,TTA838,nochi ompa motzacuilia pero ohcon quipantlalilayah nen yehuatl neneh tlali yo... ihcon tlali quitlaliliah,tetelancingo,,tetelancingo
tetelancingo_nahuatl/audios/speaker1_Tetel_Narr_TTA838_QUZ839_2022-08-08-b_919944.0-925267.0.wav,TTA838,neneh omotlalaya nen ticol chicauac nen ehpotoctl,tetelancingo,,tetelancingo
tetelancingo_nahuatl/audios/speaker1_Tetel_Narr_TTA838_QUZ839_2022-08-08-b_925881.0-929353.0.wav,TTA838,uan axan siqueh quinchihchiuah san nil ueueyen acmo cualtiah,tetelancingo,,tetelancingo
tetelancingo_nahuatl/audios/speaker1_Tetel_Narr_TTA838_QUZ839_2022-08-08-b_929999.0-931582.0.wav,TTA838,uan tlatla miac couitl,tetelancingo,,tetelancingo
tetelancingo_nahuatl/audios/speaker1_Tetel_Narr_TTA838_QUZ839_2022-08-08-b_932589.0-939078.0.wav,TTA838,cualtlaliah se ueyitic nen caltentl ne campa tlatlas couitl quinaltzontemah casi se,tetelancingo,,tetelancingo
tetelancingo_nahuatl/audios/speaker1_Tetel_Narr_TTA838_QUZ839_2022-08-08-b_939759.0-947970.0.wav,TTA838,ome yeyi tlamemel uan amo yamania uan tlen san tzocotzitzin timascal yeh ica se tlanapalol yo... yomoyamanialteh timascal isiuca,tetelancingo,,tetelancingo
tetelancingo_nahuatl/audios/speaker1_Tetel_Narr_TTA838_QUZ839_2022-08-08-b_951137.0-951561.0.wav,TTA838,quemah,tetelancingo,,tetelancingo
tetelancingo_nahuatl/audios/speaker1_Tetel_Narr_TTA838_QUZ839_2022-08-08-b_953846.0-957882.0.wav,TTA838,"yoquin..., yoquin... quinchihchiuah uan",tetelancingo,,tetelancingo
tetelancingo_nahuatl/audios/speaker1_Tetel_Narr_TTA838_QUZ839_2022-08-08-b_958349.0-963444.0.wav,TTA838,nican ihquin ich nin toaltipetl casi nochi quipiyah timascal,tetelancingo,,tetelancingo
tetelancingo_nahuatl/audios/speaker1_Tetel_Narr_TTA838_QUZ839_2022-08-08-b_964401.0-970006.0.wav,TTA838,queh nin altipemeh Omitlán ompa casi amo san quesquehtzitzin pero nican,tetelancingo,,tetelancingo
tetelancingo_nahuatl/audios/speaker1_Tetel_Narr_TTA838_QUZ839_2022-08-08-b_970693.0-978233.0.wav,TTA838,nican ihquin ich nin toaltipetl nochi quipiyah timascal nochi motimah ich timascal amo mopacah san ohcon,tetelancingo,,tetelancingo
tetelancingo_nahuatl/audios/speaker1_Tetel_Narr_TTA838_QUZ839_2022-08-08-b_986839.0-993554.0.wav,TTA838,uan cualtzin secmachilia pero nican xa yi yomihmatqueh nican tla mopacasqueh nochi siempore motimah,tetelancingo,,tetelancingo
tetelancingo_nahuatl/audios/speaker1_Tetel_Narr_TTA838_QUZ839_2022-08-08-b_994561.0-996568.0.wav,TTA838,motimah uan ya mopaca,tetelancingo,,tetelancingo
tetelancingo_nahuatl/audios/speaker1_Tetel_Narr_TTA838_QUZ839_2022-08-08-b_1002649.0-1009802.0.wav,TTA838,pero xa san apenatzin quitlatiah para nen quixicoah amo patzmiqueh san para mopacah amo sicueh,tetelancingo,,tetelancingo
tetelancingo_nahuatl/audios/speaker1_Tetel_Narr_TTA838_QUZ839_2022-08-08-b_1011524.0-1019926.0.wav,TTA838,"porque tla se..., tlen mopaca ich in timascal uan tla san ohcon mopaca yeh no quichiuilia daño siqui peuah pohposaueh o este neneh",tetelancingo,,tetelancingo
tetelancingo_nahuatl/audios/speaker1_Tetel_Narr_TTA838_QUZ839_2022-08-08-b_1023532.0-1025963.0.wav,TTA838,uan tlen amo pues amo tlen secmachilia,tetelancingo,,tetelancingo
tetelancingo_nahuatl/audios/speaker1_Tetel_Narr_TTA838_QUZ839_2022-08-08-b_1033882.0000000001-1039481.0.wav,TTA838,"quemah siqui mas tlacotl, uili ica se... sectlaliah timascal",tetelancingo,,tetelancingo
tetelancingo_nahuatl/audios/speaker1_Tetel_Narr_TTA838_QUZ839_2022-08-08-b_1039554.0000000001-1041954.9999999999.wav,TTA838,mai totonqui yeh cualtia,tetelancingo,,tetelancingo
tetelancingo_nahuatl/audios/speaker1_Tetel_Narr_TTA838_QUZ839_2022-08-08-b_1045377.9999999999-1051729.0.wav,TTA838,"tlen totonqui simi couitl yen auatl, yeh xictlalili mas ica ome yeyi raha yoticnalcalaqueh",tetelancingo,,tetelancingo
tetelancingo_nahuatl/audios/speaker1_Tetel_Narr_TTA838_QUZ839_2022-08-08-b_1052240.0-1059364.0.wav,TTA838,yeh chicauac totonqui ya yen auatl quemah totonqui chicauac uan tlen amo cachi totonqui yen neneh,tetelancingo,,tetelancingo
tetelancingo_nahuatl/audios/speaker1_Tetel_Narr_TTA838_QUZ839_2022-08-08-b_1060072.0-1067429.0.wav,TTA838,"este neneh, nen ocotl otzapocouitl yeh amo totonqui uan yeh simi popoca",tetelancingo,,tetelancingo
tetelancingo_nahuatl/audios/speaker1_Tetel_Narr_TTA838_QUZ839_2022-08-08-b_1068889.0-1071532.0.wav,TTA838,uan pocyo yeh simi queh cococ,tetelancingo,,tetelancingo
tetelancingo_nahuatl/audios/speaker1_Tetel_Narr_TTA838_QUZ839_2022-08-08-b_1073539.0-1074663.0.wav,TTA838,quemah uan neneh,tetelancingo,,tetelancingo
tetelancingo_nahuatl/audios/speaker1_Tetel_Narr_TTA838_QUZ839_2022-08-08-b_1075810.0-1079941.0.wav,TTA838,"pero yeh de totonqui yeh nochi, nochi neneh yamania",tetelancingo,,tetelancingo
tetelancingo_nahuatl/audios/speaker1_Tetel_Narr_TTA838_QUZ839_2022-08-08-b_1081372.0-1083642.0.wav,TTA838,"no mas que este, quemah este",tetelancingo,,tetelancingo
tetelancingo_nahuatl/audios/speaker1_Tetel_Narr_TTA838_QUZ839_2022-08-08-b_1084845.0-1091532.0.wav,TTA838,simi neneh totonqui yen nen auacouitl yeh quemah totonqui chicauac o nen titzmol,tetelancingo,,tetelancingo
tetelancingo_nahuatl/audios/speaker1_Tetel_Narr_TTA838_QUZ839_2022-08-08-b_1107955.0-1113831.0.wav,TTA838,quemah siqui neneh quihtoah in este neneh tlen quemeh simi,tetelancingo,,tetelancingo
tetelancingo_nahuatl/audios/speaker1_Tetel_Narr_TTA838_QUZ839_2022-08-08-b_1114320.0-1119328.0.wav,TTA838,sisicyohqueh motimah ompa quin... quemeh quinpahtiah,tetelancingo,,tetelancingo
tetelancingo_nahuatl/audios/speaker1_Tetel_Narr_TTA838_QUZ839_2022-08-08-b_1120036.0-1125029.0.wav,TTA838,ica in timascal seueh o tleno nen quemeh nin cocolistl no ualpanotoya nin yaquin,tetelancingo,,tetelancingo
tetelancingo_nahuatl/audios/speaker1_Tetel_Narr_TTA838_QUZ839_2022-08-08-b_1126649.0-1130919.0.wav,TTA838,miac gente ohcon ich in nen nepa campa tla ueyican omic,tetelancingo,,tetelancingo
tetelancingo_nahuatl/audios/speaker1_Tetel_Narr_TTA838_QUZ839_2022-08-08-b_1131540.0-1137963.0.wav,TTA838,"nican miac gente opatic ica in timascal, porque quihtoah in cocolistl temohteh sisic",tetelancingo,,tetelancingo
tetelancingo_nahuatl/audios/speaker1_Tetel_Narr_TTA838_QUZ839_2022-08-08-b_1139226.0-1145153.0.wav,TTA838,neneh nican se tochanicniu quihtoah in ocatca Mexico ompa neneh,tetelancingo,,tetelancingo
tetelancingo_nahuatl/audios/speaker1_Tetel_Narr_TTA838_QUZ839_2022-08-08-b_1145810.0-1150277.0.wav,TTA838,ompa omococoh quihtoah in catqui ich in nen hospital yeh ocniquiyah este neneh,tetelancingo,,tetelancingo
tetelancingo_nahuatl/audios/speaker1_Tetel_Narr_TTA838_QUZ839_2022-08-08-b_1151459.0-1157451.0.wav,TTA838,"qui..., quiluiah acmo seuis ya miquis uan ocquixtihqueh nen isiuau uan iicniuan",tetelancingo,,tetelancingo
tetelancingo_nahuatl/audios/speaker1_Tetel_Narr_TTA838_QUZ839_2022-08-08-b_1158138.0-1166160.0.wav,TTA838,"ocquistihqueh, uan occhihchiw, oyah itatah occhihchiu timascal occhihchiutiuitz isiuca uan oqui...",tetelancingo,,tetelancingo
tetelancingo_nahuatl/audios/speaker1_Tetel_Narr_TTA838_QUZ839_2022-08-08-b_1166963.0-1173430.0.wav,TTA838,oquitinqueh oseu tlen sa totonqui xiuitl yehuatl ica octinqueh ocpacayah,tetelancingo,,tetelancingo
tetelancingo_nahuatl/audios/speaker1_Tetel_Narr_TTA838_QUZ839_2022-08-08-b_1174101.0-1181670.0.wav,TTA838,ica oseu porque ich in hospital quihtoah in ompa ocpixtoyah san ica neneh oxígeno tleno non omihyotihtoya,tetelancingo,,tetelancingo
tetelancingo_nahuatl/audios/speaker1_Tetel_Narr_TTA838_QUZ839_2022-08-08-b_1182546.0-1190860.0.wav,TTA838,uan ocuicaqueh para ichan quihtoah in pues miquis ompa amo macuicacan porque ompa miquis quihtoah in tla miquis pero pues ya yehuan ompa pero octemolihqueh ohcon,tetelancingo,,tetelancingo
tetelancingo_nahuatl/audios/speaker1_Tetel_Narr_TTA838_QUZ839_2022-08-08-b_1195780.0-1203262.0.wav,TTA838,pero chicauac quihtoah oquitimayah uan oquipacayah nochi ica totonqui xiuitl uan octlaquentayah amo occauayah mamoxipitzoh,tetelancingo,,tetelancingo
tetelancingo_nahuatl/audios/speaker1_Tetel_Narr_TTA838_QUZ839_2022-08-08-b_1207955.0-1212386.0.wav,TTA838,neneh ica in timascal omoquitzteu tlamo yeh xa omicca,tetelancingo,,tetelancingo
tetelancingo_nahuatl/audios/speaker1_Tetel_Narr_TTA838_QUZ839_2022-08-08-b_1212918.0-1219510.0.wav,TTA838,yeh simi cuali neneh timascal ica non nican tocniuan quihtoah in tonanan yen timascal,tetelancingo,,tetelancingo
tetelancingo_nahuatl/audios/speaker1_Tetel_Narr_TTA838_QUZ839_2022-08-08-b_1220554.0-1224985.0.wav,TTA838,porque yehuatl techquitzteua tla semococoa tla ica sisic o tleno,tetelancingo,,tetelancingo
tetelancingo_nahuatl/audios/speaker1_Tetel_Narr_TTA838_QUZ839_2022-08-08-b_1245678.0-1249583.0.wav,TTA838,ah quemah quihtoah cuando quincua capoltocatl quihtoah quintima,tetelancingo,,tetelancingo
tetelancingo_nahuatl/audios/speaker1_Tetel_Narr_TTA838_QUZ839_2022-08-08-b_1262021.0-1265773.0.wav,TTA838,simi cuali uan noyiuqui cuali cuando tla quincua sempoual maitl,tetelancingo,,tetelancingo
tetelancingo_nahuatl/audios/speaker1_Tetel_Narr_TTA838_QUZ839_2022-08-08-b_1266568.0-1267415.0.wav,TTA838,ciempiés,tetelancingo,,tetelancingo
tetelancingo_nahuatl/audios/speaker1_Tetel_Narr_TTA838_QUZ839_2022-08-08-b_1268277.0-1271124.0.wav,TTA838,yehuatl ocuilin mox tla quintzopiloa,tetelancingo,,tetelancingo
tetelancingo_nahuatl/audios/speaker1_Tetel_Narr_TTA838_QUZ839_2022-08-08-b_1271816.0-1279729.0.wav,TTA838,quihtoah in atl neneh quimachiliah amo totonqui ohcon mopacah uan ich in timascal quintimah uan quimoloniah atl,tetelancingo,,tetelancingo
tetelancingo_nahuatl/audios/speaker1_Tetel_Narr_TTA838_QUZ839_2022-08-08-b_1286656.0-1291532.0.wav,TTA838,yehuatl ic seueh porque ya tlen tonal pues amo osequixmatiya pahtli,tetelancingo,,tetelancingo
tetelancingo_nahuatl/audios/speaker1_Tetel_Narr_TTA838_QUZ839_2022-08-08-b_1292539.0-1297882.0.wav,TTA838,uan quihtoa neneh se tlacatzin neneh de nen sintlapal quihtoa yehuatl ica neneh omoquitzteu,tetelancingo,,tetelancingo
tetelancingo_nahuatl/audios/speaker1_Tetel_Narr_TTA838_QUZ839_2022-08-08-b_1298766.0-1303532.0.wav,TTA838,quihtoa oquicuah sempoual maitl quihtoa pues axan yoquihto axan quemah miquis porque neneh,tetelancingo,,tetelancingo
tetelancingo_nahuatl/audios/speaker1_Tetel_Narr_TTA838_QUZ839_2022-08-08-b_1304131.0-1308109.0.wav,TTA838,"pues amo catqui pahtli uan canin yas, quihtoa uan yehuatl oqui...",tetelancingo,,tetelancingo
tetelancingo_nahuatl/audios/speaker1_Tetel_Narr_TTA838_QUZ839_2022-08-08-b_1308875.0-1316620.0.wav,TTA838,oquitlalihqueh timascal uan oquitinqueh chicauac quihtoa omotin quihtoa quitlatihqueh milauac couitl pero miac,tetelancingo,,tetelancingo
tetelancingo_nahuatl/audios/speaker1_Tetel_Narr_TTA838_QUZ839_2022-08-08-b_1317320.0-1323415.0.wav,TTA838,uan omotin quihtoa aquin oquitintoya yeh ya patzmiqui yeh omotin omotin uan ocmachileh amo otlatlac,tetelancingo,,tetelancingo
tetelancingo_nahuatl/audios/speaker1_Tetel_Narr_TTA838_QUZ839_2022-08-08-b_1324160.0-1327992.0.wav,TTA838,"uan oqui..., oquimanqueh in xiuitl tlen totonqui",tetelancingo,,tetelancingo
tetelancingo_nahuatl/audios/speaker1_Tetel_Narr_TTA838_QUZ839_2022-08-08-b_1329050.0-1333086.0.wav,TTA838,uan ica omopacac quihtoa casi amolontoc ocmachilaya hasta amo totonqui,tetelancingo,,tetelancingo
tetelancingo_nahuatl/audios/speaker1_Tetel_Narr_TTA838_QUZ839_2022-08-08-b_1333992.0-1336364.0.wav,TTA838,quihtoa oquitinqueh xa caxtol tonal,tetelancingo,,tetelancingo
tetelancingo_nahuatl/audios/speaker1_Tetel_Narr_TTA838_QUZ839_2022-08-08-b_1337167.0-1341299.0.wav,TTA838,ohcon nochipa nochipa uan yehuatl ica oseu,tetelancingo,,tetelancingo
tetelancingo_nahuatl/audios/speaker1_Tetel_Narr_TTA838_QUZ839_2022-08-08-b_1341999.0-1350349.0.wav,TTA838,amo omic neneh quihtoa pero ohcon oconiya atl pero molontoc atl amo conis sisic porque tla coniya sisic,tetelancingo,,tetelancingo
tetelancingo_nahuatl/audios/speaker1_Tetel_Narr_TTA838_QUZ839_2022-08-08-b_1351080.0-1354226.0.wav,TTA838,quimachilaya miquis tons atl nochi totonqui oconiya,tetelancingo,,tetelancingo
tetelancingo_nahuatl/audios/speaker1_Tetel_Narr_TTA838_QUZ839_2022-08-08-b_1355320.0-1363780.0.wav,TTA838,uan neneh ohcon de ohcon oconiya nen atl uan neneh nochi totonqui pues yeh ohcon oquipaleueh nochi yo...,tetelancingo,,tetelancingo
tetelancingo_nahuatl/audios/speaker1_Tetel_Narr_TTA838_QUZ839_2022-08-08-b_1364671.0-1373510.0.wav,TTA838,"yehuatl oc yomoquitzteuta pero ohcon timascal amo, amo occaxania yeh nochipa diario yehuatl ica omo..., este omotimaya",tetelancingo,,tetelancingo
tetelancingo_nahuatl/audios/speaker1_Tetel_Narr_TTA838_QUZ839_2022-08-08-b_1374846.0-1383189.0.wav,TTA838,omotimaya diario para ohcon obaharoaya sisic tlamo ocmachilaya osicuia mas quipiya motlalia miac ayameh quimachilia sicui,tetelancingo,,tetelancingo
tetelancingo_nahuatl/audios/speaker1_Tetel_Narr_TTA838_QUZ839_2022-08-08-b_1405058.0-1405561.0.wav,TTA838,quemah,tetelancingo,,tetelancingo
tetelancingo_nahuatl/audios/speaker1_Tetel_Narr_TTA838_QUZ839_2022-08-08-b_1429569.0-1432569.0.wav,TTA838,"neh notoca Consuelo García Nabor, axan teh",tetelancingo,,tetelancingo
tetelancingo_nahuatl/audios/speaker1_Tetel_Narr_TTA838_QUZ839_2022-08-08-b_1438517.0-1440546.0.wav,TTA838,Tetelancingo Zacatlán Puebla,tetelancingo,,tetelancingo
tetelancingo_nahuatl/audios/speaker1_Tetel_Narr_TTA838_QUZ839_2022-08-08-b_1453065.0-1453466.0.wav,TTA838,quemah,tetelancingo,,tetelancingo
tetelancingo_nahuatl/audios/speaker2_Tetel_Narra_ZWZ835_WWT836_2022-05-25-a_6270.0-6720.0.wav,WWT836,cuali,tetelancingo,,tetelancingo
tetelancingo_nahuatl/audios/speaker2_Tetel_Narra_ZWZ835_WWT836_2022-05-25-a_7780.0-10770.0.wav,WWT836,quemah gracias a Dios que quemah cuali cuali ticateh,tetelancingo,,tetelancingo
tetelancingo_nahuatl/audios/speaker2_Tetel_Narra_ZWZ835_WWT836_2022-05-25-a_12330.0-12870.0.wav,WWT836,teh,tetelancingo,,tetelancingo
tetelancingo_nahuatl/audios/speaker2_Tetel_Narra_ZWZ835_WWT836_2022-05-25-a_14985.0-15685.0.wav,WWT836,que bueno,tetelancingo,,tetelancingo
tetelancingo_nahuatl/audios/speaker2_Tetel_Narra_ZWZ835_WWT836_2022-05-25-a_24340.0-25130.0.wav,WWT836,quemah,tetelancingo,,tetelancingo
tetelancingo_nahuatl/audios/speaker2_Tetel_Narra_ZWZ835_WWT836_2022-05-25-a_26320.0-32780.0.wav,WWT836,amo secmati quemaniya milauac ualas uan ne quiyouis de milauac para ne setlatoocas,tetelancingo,,tetelancingo
tetelancingo_nahuatl/audios/speaker2_Tetel_Narra_ZWZ835_WWT836_2022-05-25-a_38000.0-38900.0.wav,WWT836,xa quemah,tetelancingo,,tetelancingo
tetelancingo_nahuatl/audios/speaker2_Tetel_Narra_ZWZ835_WWT836_2022-05-25-a_48730.0-50070.0.wav,WWT836,yasqueh in viernes xa,tetelancingo,,tetelancingo
tetelancingo_nahuatl/audios/speaker2_Tetel_Narra_ZWZ835_WWT836_2022-05-25-a_59680.0-60730.0.wav,WWT836,den prescolar,tetelancingo,,tetelancingo
tetelancingo_nahuatl/audios/speaker2_Tetel_Narra_ZWZ835_WWT836_2022-05-25-a_62420.0-71450.0.wav,WWT836,según mox qui- de nuevo mochiuas quemeh este lista de para ne aseo mochiuas mejor se ohome porque amo yectlapahpaca san se se persona,tetelancingo,,tetelancingo
tetelancingo_nahuatl/audios/speaker2_Tetel_Narra_ZWZ835_WWT836_2022-05-25-a_74605.0-75425.0.wav,WWT836,mox yen Zenaida,tetelancingo,,tetelancingo
tetelancingo_nahuatl/audios/speaker2_Tetel_Narra_ZWZ835_WWT836_2022-05-25-a_76695.0-78785.0.wav,WWT836,mox amo tos ica non mox neneh,tetelancingo,,tetelancingo
tetelancingo_nahuatl/audios/speaker2_Tetel_Narra_ZWZ835_WWT836_2022-05-25-a_87175.0-93195.0.wav,WWT836,xa amo porque quihtoa mox nochin cubetas oquintlalia ualtlahtic uan yeh quipiya yasqueh para nepa tlahtic ich in ocse nen escuela,tetelancingo,,tetelancingo
tetelancingo_nahuatl/audios/speaker2_Tetel_Narra_ZWZ835_WWT836_2022-05-25-a_97905.0-103635.0.wav,WWT836,onechitaco noyoqui oquinic firma de nen para in actas quemeh campa youi de nen tesorera nochi non,tetelancingo,,tetelancingo
tetelancingo_nahuatl/audios/speaker2_Tetel_Narra_ZWZ835_WWT836_2022-05-25-a_105755.0-107015.0.wav,WWT836,"ayamo, xiquimenviaro",tetelancingo,,tetelancingo
tetelancingo_nahuatl/audios/speaker2_Tetel_Narra_ZWZ835_WWT836_2022-05-25-a_109725.0-115065.0.wav,WWT836,tons ica non no quihtoa neneh manitimo ica non oniyahca,tetelancingo,,tetelancingo
tetelancingo_nahuatl/audios/speaker2_Tetel_Narra_ZWZ835_WWT836_2022-05-25-a_134750.0-138610.0.wav,WWT836,amo quihtoa mox que amo yas porque tlamo cachi moatrasaroa in coconeh,tetelancingo,,tetelancingo
tetelancingo_nahuatl/audios/speaker2_Tetel_Narra_ZWZ835_WWT836_2022-05-25-a_139070.0-140630.0.wav,WWT836,tons ica non quihtoa,tetelancingo,,tetelancingo
tetelancingo_nahuatl/audios/speaker2_Tetel_Narra_ZWZ835_WWT836_2022-05-25-a_143060.0-144360.0.wav,WWT836,quihtoa mox mostla tiotlac,tetelancingo,,tetelancingo
tetelancingo_nahuatl/audios/speaker2_Tetel_Narra_ZWZ835_WWT836_2022-05-25-a_145895.0-146585.0.wav,WWT836,quihtoa yas,tetelancingo,,tetelancingo
tetelancingo_nahuatl/audios/speaker2_Tetel_Narra_ZWZ835_WWT836_2022-05-25-a_149630.0-150620.0.wav,WWT836,ah sí,tetelancingo,,tetelancingo
tetelancingo_nahuatl/audios/speaker2_Tetel_Narra_ZWZ835_WWT836_2022-05-25-a_152240.0-153500.0.wav,WWT836,quemah ica non,tetelancingo,,tetelancingo
tetelancingo_nahuatl/audios/speaker2_Tetel_Narra_ZWZ835_WWT836_2022-05-25-a_154515.0-160305.0.wav,WWT836,quihtoa mox mostla clases ica non ne uan después la hora de comida den coconeh mox ne mochiuas reunión,tetelancingo,,tetelancingo
tetelancingo_nahuatl/audios/speaker2_Tetel_Narra_ZWZ835_WWT836_2022-05-25-a_165895.0-168885.0.wav,WWT836,xa quemah amati tlen horas ompa ehcosqueh nen coyomeh,tetelancingo,,tetelancingo
tetelancingo_nahuatl/audios/speaker2_Tetel_Narra_ZWZ835_WWT836_2022-05-25-a_173340.0-174160.0.wav,WWT836,a las doce,tetelancingo,,tetelancingo
tetelancingo_nahuatl/audios/speaker2_Tetel_Narra_ZWZ835_WWT836_2022-05-25-a_174815.0-179385.0.wav,WWT836,porque ocniquiya maestra las doce niquiluia amo porque este,tetelancingo,,tetelancingo
tetelancingo_nahuatl/audios/speaker2_Tetel_Narra_ZWZ835_WWT836_2022-05-25-a_179735.0-187155.0.wav,WWT836,ualasqueh in coyomeh tons quihtoa den la hora den comida coconeh ihcuac non momento tlacua tons non hora nen mochiuas reunión,tetelancingo,,tetelancingo
tetelancingo_nahuatl/audios/speaker2_Tetel_Narra_ZWZ835_WWT836_2022-05-25-a_190315.0-191045.0.wav,WWT836,quemah,tetelancingo,,tetelancingo
tetelancingo_nahuatl/audios/speaker2_Tetel_Narra_ZWZ835_WWT836_2022-05-25-a_202135.0-208105.0.wav,WWT836,de hecho xa amo milauac quitlacamateh quihtoa iyeua Nestor mox ocyacatzoltlatzineh neneh itelpocau Zenaida,tetelancingo,,tetelancingo
tetelancingo_nahuatl/audios/speaker2_Tetel_Narra_ZWZ835_WWT836_2022-05-25-a_209570.0-210440.0.wav,WWT836,Nestorcito,tetelancingo,,tetelancingo
tetelancingo_nahuatl/audios/speaker2_Tetel_Narra_ZWZ835_WWT836_2022-05-25-a_213855.0-216485.0.wav,WWT836,Ocyacatzoltlatzineh opeu yacatzolisquisa,tetelancingo,,tetelancingo
tetelancingo_nahuatl/audios/speaker2_Tetel_Narra_ZWZ835_WWT836_2022-05-25-a_219435.0-222650.0.wav,WWT836,Xa quemah pero pues como parejo coconeh moprovocaroa,tetelancingo,,tetelancingo
tetelancingo_nahuatl/audios/speaker2_Tetel_Narra_ZWZ835_WWT836_2022-05-25-a_226967.0-229697.0.wav,WWT836,Ay sí simi amo quitlacamateh maestra,tetelancingo,,tetelancingo
tetelancingo_nahuatl/audios/speaker2_Tetel_Narra_ZWZ835_WWT836_2022-05-25-a_231237.0-233497.0.wav,WWT836,Ah sí cachi tla oine cachi quesqueh,tetelancingo,,tetelancingo
tetelancingo_nahuatl/audios/speaker2_Tetel_Narra_ZWZ835_WWT836_2022-05-25-a_241887.0-246127.0.wav,WWT836,Ah sí simi noyohqui momagani,tetelancingo,,tetelancingo
tetelancingo_nahuatl/audios/speaker2_Tetel_Narra_ZWZ835_WWT836_2022-05-25-a_249947.0-250887.0.wav,WWT836,xa quemah,tetelancingo,,tetelancingo
tetelancingo_nahuatl/audios/speaker2_Tetel_Narra_ZWZ835_WWT836_2022-05-25-a_255757.0-261497.0.wav,WWT836,Ah sí ica non neneh a ver mostla ompa technauatisqueh quenin youeh in topiluan,tetelancingo,,tetelancingo
tetelancingo_nahuatl/audios/speaker2_Tetel_Narra_ZWZ835_WWT836_2022-05-25-a_276992.0-286942.0.wav,WWT836,o firma quenin pues tons ica non oquihtohtoya maestra tiquiluia ma tlamo maquilui maestra xamo quiniquis mac... maca permiso ompa ichan mas se rinconcito ompa macochi pero,tetelancingo,,tetelancingo
tetelancingo_nahuatl/audios/speaker2_Tetel_Narra_ZWZ835_WWT836_2022-05-25-a_287517.0-292947.0.wav,WWT836,pero quihtoa mox simi neneh mox simi neneh moatrasaroah in coconeh mejor amo,tetelancingo,,tetelancingo
tetelancingo_nahuatl/audios/speaker2_Tetel_Narra_ZWZ835_WWT836_2022-05-25-a_295382.0-298422.0.wav,WWT836,ah xa quemah pero yeh quihtoa quitztoc a ver mox youi,tetelancingo,,tetelancingo
tetelancingo_nahuatl/audios/speaker2_Tetel_Narra_ZWZ835_WWT836_2022-05-25-a_300192.0-307402.0.wav,WWT836,quihtoa tlamo xa amo yas ich in nen consejo xa hasta yen nen tlayoua yas viernes tlayoua,tetelancingo,,tetelancingo
tetelancingo_nahuatl/audios/speaker2_Tetel_Narra_ZWZ835_WWT836_2022-05-25-a_308262.0-310532.0.wav,WWT836,quihtoa porque amo tlen cualiluihtoc supervisora,tetelancingo,,tetelancingo
tetelancingo_nahuatl/audios/speaker2_Tetel_Narra_ZWZ835_WWT836_2022-05-25-a_312172.0-316312.0.wav,WWT836,tons ica non como de por sí oquihtoh tla tleno simi importante pues quemah tlamo amo,tetelancingo,,tetelancingo
tetelancingo_nahuatl/audios/speaker2_Tetel_Narra_ZWZ835_WWT836_2022-05-25-a_317537.0-323867.0.wav,WWT836,tons ica non ne quihtoa amo tlen razón amo tlen cualmacatoqueh razón tons ica non quihtoa a ver quitas a ver mox youi,tetelancingo,,tetelancingo
tetelancingo_nahuatl/audios/speaker2_Tetel_Narra_ZWZ835_WWT836_2022-05-25-a_335162.0-339162.0.wav,WWT836,necan tlacatl ocsipa canin youi xa tlafumigaroti o queni,tetelancingo,,tetelancingo
tetelancingo_nahuatl/audios/speaker2_Tetel_Narra_ZWZ835_WWT836_2022-05-25-a_339352.0-340742.0.wav,WWT836,Abraham,tetelancingo,,tetelancingo
tetelancingo_nahuatl/audios/speaker2_Tetel_Narra_ZWZ835_WWT836_2022-05-25-a_343527.0-345597.0.wav,WWT836,yeh yi tlatiquis xiquita yi tlatiquis sábado,tetelancingo,,tetelancingo
tetelancingo_nahuatl/audios/speaker2_Tetel_Narra_ZWZ835_WWT836_2022-05-25-a_350402.0-352022.0.wav,WWT836,ah sí,tetelancingo,,tetelancingo
tetelancingo_nahuatl/audios/speaker2_Tetel_Narra_ZWZ835_WWT836_2022-05-25-a_361597.0-368027.0.wav,WWT836,iplanta den Dulce yeh quemah pero sequihtos simi omoscalteh quemeh tehuan toplanta nis amo,tetelancingo,,tetelancingo
tetelancingo_nahuatl/audios/speaker2_Tetel_Narra_ZWZ835_WWT836_2022-05-25-a_370787.0-374847.0.wav,WWT836,poloua atl yalua cachi omotaya quiyouis axan cachi amo,tetelancingo,,tetelancingo
tetelancingo_nahuatl/audios/speaker2_Tetel_Narra_ZWZ835_WWT836_2022-05-25-a_375627.0-377107.0.wav,WWT836,ah sí,tetelancingo,,tetelancingo
tetelancingo_nahuatl/audios/speaker2_Tetel_Narra_ZWZ835_WWT836_2022-05-25-a_384547.0-386187.0.wav,WWT836,ah sí,tetelancingo,,tetelancingo
tetelancingo_nahuatl/audios/speaker2_Tetel_Narra_ZWZ835_WWT836_2022-05-25-a_388512.0-389242.0.wav,WWT836,quemah,tetelancingo,,tetelancingo
tetelancingo_nahuatl/audios/speaker2_Tetel_Narra_ZWZ835_WWT836_2022-05-25-a_400937.0-402067.0.wav,WWT836,ah sí,tetelancingo,,tetelancingo
tetelancingo_nahuatl/audios/speaker2_Tetel_Narra_ZWZ835_WWT836_2022-05-25-a_405167.0-406367.0.wav,WWT836,ah sí,tetelancingo,,tetelancingo
tetelancingo_nahuatl/audios/speaker2_Tetel_Narra_ZWZ835_WWT836_2022-05-25-a_423757.0-426737.0.wav,WWT836,xa quemah xa amo tlen oquehcoteh,tetelancingo,,tetelancingo
tetelancingo_nahuatl/audios/speaker2_Tetel_Narra_ZWZ835_WWT836_2022-05-25-a_430947.0-432647.0.wav,WWT836,cana yen mostla amo secmati,tetelancingo,,tetelancingo
tetelancingo_nahuatl/audios/speaker2_Tetel_Narra_ZWZ835_WWT836_2022-05-25-a_440697.0-448057.0.wav,WWT836,ah yeh amo mati xamonah xa san quemeh se siete ocho surcos quemeh octicqueh,tetelancingo,,tetelancingo
tetelancingo_nahuatl/audios/speaker2_Tetel_Narra_ZWZ835_WWT836_2022-05-25-a_469507.0-470007.0.wav,WWT836,ichcameh,tetelancingo,,tetelancingo
tetelancingo_nahuatl/audios/speaker2_Tetel_Narra_ZWZ835_WWT836_2022-05-25-a_475222.0-480662.0.wav,WWT836,xa quemah yeh cachi isiui ahorita mas quipoloua miac atl,tetelancingo,,tetelancingo
tetelancingo_nahuatl/audios/speaker2_Tetel_Narra_ZWZ835_WWT836_2022-05-25-a_482197.0-485827.0.wav,WWT836,ahorita tehuan ocsipa oticcahcauilitoh nen atzintli mas,tetelancingo,,tetelancingo
tetelancingo_nahuatl/audios/speaker2_Tetel_Narra_ZWZ835_WWT836_2022-05-25-a_486537.0-491297.0.wav,WWT836,yeh nochi axan ocmacac san san tres rondas,tetelancingo,,tetelancingo
tetelancingo_nahuatl/audios/speaker2_Tetel_Narra_ZWZ835_WWT836_2022-05-25-a_492197.0-495857.0.wav,WWT836,como uehca tla atequia uehca tla atequia uan como miac atzintli,tetelancingo,,tetelancingo
tetelancingo_nahuatl/audios/speaker2_Tetel_Narra_ZWZ835_WWT836_2022-05-25-a_498227.0-504657.0.wav,WWT836,amo pues amo cualpantlalihtoc Karina den non xiquita ne oniquilueh neh mox quihtoa mox quicuitoqueh,tetelancingo,,tetelancingo
tetelancingo_nahuatl/audios/speaker2_Tetel_Narra_ZWZ835_WWT836_2022-05-25-a_507047.0-515277.00000000006.wav,WWT836,neneh ica non niquiluia este Feliciano niquiluia xa amo cualpantlalisqueh atl... tanque xa siquiera ocsipa yomovaciaroh,tetelancingo,,tetelancingo
tetelancingo_nahuatl/audios/speaker2_Tetel_Narra_ZWZ835_WWT836_2022-05-25-a_550547.0-551467.0.wav,WWT836,ah sí,tetelancingo,,tetelancingo
tetelancingo_nahuatl/audios/speaker2_Tetel_Narra_ZWZ835_WWT836_2022-05-25-a_552592.0-559352.0.wav,WWT836,amo no niquitztoc toauitzin Karina para niquiluis macualpantlali atl para neneh milauac nimehuan nanquicue,tetelancingo,,tetelancingo
tetelancingo_nahuatl/audios/speaker2_Tetel_Narra_ZWZ835_WWT836_2022-05-25-a_565027.0-565967.0.wav,WWT836,ah sí,tetelancingo,,tetelancingo
tetelancingo_nahuatl/audios/speaker2_Tetel_Narra_ZWZ835_WWT836_2022-05-25-a_567192.0-568892.0.wav,WWT836,xa amo no tlen quiluihtoc,tetelancingo,,tetelancingo
tetelancingo_nahuatl/audios/speaker2_Tetel_Narra_ZWZ835_WWT836_2022-05-25-a_580622.0-581922.0.wav,WWT836,xa niman oquinmacauqueh,tetelancingo,,tetelancingo
tetelancingo_nahuatl/audios/speaker2_Tetel_Narra_ZWZ835_WWT836_2022-05-25-a_587717.0-588877.0.wav,WWT836,oehcoc,tetelancingo,,tetelancingo
tetelancingo_nahuatl/audios/speaker2_Tetel_Narra_ZWZ835_WWT836_2022-05-25-a_592722.0-594532.0.wav,WWT836,yen de becario ne sintlapal,tetelancingo,,tetelancingo
tetelancingo_nahuatl/audios/speaker2_Tetel_Narra_ZWZ835_WWT836_2022-05-25-a_600377.0-601477.0.wav,WWT836,xa uilica,tetelancingo,,tetelancingo
tetelancingo_nahuatl/audios/speaker2_Tetel_Narra_ZWZ835_WWT836_2022-05-25-a_609232.0-610062.0.wav,WWT836,amo tleno,tetelancingo,,tetelancingo
tetelancingo_nahuatl/audios/speaker2_Tetel_Narra_ZWZ835_WWT836_2022-05-25-a_613062.0-613842.0.wav,WWT836,quemah,tetelancingo,,tetelancingo
tetelancingo_nahuatl/audios/speaker2_Tetel_Narra_ZWZ835_WWT836_2022-05-25-a_617717.0-618777.0.wav,WWT836,non quexquich oquis,tetelancingo,,tetelancingo
tetelancingo_nahuatl/audios/speaker2_Tetel_Narra_ZWZ835_WWT836_2022-05-25-a_619917.0-625947.0.wav,WWT836,ah pero ipa tehuan nen telpocameh ocnichicohqueh apenas veintiocho pesos,tetelancingo,,tetelancingo
tetelancingo_nahuatl/audios/speaker2_Tetel_Narra_ZWZ835_WWT836_2022-05-25-a_641890.0-642581.0.wav,WWT836,mox quemah,tetelancingo,,tetelancingo
tetelancingo_nahuatl/audios/speaker2_Tetel_Narra_ZWZ835_WWT836_2022-05-25-a_652410.0-653319.0.wav,WWT836,xa quemah,tetelancingo,,tetelancingo
tetelancingo_nahuatl/audios/speaker2_Tetel_Narra_ZWZ835_WWT836_2022-05-25-a_654272.0-665668.0.wav,WWT836,pero neh nimoiluitoc xa hasta oc yecchicueyi porque tla mas yeh xa quemah mas quesqui quilohtzin pero a ver neneh tlanah tlatiqui Abraham sábado nictehtemos mas sehseh,tetelancingo,,tetelancingo
tetelancingo_nahuatl/audios/speaker2_Tetel_Narra_ZWZ835_WWT836_2022-05-25-a_699419.0-700455.0.wav,WWT836,ya lleno,tetelancingo,,tetelancingo
tetelancingo_nahuatl/audios/speaker2_Tetel_Narra_ZWZ835_WWT836_2022-05-25-a_701050.0-702114.0.wav,WWT836,xa quemah,tetelancingo,,tetelancingo
tetelancingo_nahuatl/audios/speaker2_Tetel_Narra_ZWZ835_WWT836_2022-05-25-a_704776.0-710694.0.wav,WWT836,a ver tiquitasqueh quemaniya tlatiquisqueh tlamo yeh ne milauac xa ompa xinis,tetelancingo,,tetelancingo
tetelancingo_nahuatl/audios/speaker2_Tetel_Narra_ZWZ835_WWT836_2022-05-25-a_722099.0-722817.0.wav,WWT836,mox quemah,tetelancingo,,tetelancingo
tetelancingo_nahuatl/audios/speaker2_Tetel_Narra_ZWZ835_WWT836_2022-05-25-a_746975.0-748075.0.wav,WWT836,ah ica in auacatl,tetelancingo,,tetelancingo
tetelancingo_nahuatl/audios/speaker2_Tetel_Narra_ZWZ835_WWT836_2022-05-25-a_756087.0-766832.0.wav,WWT836,xa quemah xa quemah como nen amo nen amo clases ihcuac uan telpocatl no yi secpaleuia como san chiltiquis ica in salon pues amo,tetelancingo,,tetelancingo
tetelancingo_nahuatl/audios/speaker2_Tetel_Narra_ZWZ835_WWT836_2022-05-25-a_783052.0-784143.0.wav,WWT836,ah sí,tetelancingo,,tetelancingo
tetelancingo_nahuatl/audios/speaker2_Tetel_Narra_ZWZ835_WWT836_2022-05-25-a_786256.0-787238.0.wav,WWT836,san tlen quihtoa,tetelancingo,,tetelancingo
tetelancingo_nahuatl/audios/speaker2_Tetel_Narra_ZWZ835_WWT836_2022-05-25-a_788933.0-789396.0.wav,WWT836,quemah,tetelancingo,,tetelancingo
tetelancingo_nahuatl/audios/speaker2_Tetel_Narra_ZWZ835_WWT836_2022-05-25-a_799185.0-801740.0.wav,WWT836,ah sí axan amo tetlacamate,tetelancingo,,tetelancingo
tetelancingo_nahuatl/audios/speaker2_Tetel_Narra_ZWZ835_WWT836_2022-05-25-a_820371.0-823071.0.wav,WWT836,Ah Efrain cani in yoyayah,tetelancingo,,tetelancingo
tetelancingo_nahuatl/audios/speaker2_Tetel_Narra_ZWZ835_WWT836_2022-05-25-a_886619.0-888264.0.wav,WWT836,tlapiyalcuitlameh,tetelancingo,,tetelancingo
tetelancingo_nahuatl/audios/speaker2_Tetel_Narra_ZWZ835_WWT836_2022-05-25-a_895083.0-896864.0.wav,WWT836,Aha cani matlahchinocan,tetelancingo,,tetelancingo
tetelancingo_nahuatl/audios/speaker2_Tetel_Narra_ZWZ835_WWT836_2022-05-25-a_900561.0-901807.0.wav,WWT836,ticol,tetelancingo,,tetelancingo
tetelancingo_nahuatl/audios/speaker2_Tetel_Narra_ZWZ835_WWT836_2022-05-25-a_912956.0-914201.0.wav,WWT836,tlapiyalcuitlameh,tetelancingo,,tetelancingo
tetelancingo_nahuatl/audios/speaker2_Tetel_Narra_ZWZ835_WWT836_2022-05-25-a_936132.0-937423.0.wav,WWT836,se conetl,tetelancingo,,tetelancingo
tetelancingo_nahuatl/audios/speaker2_Tetel_Narra_ZWZ835_WWT836_2022-05-25-a_952242.0-953696.0.wav,WWT836,ay Dios,tetelancingo,,tetelancingo
tetelancingo_nahuatl/audios/speaker2_Tetel_Narra_ZWZ835_WWT836_2022-05-25-a_958420.0-959202.0.wav,WWT836,ah tzacutoc,tetelancingo,,tetelancingo
tetelancingo_nahuatl/audios/speaker2_Tetel_Narra_ZWZ835_WWT836_2022-05-25-a_973164.0-977201.0.wav,WWT836,no pues sí uan tlana oquexigiruilaya mox tlaxtlaua uan amo oquinic,tetelancingo,,tetelancingo
tetelancingo_nahuatl/audios/speaker2_Tetel_Narra_ZWZ835_WWT836_2022-05-25-a_978004.0-980813.0.wav,WWT836,amo ocnicqueh tetahmeh conetl canin cuilisqueh tomen,tetelancingo,,tetelancingo
tetelancingo_nahuatl/audios/speaker2_Tetel_Narra_ZWZ835_WWT836_2022-05-25-a_981850.0-989209.0.wav,WWT836,pues yeh xa quita cualtzin oneuan ticol pero ahorita milauac mas para manguera milauac ahorita tendidos ich in cohyo uan,tetelancingo,,tetelancingo
tetelancingo_nahuatl/audios/speaker2_Tetel_Narra_ZWZ835_WWT836_2022-05-25-a_1009419.0-1010265.0.wav,WWT836,tipeuis,tetelancingo,,tetelancingo
tetelancingo_nahuatl/audios/speaker2_Tetel_Narra_ZWZ835_WWT836_2022-05-25-a_1035509.0-1038872.0000000001.wav,WWT836,yi tlaxotlatoc yeh quemah como tanto tlauaqui,tetelancingo,,tetelancingo
tetelancingo_nahuatl/audios/speaker2_Tetel_Narra_ZWZ835_WWT836_2022-05-25-a_1049599.0-1059696.0.wav,WWT836,ah sí ahorita Dios mío simi sequinpenahtis coconeh porque tla amo yo... ic mochiua yo... mox quichihchinohtinimeh panal quenin yoquintlan ticol,tetelancingo,,tetelancingo
tetelancingo_nahuatl/audios/speaker2_Tetel_Narra_ZWZ835_WWT836_2022-05-25-a_1061160.0-1062960.0.wav,WWT836,quenin quichiuasqueh mas cachi,tetelancingo,,tetelancingo
tetelancingo_nahuatl/audios/speaker2_Tetel_Narra_ZWZ835_WWT836_2022-05-25-a_1067758.0-1069122.0.wav,WWT836,macchiua,tetelancingo,,tetelancingo
tetelancingo_nahuatl/audios/speaker2_Tetel_Narra_ZWZ835_WWT836_2022-05-25-a_1073189.0-1074316.0.wav,WWT836,ah sí,tetelancingo,,tetelancingo
tetelancingo_nahuatl/audios/speaker2_Tetel_Narra_ZWZ835_WWT836_2022-05-25-a_1081015.0-1082915.0.wav,WWT836,uan telpocatl san oualah ic tlatzintla,tetelancingo,,tetelancingo
tetelancingo_nahuatl/audios/speaker2_Tetel_Narra_ZWZ835_WWT836_2022-05-25-a_1097387.0-1098796.0.wav,WWT836,tlapiyalcuitlameh,tetelancingo,,tetelancingo
tetelancingo_nahuatl/audios/speaker2_Tetel_Narra_ZWZ835_WWT836_2022-05-25-a_1105375.0-1109393.0.wav,WWT836,ay Dios como conetl milauac amo sec... amo tlatlacamateh milauac,tetelancingo,,tetelancingo
tetelancingo_nahuatl/audios/speaker2_Tetel_Narra_ZWZ835_WWT836_2022-05-25-a_1111475.0-1113575.0.wav,WWT836,uan tlan quihtoa Nestor yeh otlacamat ica ichcameh,tetelancingo,,tetelancingo
tetelancingo_nahuatl/audios/speaker2_Tetel_Narra_ZWZ835_WWT836_2022-05-25-a_1122081.0-1125036.0.wav,WWT836,a quen quihtoa aquin otlatlapohca yen cuacoue,tetelancingo,,tetelancingo
tetelancingo_nahuatl/audios/speaker2_Tetel_Narra_ZWZ835_WWT836_2022-05-25-a_1133540.0-1134386.0.wav,WWT836,ompa uitztoc,tetelancingo,,tetelancingo
tetelancingo_nahuatl/audios/speaker2_Tetel_Narra_ZWZ835_WWT836_2022-05-25-a_1217977.0-1220641.0.wav,WWT836,choca uan choca quita amaquin nesi opeu choca,tetelancingo,,tetelancingo
tetelancingo_nahuatl/audios/speaker2_Tetel_Narra_ZWZ835_WWT836_2022-05-25-a_1227586.0-1228795.0.wav,WWT836,acmo oyah,tetelancingo,,tetelancingo
tetelancingo_nahuatl/audios/speaker2_Tetel_Narra_ZWZ835_WWT836_2022-05-25-a_1277317.0-1278699.0.wav,WWT836,ah... quihtoa remix,tetelancingo,,tetelancingo
tetelancingo_nahuatl/audios/speaker2_Tetel_Narra_ZWZ835_WWT836_2022-05-25-a_1299857.0-1301848.0.wav,WWT836,i... ichuchería,tetelancingo,,tetelancingo
tetelancingo_nahuatl/audios/speaker2_Tetel_Narra_ZWZ835_WWT836_2022-05-25-a_1327948.0-1328730.0.wav,WWT836,oquinmacac,tetelancingo,,tetelancingo
tetelancingo_nahuatl/audios/speaker2_Tetel_Narra_ZWZ835_WWT836_2022-05-25-a_1341017.0-1342408.0.wav,WWT836,ah den helado,tetelancingo,,tetelancingo
tetelancingo_nahuatl/audios/speaker2_Tetel_Narra_ZWZ835_WWT836_2022-05-25-a_1348786.0-1350177.0.wav,WWT836,san tlacactoc,tetelancingo,,tetelancingo
tetelancingo_nahuatl/audios/speaker2_Tetel_Narra_ZWZ835_WWT836_2022-05-25-a_1366696.0-1367605.0.wav,WWT836,ah quipiya tomen,tetelancingo,,tetelancingo
tetelancingo_nahuatl/audios/speaker2_Tetel_Narra_ZWZ835_WWT836_2022-05-25-a_1385652.0-1386670.0.wav,WWT836,mactlafiaro,tetelancingo,,tetelancingo
tetelancingo_nahuatl/audios/speaker2_Tetel_Narra_ZWZ835_WWT836_2022-05-25-a_1404303.0-1405130.0.wav,WWT836,ah ome,tetelancingo,,tetelancingo
tetelancingo_nahuatl/audios/speaker2_Tetel_Narra_ZWZ835_WWT836_2022-05-25-a_1452152.0-1456661.0.wav,WWT836,ah necateh xa yaqui uitzeh milauac yoquitato in planta milauac oyahqueh san cualcan,tetelancingo,,tetelancingo
tetelancingo_nahuatl/audios/speaker2_Tetel_Narra_ZWZ835_WWT836_2022-05-25-a_1464771.0-1476151.0.wav,WWT836,milauac ompa cualtzin tlatlachiya ica in ruinas milauac ya tlen milauac ich non ruinas quihtoa milauac xa tlensa isqui quemeh tlenoh in para que quitomencuipasqueh,tetelancingo,,tetelancingo
tetelancingo_nahuatl/audios/speaker2_Tetel_Narra_ZWZ835_WWT836_2022-05-25-a_1480862.0-1492640.0.wav,WWT836,pero milauac como tanto ueyi tixahcal xa ne tla quihtoa tlahtic achto in mox opeu quixtia nen quihcuanitoya titl quihcuaniya titl ocasiqueh mox se mamitlapil,tetelancingo,,tetelancingo
tetelancingo_nahuatl/audios/speaker2_Tetel_Narra_ZWZ835_WWT836_2022-05-25-a_1499328.0-1500292.0.wav,WWT836,xa quemah,tetelancingo,,tetelancingo
tetelancingo_nahuatl/audios/speaker2_Tetel_Narra_ZWZ835_WWT836_2022-05-25-a_1516639.0-1524276.0.wav,WWT836,"quihtoa mox de xantilmeh amo secmati quenin otlamatiyah, xa quemeh, pues quenin mox queh personas o quenin",tetelancingo,,tetelancingo
tetelancingo_nahuatl/audios/speaker2_Tetel_Narra_ZWZ835_WWT836_2022-05-25-a_1562604.0-1563213.0.wav,WWT836,quemah,tetelancingo,,tetelancingo
tetelancingo_nahuatl/audios/speaker2_Tetel_Narra_ZWZ835_WWT836_2022-05-25-a_1565471.0-1566707.0.wav,WWT836,ocse cosa,tetelancingo,,tetelancingo
tetelancingo_nahuatl/audios/speaker2_Tetel_Narra_ZWZ835_WWT836_2022-05-25-a_1567538.0-1571820.0.wav,WWT836,uan milauac sequita antes milauac onimiya mox xixipitztiqueh milauac,tetelancingo,,tetelancingo
tetelancingo_nahuatl/audios/speaker2_Tetel_Narra_ZWZ835_WWT836_2022-05-25-a_1573055.0-1575565.0.wav,WWT836,amo ocatca tilmahtli yi tlen tonal milauac,tetelancingo,,tetelancingo
tetelancingo_nahuatl/audios/speaker2_Tetel_Narra_ZWZ835_WWT836_2022-05-25-a_1581147.0-1587338.0.wav,WWT836,"no uitz ich, uan no ich in libro uitz xiquita ich historia milauac ompa sequita personas",tetelancingo,,tetelancingo
tetelancingo_nahuatl/audios/speaker2_Tetel_Narra_ZWZ835_WWT836_2022-05-25-a_1594452.0-1595598.0.wav,WWT836,manzana,tetelancingo,,tetelancingo
tetelancingo_nahuatl/audios/speaker2_Tetel_Narra_ZWZ835_WWT836_2022-05-25-a_1603410.0-1604001.0.wav,WWT836,quemah,tetelancingo,,tetelancingo
tetelancingo_nahuatl/audios/speaker2_Tetel_Narra_ZWZ835_WWT836_2022-05-25-a_1628722.0-1630368.0.wav,WWT836,sí yeh quihtoa,tetelancingo,,tetelancingo
tetelancingo_nahuatl/audios/speaker2_Tetel_Narra_ZWZ835_WWT836_2022-05-25-a_1638503.0-1647249.0.wav,WWT836,pues yeh ohcon quihtoa mox ne ompa nepa ich in neneh ruinas quihtoa mox quemeh ohcon tlensa queh figuras nochi non,tetelancingo,,tetelancingo
tetelancingo_nahuatl/audios/speaker2_Tetel_Narra_ZWZ835_WWT836_2022-05-25-a_1647687.0-1656962.0.wav,WWT836,o a veces tlayoua caqueh mialuac tlahtic queh tlatzilini milauac xa queh como ompa nintinimeh nen personas tlen ompa queh intlal ya quicaqueh,tetelancingo,,tetelancingo
tetelancingo_nahuatl/audios/speaker2_Tetel_Narra_ZWZ835_WWT836_2022-05-25-a_1665164.0-1666837.0.wav,WWT836,semoyolchicauas uan seyas,tetelancingo,,tetelancingo
tetelancingo_nahuatl/audios/speaker2_Tetel_Narra_ZWZ835_WWT836_2022-05-25-a_1668108.0-1672454.0.wav,WWT836,xa quemah yi quemeh nican ichan campa ochanchiuaya Florentino para nepa ihquin,tetelancingo,,tetelancingo
tetelancingo_nahuatl/audios/speaker2_Tetel_Narra_ZWZ835_WWT836_2022-05-25-a_1673306.0-1683715.0.wav,WWT836,"milauac neneh quihtoa yen Don Jonathan mox neneh, este yi tlen tonal milauac mox oyaya ohcon para neneh para ic tlatzintla quita cachi omohuitayah para ompa",tetelancingo,,tetelancingo
tetelancingo_nahuatl/audios/speaker2_Tetel_Narra_ZWZ835_WWT836_2022-05-25-a_1686518.0-1695918.0.wav,WWT836,quihtoa mox este caquia mox las doce de la noche mox caqueh quen ualpanxintiu queh tomen milauac ich in non nen cueva,tetelancingo,,tetelancingo
tetelancingo_nahuatl/audios/speaker2_Tetel_Narra_ZWZ835_WWT836_2022-05-25-a_1696711.0-1703584.0.wav,WWT836,"mox ualpanxintiu queh tomen milauac mocaqui tomen hasta tlatzitzilicatiu, uan nen quihtoa xa isqui tomen",tetelancingo,,tetelancingo
tetelancingo_nahuatl/audios/speaker2_Tetel_Narra_ZWZ835_WWT836_2022-05-25-a_1706392.0-1707719.0.wav,WWT836,amo secmati queyeh,tetelancingo,,tetelancingo
tetelancingo_nahuatl/audios/speaker2_Tetel_Narra_ZWZ835_WWT836_2022-05-25-a_1723996.0-1725696.0.wav,WWT836,nican cuacuilancatl,tetelancingo,,tetelancingo
tetelancingo_nahuatl/audios/speaker2_Tetel_Narra_ZWZ835_WWT836_2022-05-25-a_1780839.0-1783057.0.wav,WWT836,yeh quemah ne niquilnamictoc yi tlen,tetelancingo,,tetelancingo
tetelancingo_nahuatl/audios/speaker2_Tetel_Narra_ZWZ835_WWT836_2022-05-25-a_1783551.0-1787542.0.wav,WWT836,yi tlen tonal otiyahca ompa mox oticcacapoltemotoh iuan nocniu Marina,tetelancingo,,tetelancingo
tetelancingo_nahuatl/audios/speaker2_Tetel_Narra_ZWZ835_WWT836_2022-05-25-a_1788359.0-1799428.0.wav,WWT836,"ohcon ompa otiyayah uan cuando de momento quen cachi setlehco para tlacpac ich in tipetl, uan neneh sec... milauac oniyah ohcon onitlehcoc onitlehcoc",tetelancingo,,tetelancingo
tetelancingo_nahuatl/audios/speaker2_Tetel_Narra_ZWZ835_WWT836_2022-05-25-a_1815290.0-1818862.0.wav,WWT836,uan oninaltlachiyato yeh hasta queh mocaqui nanatzca queh puerta,tetelancingo,,tetelancingo
tetelancingo_nahuatl/audios/speaker2_Tetel_Narra_ZWZ835_WWT836_2022-05-25-a_1819337.0-1826604.0.wav,WWT836,mocaqui que nanatzca queh puerta uan milauac ompa tlatentl ompa cateh huesos pero huesos milauac uehueyi huesos,tetelancingo,,tetelancingo
tetelancingo_nahuatl/audios/speaker2_Tetel_Narra_ZWZ835_WWT836_2022-05-25-a_1827519.0-1837355.0.wav,WWT836,omimeh uan ne tons oniualmo... o sea que milauac onimomohteh oniualpanihchicta ohcon onicasico nocniu niquiluia amo tinechcreeruilis ne ocatca se cueva,tetelancingo,,tetelancingo
tetelancingo_nahuatl/audios/speaker2_Tetel_Narra_ZWZ835_WWT836_2022-05-25-a_1837840.0-1846050.0.wav,WWT836,"quihtoa canin niquiluia ne ahcoic pero milauac ompa catqui in huesos ohcon nochi non, amo onechcreeruilaya uan milauac ompa nen tlatentl",tetelancingo,,tetelancingo
tetelancingo_nahuatl/audios/speaker2_Tetel_Narra_ZWZ835_WWT836_2022-05-25-a_1847117.0-1847854.0.wav,WWT836,quemah,tetelancingo,,tetelancingo
tetelancingo_nahuatl/audios/speaker2_Tetel_Narra_ZWZ835_WWT836_2022-05-25-a_1848171.0-1859783.0.wav,WWT836,"uan otiyahqueh, bueno ompa tlatentl quemeh milauac ich in itempan cueva ompa cateh ihuimeh pero nochi ticolotiqueh ne milauac onicniquiya mox niquitzquis se",tetelancingo,,tetelancingo
tetelancingo_nahuatl/audios/speaker2_Tetel_Narra_ZWZ835_WWT836_2022-05-25-a_1860241.0-1865087.0.wav,WWT836,pero yeh amo onechmocauileh pero queh xiquihto quemeh non caxtilmeh ticolitiqueh uan siqueh,tetelancingo,,tetelancingo
tetelancingo_nahuatl/audios/speaker2_Tetel_Narra_ZWZ835_WWT836_2022-05-25-a_1865827.0-1866872.0.wav,WWT836,yeh amo,tetelancingo,,tetelancingo
tetelancingo_nahuatl/audios/speaker2_Tetel_Narra_ZWZ835_WWT836_2022-05-25-a_1867387.0-1879082.0.wav,WWT836,yeh amo tzicuineh iuan siqueh naranjados neneh ompa nintinimeh mox no queh cocotohtinimeh quemeh cuando tlapachohca ihuimeh tiquita quen peua culecahtzahtzeh,tetelancingo,,tetelancingo
tetelancingo_nahuatl/audios/speaker2_Tetel_Narra_ZWZ835_WWT836_2022-05-25-a_1879798.0-1887044.0.wav,WWT836,ohcon ompa nintinimeh tons neh onimoualmilauac onimomohteh nimoualtimoc niquiluia timatis que tla chuueh ticahcuitateh milauac,tetelancingo,,tetelancingo
tetelancingo_nahuatl/audios/speaker2_Tetel_Narra_ZWZ835_WWT836_2022-05-25-a_1889405.0-1891269.0.wav,WWT836,xa otechtilanca tipetl,tetelancingo,,tetelancingo
tetelancingo_nahuatl/audios/speaker2_Tetel_Narra_ZWZ835_WWT836_2022-05-25-a_1891440.0-1892013.0.wav,WWT836,quemah,tetelancingo,,tetelancingo
tetelancingo_nahuatl/audios/speaker2_Tetel_Narra_ZWZ835_WWT836_2022-05-25-a_1892891.0-1901782.0.wav,WWT836,uan tons ompa otiyahqueh como amo onechcreeruilaya uan milauac otiyahqueh ocsipa otimahcuipqueh titlehcoqueh yeh otiquisatoh yeh ihuimeh yi calactoqueh para tlahtic,tetelancingo,,tetelancingo
tetelancingo_nahuatl/audios/speaker2_Tetel_Narra_ZWZ835_WWT836_2022-05-25-a_1902210.0-1913319.0.wav,WWT836,yi ya calactoqueh para tlahtic uan ye ompa ne ich in cuevatenco ye ompa cateh huesos milauac uehueyi huesos amo secmati non mox de mox de ichcatl de itzcuintli o amati tlenoh,tetelancingo,,tetelancingo
tetelancingo_nahuatl/audios/speaker2_Tetel_Narra_ZWZ835_WWT836_2022-05-25-a_1924277.0-1925431.0.wav,WWT836,amo secmati,tetelancingo,,tetelancingo
tetelancingo_nahuatl/audios/speaker2_Tetel_Narra_ZWZ835_WWT836_2022-05-25-a_1926036.0-1927863.0.wav,WWT836,tleno pero yeh ohcon,tetelancingo,,tetelancingo
tetelancingo_nahuatl/audios/speaker2_Tetel_Narra_ZWZ835_WWT836_2022-05-25-a_1960531.0-1961731.0.wav,WWT836,a poco,tetelancingo,,tetelancingo
tetelancingo_nahuatl/audios/speaker2_Tetel_Narra_ZWZ835_WWT836_2022-05-25-a_1968543.0-1969971.0.wav,WWT836,acmo oualquisqueh,tetelancingo,,tetelancingo
tetelancingo_nahuatl/audios/speaker2_Tetel_Narra_ZWZ835_WWT836_2022-05-25-a_1972701.0-1976747.0.wav,WWT836,xa quemah tl.. neneh milauac itlapiyalua o quenin,tetelancingo,,tetelancingo
tetelancingo_nahuatl/audios/speaker2_Tetel_Narra_ZWZ835_WWT836_2022-05-25-a_1977328.0-1987075.0.wav,WWT836,neneh ohcon neneh ompa oti... ay otimohmohtihqueh milauac otiualtimoqueh de ompa acmo quemah otiyahqueh xiquita teh amati ixquilnamiqui no yi tlen tonal otiyahqueh,tetelancingo,,tetelancingo
tetelancingo_nahuatl/audios/speaker2_Tetel_Narra_ZWZ835_WWT836_2022-05-25-a_1996526.0-2004744.0.wav,WWT836,"pero mati xa Fermin o yen Felix no touan oyahca, cuando xiquita oticanato, mati aquin ocualicac mati se kilohtzin oquipix",tetelancingo,,tetelancingo
tetelancingo_nahuatl/audios/speaker2_Tetel_Narra_ZWZ835_WWT836_2022-05-25-a_2005656.0-2006320.0.wav,WWT836,uan,tetelancingo,,tetelancingo
tetelancingo_nahuatl/audios/speaker2_Tetel_Narra_ZWZ835_WWT836_2022-05-25-a_2013854.0-2018500.0.wav,WWT836,tons ica non desde ompa acmo queman seyahtoc ohcon pero pues,tetelancingo,,tetelancingo
tetelancingo_nahuatl/audios/speaker2_Tetel_Narra_ZWZ835_WWT836_2022-05-25-a_2027637.0-2028546.0.wav,WWT836,ich in manguera,tetelancingo,,tetelancingo
tetelancingo_nahuatl/audios/speaker2_Tetel_Narra_ZWZ835_WWT836_2022-05-25-a_2036527.0-2038963.0.wav,WWT836,"quemah ompa, ompa otipauitzcah",tetelancingo,,tetelancingo
tetelancingo_nahuatl/audios/speaker2_Tetel_Narra_ZWZ835_WWT836_2022-05-25-a_2054378.0000000002-2057424.0.wav,WWT836,"Rosa iuan otiyahqueh, Dios mío",tetelancingo,,tetelancingo
tetelancingo_nahuatl/audios/speaker2_Tetel_Narra_ZWZ835_WWT836_2022-05-25-a_2058569.0-2064397.0.wav,WWT836,"ompa non lado pero yen nen cueva catqui hasta nepa ahcoic, pero tehuan otiahcan ualtlaniuictzi uan",tetelancingo,,tetelancingo
tetelancingo_nahuatl/audios/speaker2_Tetel_Narra_ZWZ835_WWT836_2022-05-25-a_2065782.0000000002-2075031.0.wav,WWT836,ompa yi cerca yotiahsitoyah den cueva xa ipa oc xa queh nican uan oc quemeh xa queh salahco porque nen ixquitan subida uehca,tetelancingo,,tetelancingo
tetelancingo_nahuatl/audios/speaker2_Tetel_Narra_ZWZ835_WWT836_2022-05-25-a_2075632.9999999998-2089147.0.wav,WWT836,"tons este ohcon neneh o... otiyahqueh mox otimanimarohqueh yen nican noauitzin quihtoa, mox tiyasqueh ica in xiuitl, niquiluia xa quemah tiyasqueh pero ye noconeu ihcuac xiquita in Feliciano según mox mococoua de icorazón mati quenin",tetelancingo,,tetelancingo
tetelancingo_nahuatl/audios/speaker2_Tetel_Narra_ZWZ835_WWT836_2022-05-25-a_2091831.9999999998-2099050.0.wav,WWT836,"uan tons niquiluia, timatis que ximocaua iuan conetl uan neh niyas nictemoti cacapolin uan nen auitzin Asuncion uan nen",tetelancingo,,tetelancingo
tetelancingo_nahuatl/audios/speaker2_Tetel_Narra_ZWZ835_WWT836_2022-05-25-a_2100953.0-2110932.0.wav,WWT836,"amo, pues según mox sayen icorazón canin quicocoa uan tons nen Leonor no ic ne tlaniuic oniquitac onicanimaroh, niquiluia chue maticanate cacapulin, quihtoa pero noconeu",tetelancingo,,tetelancingo
tetelancingo_nahuatl/audios/speaker2_Tetel_Narra_ZWZ835_WWT836_2022-05-25-a_2111122.0-2114667.0.wav,WWT836,pero como ihcuac non tiempo xiquita amo capoyaroaya Leobardo,tetelancingo,,tetelancingo
tetelancingo_nahuatl/audios/speaker2_Tetel_Narra_ZWZ835_WWT836_2022-05-25-a_2115070.0-2116679.0.wav,WWT836,tons ica non neneh o...,tetelancingo,,tetelancingo
tetelancingo_nahuatl/audios/speaker2_Tetel_Narra_ZWZ835_WWT836_2022-05-25-a_2117891.0-2123257.0.wav,WWT836,"oticuicaqueh, yeh oticuicaqueh cocotzin tons quihtoa pues choueh",tetelancingo,,tetelancingo
tetelancingo_nahuatl/audios/speaker2_Tetel_Narra_ZWZ835_WWT836_2022-05-25-a_2123779.0-2124552.0.wav,WWT836,pues choueh,tetelancingo,,tetelancingo
tetelancingo_nahuatl/audios/speaker2_Tetel_Narra_ZWZ835_WWT836_2022-05-25-a_2125601.0-2136953.0.wav,WWT836,"canin, ah pues quimemehtinimi, tons otiyahqueh oticacapoltemotoh, timanimarohqueh mox otiyahqueh, tiquiluiah canah tlatemos ualtlaniuic quihtoa amo porque este yeh no yas touan",tetelancingo,,tetelancingo
tetelancingo_nahuatl/audios/speaker2_Tetel_Narra_ZWZ835_WWT836_2022-05-25-a_2137422.0-2148649.0.wav,WWT836,tons mox milauac no iuan otiyahqueh axan yen neneh yoticahaxitihqueh ohome tlamemel uan yeh neneh coconeh tiquincaqueh ompa ne techahcotzahtzilihtiueh,tetelancingo,,tetelancingo
tetelancingo_nahuatl/audios/speaker2_Tetel_Narra_ZWZ835_WWT836_2022-05-25-a_2148786.0-2161268.0.wav,WWT836,"canin ticateh, axan Mireya uan Bernardo, uan ne mati aquin ocse conetl, xamona yen nen Julian o mati aquin conetl ompa neneh yotechahcoasitiueh",tetelancingo,,tetelancingo
tetelancingo_nahuatl/audios/speaker2_Tetel_Narra_ZWZ835_WWT836_2022-05-25-a_2161486.0-2171586.0.wav,WWT836,"uan neneh niquim... tiquimiluia este ma, ma, este, ompa matechchiyacan ualtlaniuic uan yehuan amo, trato tlehcoh, tlehcoh ohcon techtzahtzilihtiueh canin ticateh",tetelancingo,,tetelancingo
tetelancingo_nahuatl/audios/speaker2_Tetel_Narra_ZWZ835_WWT836_2022-05-25-a_2172095.0-2179313.0.wav,WWT836,"uan axan ne, nehuatl uan neh noauitzin, bueno noauitzin uan nen Leonor, niquiluia timatis, noconmatisqueh axan",tetelancingo,,tetelancingo
tetelancingo_nahuatl/audios/speaker2_Tetel_Narra_ZWZ835_WWT836_2022-05-25-a_2181457.0-2188943.0.wav,WWT836,"conegatl, yaquin apenas ocpiyaya xamona, tla simi tla simi xa ome tlapoual, ome tlapoual",tetelancingo,,tetelancingo
tetelancingo_nahuatl/audios/speaker2_Tetel_Narra_ZWZ835_WWT836_2022-05-25-a_2189578.0-2204865.0.wav,WWT836,porque nen no xa ome tlapoual os canah hasta yeyi tlapoual porque niquilnamictoc neh onicauteu Nestor xa ome tlapoual como yeh xiquita cada tlapoual mouica sese tlapoual tons ye xa ocpiyaya ix queh tres meses Nestor xa queh ne xa queh dos meses,tetelancingo,,tetelancingo
tetelancingo_nahuatl/audios/speaker2_Tetel_Narra_ZWZ835_WWT836_2022-05-25-a_2205545.0-2217642.0.wav,WWT836,uan neh tons niquimiluia axan noncomatisqueh para amo secpanix... secpamemehtas mejor masecpanixcuacahcaua toxiu uan tos mox milauac otiquin quen ihquin cualtihtimohtiueh,tetelancingo,,tetelancingo
tetelancingo_nahuatl/audios/speaker2_Tetel_Narra_ZWZ835_WWT836_2022-05-25-a_2217821.0-2228838.0.wav,WWT836,"uan ticualpancuacahcaua toxiu ualtimo, axan ocsipa timoahcocopaqueh ocsipa oticahcuanato oc sehse tlamemel hasta acmo yec sehse tlamemel uan neh ocsipa niquiluia axan ocsipa tiquimpanmimilosqueh",tetelancingo,,tetelancingo
tetelancingo_nahuatl/audios/speaker2_Tetel_Narra_ZWZ835_WWT836_2022-05-25-a_2228983.0-2241440.0.wav,WWT836,quihtoa quemah san ticual... san tiquinmixcuacuahcaua uan toxiuan uan cuando ticaqueh neneh titl hasta ualpantlatopontiu Dios mío uan yeh mero tlalatlauc campa tixahcalihtic,tetelancingo,,tetelancingo
tetelancingo_nahuatl/audios/speaker2_Tetel_Narra_ZWZ835_WWT836_2022-05-25-a_2241638.0-2242915.0.wav,WWT836,ohcon tiualtimotoqueh,tetelancingo,,tetelancingo
tetelancingo_nahuatl/audios/speaker2_Tetel_Narra_ZWZ835_WWT836_2022-05-25-a_2244342.0-2252219.0.wav,WWT836,uan cuando neneh tiquitah titl ompa ya ualtimotiu hasta panpatlantiutimeh pero timeh amo timeh cotzitzin,tetelancingo,,tetelancingo
tetelancingo_nahuatl/audios/speaker2_Tetel_Narra_ZWZ835_WWT836_2022-05-25-a_2252820.0-2254189.0.wav,WWT836,timeh uehueyen,tetelancingo,,tetelancingo
tetelancingo_nahuatl/audios/speaker2_Tetel_Narra_ZWZ835_WWT836_2022-05-25-a_2257413.0-2264374.0.wav,WWT836,"cuando nen, pero coconeh tlen ompa otechicauayah mox no techahconotztiueh neneh",tetelancingo,,tetelancingo
tetelancingo_nahuatl/audios/speaker2_Tetel_Narra_ZWZ835_WWT836_2022-05-25-a_2267067.0-2274275.0.wav,WWT836,quemah tiquimiluia matzicuinican para nepa que tlaltilol campa quemeh ipan tlatlaltilol para ma nen titl ompa ualas derecho,tetelancingo,,tetelancingo
tetelancingo_nahuatl/audios/speaker2_Tetel_Narra_ZWZ835_WWT836_2022-05-25-a_2274923.0-2279113.0.wav,WWT836,mox no oyahqueh para nepa oc motoctohtihqueh nen milauac nen itlampa in timeh,tetelancingo,,tetelancingo
tetelancingo_nahuatl/audios/speaker2_Tetel_Narra_ZWZ835_WWT836_2022-05-25-a_2279592.0-2283131.0.wav,WWT836,"ompa omotohtochohqueh, lo bueno oc oquinmacac tiempo otzicuinqueh",tetelancingo,,tetelancingo
tetelancingo_nahuatl/audios/speaker2_Tetel_Narra_ZWZ835_WWT836_2022-05-25-a_2283204.0-2292304.0.wav,WWT836,"uan tehuan titl tiquita uan, Leonor san ihquin queh oc canah uan iconeu san por tzocotzin oquitato titl tlamo hasta oc cuaahsiya nen titl",tetelancingo,,tetelancingo
tetelancingo_nahuatl/audios/speaker2_Tetel_Narra_ZWZ835_WWT836_2022-05-25-a_2292906.0-2297149.0.wav,WWT836,"uan oc omonaltitlan, uan axan noauitzin Asuncioncita no motitlan para ne",tetelancingo,,tetelancingo
tetelancingo_nahuatl/audios/speaker2_Tetel_Narra_ZWZ835_WWT836_2022-05-25-a_2297696.0-2308004.0.wav,WWT836,"uan neh quihtoah xa onechualantiquis titl yeh amo quen oniquitac titl ihquin ouitz notzoncuac ihquin tlen onicchiu, nimonaltitlan para itzalan tixahcal mota xa xiuitl catqui",tetelancingo,,tetelancingo
tetelancingo_nahuatl/audios/speaker2_Tetel_Narra_ZWZ835_WWT836_2022-05-25-a_2308616.0-2312462.0.wav,WWT836,yeh ocatca xiuitl pero amo miac uan ompa onimotitlan tzalan timeh,tetelancingo,,tetelancingo
tetelancingo_nahuatl/audios/speaker2_Tetel_Narra_ZWZ835_WWT836_2022-05-25-a_2313133.0-2316733.0.wav,WWT836,uan tons ompa ne quihtoa opeu noauitzin ne Asuncioncito nechiluia,tetelancingo,,tetelancingo
tetelancingo_nahuatl/audios/speaker2_Tetel_Narra_ZWZ835_WWT836_2022-05-25-a_2317486.0-2324540.0.wav,WWT836,nen quihtoa este canin ticah Octavio ohcon pero yopeuqueh momohtia pues neh amo ninesi neh primero lo que tlen onicchiu,tetelancingo,,tetelancingo
tetelancingo_nahuatl/audios/speaker2_Tetel_Narra_ZWZ835_WWT836_2022-05-25-a_2325090.0-2334767.0.wav,WWT836,"achtoh in oniquitac notelpocau mox ompacah mox cuali catqui, neneh uan nicualita notelpocatzin yeh ompa catqui yeh ompa yi o sea yi ompa yi ihcatoc nechtzahtzilihtoc",tetelancingo,,tetelancingo
tetelancingo_nahuatl/audios/speaker2_Tetel_Narra_ZWZ835_WWT836_2022-05-25-a_2334821.0-2340729.0.wav,WWT836,"mamá, pero neh amo quen nimonextilia neh oc nochi niquimitztoc mox nochten cuando oniquimitac nochten",tetelancingo,,tetelancingo
tetelancingo_nahuatl/audios/speaker2_Tetel_Narra_ZWZ835_WWT836_2022-05-25-a_2350910.0-2359280.0.wav,WWT836,"niquiluia quemah axan choueh tlamo canah ocsipa moualeua titl san iutoc, mox ocsipa yi timopahpachohtiueh para tiualnimisqueh ocsipa titl ualeua",tetelancingo,,tetelancingo
tetelancingo_nahuatl/audios/speaker2_Tetel_Narra_ZWZ835_WWT836_2022-05-25-a_2359517.0-2365461.0.wav,WWT836,"Dios mío, pero timeh axan oc nic opa yeh ualtimoc pero cachi uehueyen, Dios mío",tetelancingo,,tetelancingo
tetelancingo_nahuatl/audios/speaker2_Tetel_Narra_ZWZ835_WWT836_2022-05-25-a_2365942.0-2370755.0.wav,WWT836,ocsipa niquimiluia ocsipa motitlanicah campa neneh amo ne quinmasis titl,tetelancingo,,tetelancingo
tetelancingo_nahuatl/audios/speaker2_Tetel_Narra_ZWZ835_WWT836_2022-05-25-a_2371155.0-2377430.0.wav,WWT836,"ocsipa yomotitlanqueh ye nepa pues nen conetl ohcon yocahsiya, pero neh ocsipa onimonaltitlan para ne",tetelancingo,,tetelancingo
tetelancingo_nahuatl/audios/speaker2_Tetel_Narra_ZWZ835_WWT836_2022-05-25-a_2377783.0-2388709.0.wav,WWT836,"san quen apenas onimonaltitlan uan ualpanotiquisa titl, tla quemah onimohcuan..., uan pero onimoicxtzacuileh ica se titl oyaya ixtlapachic uan niquita titl yi uitz san onimotochoh",tetelancingo,,tetelancingo
tetelancingo_nahuatl/audios/speaker2_Tetel_Narra_ZWZ835_WWT836_2022-05-25-a_2389133.0-2393458.0.wav,WWT836,"pantiquis titl, tla que amo onimotochouani xa nechcuaahsica titl",tetelancingo,,tetelancingo
tetelancingo_nahuatl/audios/speaker2_Tetel_Narra_ZWZ835_WWT836_2022-05-25-a_2394052.0-2403261.0.wav,WWT836,"ompa onechmictihca, neh ohcon pero neh niquihtoa yeh amaquin ocualeualteh neh niquihtoa xa milauac yen tipetl xa yoltoc",tetelancingo,,tetelancingo
tetelancingo_nahuatl/audios/speaker2_Tetel_Narra_ZWZ835_WWT836_2022-05-25-a_2416263.0-2417038.0.wav,WWT836,por eso,tetelancingo,,tetelancingo
tetelancingo_nahuatl/audios/speaker2_Tetel_Narra_ZWZ835_WWT836_2022-05-25-a_2418002.0-2425966.0.wav,WWT836,"quemah, tons ica non neneh otic.., bueno ohcon yotiualtimoqueh niquimiluia coconeh axan quemah mox ocsipa ualeuas titl",tetelancingo,,tetelancingo
tetelancingo_nahuatl/audios/speaker2_Tetel_Narra_ZWZ835_WWT836_2022-05-25-a_2427330.0-2433918.0.wav,WWT836,como toxiuan otlaniquisqueh hasta ualtlaniuic xiquita campa catqui se isuatl hasta ompa omotzacuilico toxiuan,tetelancingo,,tetelancingo
tetelancingo_nahuatl/audios/speaker2_Tetel_Narra_ZWZ835_WWT836_2022-05-25-a_2434188.0-2442349.0.wav,WWT836,"pero, tiualtimoqueh, ohcon uan oticmemehqueh toxiu como yoyahqueh topiluan pues yotechpaleuihqueh ticualquixtihtiquisqueh",tetelancingo,,tetelancingo
tetelancingo_nahuatl/audios/speaker2_Tetel_Narra_ZWZ835_WWT836_2022-05-25-a_2443103.0-2448885.0.wav,WWT836,pero vayi neneh otiualquisqueh neh milauac onechahsic se uiuiyoquilistl uan milauac,tetelancingo,,tetelancingo
tetelancingo_nahuatl/audios/speaker2_Tetel_Narra_ZWZ835_WWT836_2022-05-25-a_2451937.0-2453843.0.wav,WWT836,yeh amo pero satepan,tetelancingo,,tetelancingo
tetelancingo_nahuatl/audios/speaker2_Tetel_Narra_ZWZ835_WWT836_2022-05-25-a_2455499.0-2463526.0.wav,WWT836,"tla tleno aquin ocpasaroani uan neh opeu nichoca milauac neh opeu nichoca, ma yen itelpocau Leonor, Leonor no opeu choca",tetelancingo,,tetelancingo
tetelancingo_nahuatl/audios/speaker2_Tetel_Narra_ZWZ835_WWT836_2022-05-25-a_2463724.0-2469280.0.wav,WWT836,"milauac quihtoa por, yeh milauac oyah por necesidad amo porque canah san por gusto nen",tetelancingo,,tetelancingo
tetelancingo_nahuatl/audios/speaker2_Tetel_Narra_ZWZ835_WWT836_2022-05-25-a_2472456.0-2475391.0.wav,WWT836,tons ica non opeu choca uan quinahnaua itelpocau,tetelancingo,,tetelancingo
tetelancingo_nahuatl/audios/speaker2_Tetel_Narra_ZWZ835_WWT836_2022-05-25-a_2475550.0-2485917.0.wav,WWT836,quihtoa pero pues gracias a Dios mientras con tal cuali ticateh uan pues quihtoa pues quizás oyah por necesidad quemah no otiyahqueh quen milauac otimanimarohqueh milauac,tetelancingo,,tetelancingo
tetelancingo_nahuatl/audios/speaker2_Tetel_Narra_ZWZ835_WWT836_2022-05-25-a_2506696.0-2510790.0.wav,WWT836,amo xiyoh porque de verdad este amo niniqui xiyo porque conetl chocas,tetelancingo,,tetelancingo
tetelancingo_nahuatl/audios/speaker2_Tetel_Narra_ZWZ835_WWT836_2022-05-25-a_2520531.0-2528411.0.wav,WWT836,"quihtoa ocmachileh tlenoh san queh inquieto uan quimachilia quemeh algo pasaros uan quihtoa nechahcotzahtzilaya uan amo, amo oticacqueh",tetelancingo,,tetelancingo
tetelancingo_nahuatl/audios/speaker2_Tetel_Narra_ZWZ835_WWT836_2022-05-25-a_2528940.0-2529681.0.wav,WWT836,amo oticacqueh,tetelancingo,,tetelancingo
tetelancingo_nahuatl/audios/speaker2_Tetel_Narra_ZWZ835_WWT836_2022-05-25-a_2530340.0-2543361.0.wav,WWT836,"uan axan yotehcoqueh, neh la verdad neh no onehcoc pero onimotlaleh pero ihquin queh onimo... queh ihquin onimotlaleh quen ahorita titolohtoqueh, pero oniuiuiyocatoc milauac hasta amo oniuiliya nimonactaya den niuiuiyocatoc",tetelancingo,,tetelancingo
tetelancingo_nahuatl/audios/speaker2_Tetel_Narra_ZWZ835_WWT836_2022-05-25-a_2543608.0-2548008.0.wav,WWT836,"onimomohteh, onimomohteh pues milauac ompa one... xa onimotlanamicteh",tetelancingo,,tetelancingo
tetelancingo_nahuatl/audios/speaker2_Tetel_Narra_ZWZ835_WWT836_2022-05-25-a_2548433.0-2551762.0.wav,WWT836,milauac onechpeualtaya notzonticon uan,tetelancingo,,tetelancingo
tetelancingo_nahuatl/audios/speaker2_Tetel_Narra_ZWZ835_WWT836_2022-05-25-a_2552274.0-2558681.0.wav,WWT836,"hasta acmo uili oniyectlachiyaya, milauac ica non oniyaya queh xiquihto queh niuintitoc ica non xiquita nopapan oyah",tetelancingo,,tetelancingo
tetelancingo_nahuatl/audios/speaker2_Tetel_Narra_ZWZ835_WWT836_2022-05-25-a_2559037.0-2560731.0.wav,WWT836,onech... iuan oniyah,tetelancingo,,tetelancingo
tetelancingo_nahuatl/audios/speaker2_Tetel_Narra_ZWZ835_WWT836_2022-05-25-a_2580619.0-2585661.0.wav,WWT836,tons este uan amo ohcon tons san otiyahqueh uan nopapan onecheuilito tlali,tetelancingo,,tetelancingo
tetelancingo_nahuatl/audios/speaker2_Tetel_Narra_ZWZ835_WWT836_2022-05-25-a_2585899.0-2591740.0.wav,WWT836,mox hasta ompa occauato muñeco tlenoh ohcon nen ompa yonecheuileh tlali,tetelancingo,,tetelancingo
tetelancingo_nahuatl/audios/speaker2_Tetel_Narra_ZWZ835_WWT836_2022-05-25-a_2591997.0-2596763.0.wav,WWT836,pues xa milauac quihtoa xa yoltoc milauac nen tipetl pues onechcau non,tetelancingo,,tetelancingo
tetelancingo_nahuatl/audios/speaker2_Tetel_Narra_ZWZ835_WWT836_2022-05-25-a_2597232.0-2605142.0.wav,WWT836,"onechcau non, uan non satepan xiquita non cuando onecahsic, milauac este, milauac nochi onechquitzquihqueh ronchas",tetelancingo,,tetelancingo
tetelancingo_nahuatl/audios/speaker2_Tetel_Narra_ZWZ835_WWT836_2022-05-25-a_2606712.0-2608876.0.wav,WWT836,san de isiuca milauac hasta,tetelancingo,,tetelancingo
tetelancingo_nahuatl/audios/speaker2_Tetel_Narra_ZWZ835_WWT836_2022-05-25-a_2614566.0-2619784.0.wav,WWT836,nochi hasta milauac nocxi nochi nochi nochi nocuerpo milauac hasta nicmachilaya nic... canin niyas,tetelancingo,,tetelancingo
tetelancingo_nahuatl/audios/speaker2_Tetel_Narra_ZWZ835_WWT836_2022-05-25-a_2620533.0-2627323.0.wav,WWT836,"pero pues este no nech..., onechpahtihqueh ne oniyahca ne tlatzintla bueno Tetela",tetelancingo,,tetelancingo
tetelancingo_nahuatl/audios/speaker2_Tetel_Narra_ZWZ835_WWT836_2022-05-25-a_2628121.0-2638726.0.wav,WWT836,"onechmacaqueh pahtli mox yehuatl ica manimo..., manimobañaro uan nochi yehuatl onimotlahtlamochileh non queh queh xiquihto queh perfume",tetelancingo,,tetelancingo
tetelancingo_nahuatl/audios/speaker2_Tetel_Narra_ZWZ835_WWT836_2022-05-25-a_2639354.0-2642937.0.wav,WWT836,pues yehuatl onechnamic uan achto ne abuelita ne tlaniuic,tetelancingo,,tetelancingo
tetelancingo_nahuatl/audios/speaker2_Tetel_Narra_ZWZ835_WWT836_2022-05-25-a_2651905.0-2655569.0.wav,WWT836,uan oualehcoc quihtoa xamo niniquis xamo nicpiya pahtli tlamo nicmaca,tetelancingo,,tetelancingo
tetelancingo_nahuatl/audios/speaker2_Tetel_Narra_ZWZ835_WWT836_2022-05-25-a_2656267.0-2664516.0.wav,WWT836,milauac yehuatl nen milauac quihtoa milauac san mitzmatlaqueua xamo ticniquis tinechtlahtlalilis milauac onictlamochileh nochi,tetelancingo,,tetelancingo
tetelancingo_nahuatl/audios/speaker2_Tetel_Narra_ZWZ835_WWT836_2022-05-25-a_2664833.0-2666005.0.wav,WWT836,pues yehuatl ocnamic,tetelancingo,,tetelancingo
tetelancingo_nahuatl/audios/speaker2_Tetel_Narra_ZWZ835_WWT836_2022-05-25-a_2673617.0-2674547.0.wav,WWT836,namictia,tetelancingo,,tetelancingo
tetelancingo_nahuatl/audios/speaker2_Tetel_Narra_ZWZ835_WWT836_2022-05-25-a_2675262.0-2678892.0.wav,WWT836,ohcon uan ocsipa nen iichpocau nen Jazmin noyiuqui,tetelancingo,,tetelancingo
tetelancingo_nahuatl/audios/speaker2_Tetel_Narra_ZWZ835_WWT836_2022-05-25-a_2679315.0-2682265.0.wav,WWT836,no ohcon yehuatl pahtli neneh ocatca san tzocotzin,tetelancingo,,tetelancingo
tetelancingo_nahuatl/audios/speaker2_Tetel_Narra_ZWZ835_WWT836_2022-05-25-a_2683005.0-2687160.0.wav,WWT836,"noyiuqui uan nen neh simi neneh, bueno otlanqui octlamihqueh",tetelancingo,,tetelancingo
tetelancingo_nahuatl/audios/speaker2_Tetel_Narra_ZWZ835_WWT836_2022-05-25-a_2687666.0-2692700.0.wav,WWT836,"yen notelpocau noFeli, ay yen de momento yeh milauac simi osauatiya",tetelancingo,,tetelancingo
tetelancingo_nahuatl/audios/speaker2_Tetel_Narra_ZWZ835_WWT836_2022-05-25-a_2693400.0-2694495.0.wav,WWT836,uan san yehuatl,tetelancingo,,tetelancingo
tetelancingo_nahuatl/audios/speaker2_Tetel_Narra_ZWZ835_WWT836_2022-05-25-a_2694931.0-2696590.0.wav,WWT836,ah de cocotzin milauac,tetelancingo,,tetelancingo
tetelancingo_nahuatl/audios/speaker2_Tetel_Narra_ZWZ835_WWT836_2022-05-25-a_2710969.0-2711856.0.wav,WWT836,ah sí,tetelancingo,,tetelancingo
tetelancingo_nahuatl/audios/speaker2_Tetel_Narra_ZWZ835_WWT836_2022-05-25-a_2714625.0-2715602.0.wav,WWT836,ica non neneh,tetelancingo,,tetelancingo
tetelancingo_nahuatl/audios/speaker2_Tetel_Narra_ZWZ835_WWT836_2022-05-25-a_2716155.0-2724307.0.wav,WWT836,milauac yehuatl nen pero yeh simi oniccouilaya yen nen jabón neutro non nen queh azufre mox o azufre tlenoh ipanti nen non xapoh,tetelancingo,,tetelancingo
tetelancingo_nahuatl/audios/speaker2_Tetel_Narra_ZWZ835_WWT836_2022-05-25-a_2724659.0-2728196.0.wav,WWT836,"xapohtl mox neneh, uan yehuatl ic onicbañaroaya",tetelancingo,,tetelancingo
tetelancingo_nahuatl/audios/speaker2_Tetel_Narra_ZWZ835_WWT836_2022-05-25-a_2728973.0-2730632.0.wav,WWT836,pues yehuatl nic oquisaya,tetelancingo,,tetelancingo
tetelancingo_nahuatl/audios/speaker2_Tetel_Narra_ZWZ835_WWT836_2022-05-25-a_2731163.0-2733231.0.wav,WWT836,yehuatl nic oquisaya pero a ver neneh,tetelancingo,,tetelancingo
tetelancingo_nahuatl/audios/speaker2_Tetel_Narra_ZWZ835_WWT836_2022-05-25-a_2734286.0-2738086.0.wav,WWT836,"otlan ahorita pues, botellita amati canin omocau",tetelancingo,,tetelancingo
tetelancingo_nahuatl/audios/speaker2_Tetel_Narra_ZWZ835_WWT836_2022-05-25-a_2738839.0-2740817.0.wav,WWT836,amati canin omocau uan yeh simi cuali,tetelancingo,,tetelancingo
tetelancingo_nahuatl/audios/speaker2_Tetel_Narra_ZWZ835_WWT836_2022-05-25-a_2742638.0-2745643.0.wav,WWT836,ay yeh ohcon otechpasaroh Dios mío ica non,tetelancingo,,tetelancingo
tetelancingo_nahuatl/audios/speaker2_Tetel_Narra_ZWZ835_WWT836_2022-05-25-a_2747002.0-2753134.0.wav,WWT836,ahorita milauac se... secana mohcayotl xa ica non a veces sepeua semococoa amo secmati canin semocaua,tetelancingo,,tetelancingo
tetelancingo_nahuatl/audios/speaker2_Tetel_Narra_ZWZ835_WWT836_2022-05-25-a_2759389.0-2760071.0.wav,WWT836,ah sí,tetelancingo,,tetelancingo
tetelancingo_nahuatl/audios/speaker2_Tetel_Narra_ZWZ835_WWT836_2022-05-25-a_2765651.0-2767129.0.wav,WWT836,simi milauac este,tetelancingo,,tetelancingo
tetelancingo_nahuatl/audios/speaker1_Tetel_Narra_ZWZ835_WWT836_2022-05-25-b_45936.0-47886.0.wav,ZWZ835,niman otiqui... niman oquitaqueh,tetelancingo,,tetelancingo
tetelancingo_nahuatl/audios/speaker1_Tetel_Narra_ZWZ835_WWT836_2022-05-25-b_48571.0-50701.0.wav,ZWZ835,tla amo oquitaneh xa san nin oapitzeuca,tetelancingo,,tetelancingo
tetelancingo_nahuatl/audios/speaker1_Tetel_Narra_ZWZ835_WWT836_2022-05-25-b_58953.0-61813.0.wav,ZWZ835,uan mox milauac nican youalahcan ueueh den xiuitl,tetelancingo,,tetelancingo
tetelancingo_nahuatl/audios/speaker1_Tetel_Narra_ZWZ835_WWT836_2022-05-25-b_65242.00000000001-72552.0.wav,ZWZ835,pero quihtoua Feliciano mox ocmandaruileh tlenoh uan amo oc... uan oquilueh hasta nuevo cualavisaros ocse de nuevo,tetelancingo,,tetelancingo
tetelancingo_nahuatl/audios/speaker1_Tetel_Narra_ZWZ835_WWT836_2022-05-25-b_75627.0-76657.0.wav,ZWZ835,canah san Omitlan,tetelancingo,,tetelancingo
tetelancingo_nahuatl/audios/speaker1_Tetel_Narra_ZWZ835_WWT836_2022-05-25-b_81367.0-81887.0.wav,ZWZ835,canah,tetelancingo,,tetelancingo
tetelancingo_nahuatl/audios/speaker1_Tetel_Narra_ZWZ835_WWT836_2022-05-25-b_86793.0-93083.0.wav,ZWZ835,uan ohcon tinechnonotztoya otinechnohnotztoya ohcon neh onamechpasaroh uan después amayic onanyahqueh,tetelancingo,,tetelancingo
tetelancingo_nahuatl/audios/speaker1_Tetel_Narra_ZWZ835_WWT836_2022-05-25-b_100134.0-108574.0.wav,ZWZ835,neh niquilnamictoc non tiempo milauac nen como xiquita o milauac topiluan san omicauihtahqueh porque ohcon motztahqueh cada tlapoual,tetelancingo,,tetelancingo
tetelancingo_nahuatl/audios/speaker1_Tetel_Narra_ZWZ835_WWT836_2022-05-25-b_118987.0-121337.0.wav,ZWZ835,tiempo otlatoctoyah mes de Junio,tetelancingo,,tetelancingo
tetelancingo_nahuatl/audios/speaker1_Tetel_Narra_ZWZ835_WWT836_2022-05-25-b_122298.0-134738.0.wav,ZWZ835,pues xiquita Marzo Abril Efren Junio xa cuatro meses ohcon milauac ocuicatinimiya ich in cocina por dios neh ma... a veces milauac hasta onechtlacoltaya quemeh simi onic... onicyoltlasohtlac iichpocau,tetelancingo,,tetelancingo
tetelancingo_nahuatl/audios/speaker1_Tetel_Narra_ZWZ835_WWT836_2022-05-25-b_135444.0-142404.0.wav,ZWZ835,oniquitaya quen ocsufriroaya non nimoluia mox milauac milauac hasta tehuan se siuatl hasta ohcon secsufriros,tetelancingo,,tetelancingo
tetelancingo_nahuatl/audios/speaker1_Tetel_Narra_ZWZ835_WWT836_2022-05-25-b_143929.0-149529.0.wav,ZWZ835,mientras yen ueueh ocse lado canin tlatiquipanohtoc iuan ocse siuasol,tetelancingo,,tetelancingo
tetelancingo_nahuatl/audios/speaker1_Tetel_Narra_ZWZ835_WWT836_2022-05-25-b_159438.0-162248.0.wav,ZWZ835,quihtoua mox simi quicocoa icuitlapan,tetelancingo,,tetelancingo
tetelancingo_nahuatl/audios/speaker1_Tetel_Narra_ZWZ835_WWT836_2022-05-25-b_163947.0-167487.0.wav,ZWZ835,a veces ohcon otematlania ocmemehtinimiya iichpocau,tetelancingo,,tetelancingo
tetelancingo_nahuatl/audios/speaker1_Tetel_Narra_ZWZ835_WWT836_2022-05-25-b_184292.0-185242.0.wav,ZWZ835,ah sí,tetelancingo,,tetelancingo
tetelancingo_nahuatl/audios/speaker1_Tetel_Narra_ZWZ835_WWT836_2022-05-25-b_191967.0-192947.0.wav,ZWZ835,uantihtoc,tetelancingo,,tetelancingo
tetelancingo_nahuatl/audios/speaker1_Tetel_Narra_ZWZ835_WWT836_2022-05-25-b_193717.0-200907.0.wav,ZWZ835,xa mas sequihtos amayic diario cualpanmandaruilihtoc o quenin quemeh cada cada ocho días cada ocho días pero,tetelancingo,,tetelancingo
tetelancingo_nahuatl/audios/speaker1_Tetel_Narra_ZWZ835_WWT836_2022-05-25-b_205058.0-213095.0.wav,ZWZ835,uan yeh nican no mas tehuan a veces nen ohcon mas sehse tonaltzitzin se tematlani pues ica yehuatl yi semopaleuihtiu mas quera para,tetelancingo,,tetelancingo
tetelancingo_nahuatl/audios/speaker1_Tetel_Narra_ZWZ835_WWT836_2022-05-25-b_213661.0-220270.0.wav,ZWZ835,intaco coconeh o tlenoh para sequinmadaruilis in mas siquiera se inchicharron macmocuican,tetelancingo,,tetelancingo
tetelancingo_nahuatl/audios/speaker1_Tetel_Narra_ZWZ835_WWT836_2022-05-25-b_243667.0-244239.0.wav,ZWZ835,quemah,tetelancingo,,tetelancingo
tetelancingo_nahuatl/audios/speaker1_Tetel_Narra_ZWZ835_WWT836_2022-05-25-b_245324.0-254851.0.wav,ZWZ835,uan a veces cuando mopiluan yi moscaltihqueh neh san niquita nomaman ohcon quihtoa yeh noyiuqui ocsufriroh ocsufriroh ica non milauac axan hasta yocanqui cocolistl,tetelancingo,,tetelancingo
tetelancingo_nahuatl/audios/speaker1_Tetel_Narra_ZWZ835_WWT836_2022-05-25-b_255477.0-258305.0.wav,ZWZ835,san ohcon nechnonotza uan a veces hasta choca,tetelancingo,,tetelancingo
tetelancingo_nahuatl/audios/speaker1_Tetel_Narra_ZWZ835_WWT836_2022-05-25-b_258833.00000000003-268396.0.wav,ZWZ835,quihtoua pues qui... cuando quihtoua mox cuando oquipix primero itelpocau nocniu tlen tiachcatl quihtoua yeh ocatca ne ahcoic iuan nen difunta imonan,tetelancingo,,tetelancingo
tetelancingo_nahuatl/audios/speaker1_Tetel_Narra_ZWZ835_WWT836_2022-05-25-b_269975.0-279830.0.wav,ZWZ835,quihtoa yeh o iuan omosetileh nopapan quihtoa amo ocniquiya quinanquilis porque nopapan yocatca ya yi chicauac mox veinticuatro años uan como mouicah por diez años,tetelancingo,,tetelancingo
tetelancingo_nahuatl/audios/speaker1_Tetel_Narra_ZWZ835_WWT836_2022-05-25-b_280315.0-283333.0.wav,ZWZ835,pues oquitaya ya yi barbone yi chicauac,tetelancingo,,tetelancingo
tetelancingo_nahuatl/audios/speaker1_Tetel_Narra_ZWZ835_WWT836_2022-05-25-b_284096.0-294399.0.wav,ZWZ835,quihtoa uan yeh mox yen difuntita imaman quiluia xinanquili nican cerca nimitz... nican timitznalitasqueh nican tlanah ticniquis tiualas pues nican cerca amo canah tiyahtos uehca uan,tetelancingo,,tetelancingo
tetelancingo_nahuatl/audios/speaker1_Tetel_Narra_ZWZ835_WWT836_2022-05-25-b_305844.0-317153.0.wav,ZWZ835,primer telpocatl oquipix quihtoua milauac quihtoua axan se conetl tlacatis no que ayamo ocpoliui quesqui tlapoual para yolis yeh yotictilmahcoueh,tetelancingo,,tetelancingo
tetelancingo_nahuatl/audios/speaker1_Tetel_Narra_ZWZ835_WWT836_2022-05-25-b_320873.0-330146.0.wav,ZWZ835,yi tiyas hospital yi timoprepararohtoc ica i... mas ipañales o itlenoh ompa tlenoh ica matenderoa o sea lo que tlen quemeh tlen quitlahtlanisqueh,tetelancingo,,tetelancingo
tetelancingo_nahuatl/audios/speaker1_Tetel_Narra_ZWZ835_WWT836_2022-05-25-b_330560.0-336852.0.wav,ZWZ835,quihtoa yi tlen tonal canin quihtoa o secachoh tilmahtli oc oc milauac nochi oquihtzon,tetelancingo,,tetelancingo
tetelancingo_nahuatl/audios/speaker1_Tetel_Narra_ZWZ835_WWT836_2022-05-25-b_337643.0-342193.0.wav,ZWZ835,uan mox sepantalontzin mox quihtoa aquin octlaucoleh mox xamonan ye nen,tetelancingo,,tetelancingo
tetelancingo_nahuatl/audios/speaker1_Tetel_Narra_ZWZ835_WWT836_2022-05-25-b_342979.0-351088.0.wav,ZWZ835,"xa yeh noauitzin Nora quenin, para neneh milauac yehuatl ica yi quiquentis pero ya tlen tonal quihtoah yeh oquintlahtzomayah coconeh",tetelancingo,,tetelancingo
tetelancingo_nahuatl/audios/speaker1_Tetel_Narra_ZWZ835_WWT836_2022-05-25-b_351938.0-357471.0.wav,ZWZ835,quintlahtzomayah uan yi tlen tonal canin yeh tlalihtos pañal nochi de trapo,tetelancingo,,tetelancingo
tetelancingo_nahuatl/audios/speaker1_Tetel_Narra_ZWZ835_WWT836_2022-05-25-b_359860.0-371112.0.wav,ZWZ835,uan quihtoa neneh pues quihtoa como milauac coconeh quemeh mosoquiyotiah seguido ohcon quin... quin... este simi ocsufriroh axan,tetelancingo,,tetelancingo
tetelancingo_nahuatl/audios/speaker1_Tetel_Narra_ZWZ835_WWT836_2022-05-25-b_371347.0-376014.0.wav,ZWZ835,yeh quihtoa octlapa milauac quihtoa octlapacaya nen difunta imonan uan yeh,tetelancingo,,tetelancingo
tetelancingo_nahuatl/audios/speaker1_Tetel_Narra_ZWZ835_WWT836_2022-05-25-b_386039.0-395078.0.wav,ZWZ835,uan quinotza tlacuas quihtoua tisis quinotza tlacuas mox ye non amo mayani amo mayani yocanqui ohtli nican ocatca se oyaya se ohtli nican ic tlahuitic nican,tetelancingo,,tetelancingo
tetelancingo_nahuatl/audios/speaker1_Tetel_Narra_ZWZ835_WWT836_2022-05-25-b_399141.0-406180.0.wav,ZWZ835,nican tinixcalco ompa ochanchiuaya ichpoch oyayah uan tlensa oquiluaya quihtoua mox amo octlamacaya mox amo octlapaquiya isiuamon mox tlensa,tetelancingo,,tetelancingo
tetelancingo_nahuatl/audios/speaker1_Tetel_Narra_ZWZ835_WWT836_2022-05-25-b_406719.0-409511.0.wav,ZWZ835,tlensa oquincamactaya para maccualancaitaca,tetelancingo,,tetelancingo
tetelancingo_nahuatl/audios/speaker1_Tetel_Narra_ZWZ835_WWT836_2022-05-25-b_410768.0-415207.0.wav,ZWZ835,uan se viaje mox ouala se ichpoch mox xa ocatca nican puebla canin oyah,tetelancingo,,tetelancingo
tetelancingo_nahuatl/audios/speaker1_Tetel_Narra_ZWZ835_WWT836_2022-05-25-b_415888.0-421188.0.wav,ZWZ835,uan ohcon opeu camactia mox amo quitlamaca mox san cualantoc mox amo quiuilita mox quién sabe qué,tetelancingo,,tetelancingo
tetelancingo_nahuatl/audios/speaker1_Tetel_Narra_ZWZ835_WWT836_2022-05-25-b_421810.0-426741.0.wav,ZWZ835,uan mox milauac iichpoch como milauac ocmatiya nen tlahtos nen español,tetelancingo,,tetelancingo
tetelancingo_nahuatl/audios/speaker1_Tetel_Narra_ZWZ835_WWT836_2022-05-25-b_427188.0-431681.0.wav,ZWZ835,quihtoua opeu mox quitilchiua octilchiua nochi quihtoua opeu quitihtilchiua,tetelancingo,,tetelancingo
tetelancingo_nahuatl/audios/speaker1_Tetel_Narra_ZWZ835_WWT836_2022-05-25-b_432268.0-437438.0.wav,ZWZ835,quilueh hasta de lo que tlen amo mox quicuas mox miquis mox quicuahtoc tzohpilomeh mox tlenoh,tetelancingo,,tetelancingo
tetelancingo_nahuatl/audios/speaker1_Tetel_Narra_ZWZ835_WWT836_2022-05-25-b_438344.0-443059.0.wav,ZWZ835,quihtoua hasta octilchiu milauac quihtoua yeh ah amo nion se palabra oquinnanquileh,tetelancingo,,tetelancingo
tetelancingo_nahuatl/audios/speaker1_Tetel_Narra_ZWZ835_WWT836_2022-05-25-b_443996.0-447134.0.wav,ZWZ835,quihtoa uan amo cachi uehcau opeu mococoa,tetelancingo,,tetelancingo
tetelancingo_nahuatl/audios/speaker1_Tetel_Narra_ZWZ835_WWT836_2022-05-25-b_451786.0-457232.0.wav,ZWZ835,ica non quihtoua ohcon a veces nechnohnoh... technohnotza uan milauac san quilnamiqui uan choca,tetelancingo,,tetelancingo
tetelancingo_nahuatl/audios/speaker1_Tetel_Narra_ZWZ835_WWT836_2022-05-25-b_460081.0-466796.0.wav,ZWZ835,ocsipa cuando otlaihtiuihtoya de nocniu Victor tlaihtiuihtoya yeh nopapan nepa onintinimiya,tetelancingo,,tetelancingo
tetelancingo_nahuatl/audios/speaker1_Tetel_Narra_ZWZ835_WWT836_2022-05-25-b_468035.0-470066.0.wav,ZWZ835,iuan nen ocse in siuatl,tetelancingo,,tetelancingo
tetelancingo_nahuatl/audios/speaker1_Tetel_Narra_ZWZ835_WWT836_2022-05-25-b_470704.0-472442.0.wav,ZWZ835,ahsi calihtic yi cualantiu,tetelancingo,,tetelancingo
tetelancingo_nahuatl/audios/speaker1_Tetel_Narra_ZWZ835_WWT836_2022-05-25-b_476795.0-480972.0.wav,ZWZ835,cualani ica non a veces neh niquihtoua xa quemeh,tetelancingo,,tetelancingo
tetelancingo_nahuatl/audios/speaker1_Tetel_Narra_ZWZ835_WWT836_2022-05-25-b_481684.0-485592.0.wav,ZWZ835,xa hasta nocniu Mauricio yeh quilnamiquilia uan quil... cualani,tetelancingo,,tetelancingo
tetelancingo_nahuatl/audios/speaker1_Tetel_Narra_ZWZ835_WWT836_2022-05-25-b_486321.0-488875.0.wav,ZWZ835,quihtoua porque ocatca telpocatl tons xa quemeh ahorita moFeli,tetelancingo,,tetelancingo
tetelancingo_nahuatl/audios/speaker1_Tetel_Narra_ZWZ835_WWT836_2022-05-25-b_490219.0-495388.0.wav,ZWZ835,o hasta ocuicaya techan refresco hasta ica tanahtl de botella tlacacalatztiu techan ocuicac,tetelancingo,,tetelancingo
tetelancingo_nahuatl/audios/speaker1_Tetel_Narra_ZWZ835_WWT836_2022-05-25-b_496019.0-499569.0.wav,ZWZ835,calihtic ompa caltzintla oquinmomahxiteh sayen envases vacios,tetelancingo,,tetelancingo
tetelancingo_nahuatl/audios/speaker1_Tetel_Narra_ZWZ835_WWT836_2022-05-25-b_501811.0-503682.0.wav,ZWZ835,ica non san quilnamiqui uan cualani,tetelancingo,,tetelancingo
tetelancingo_nahuatl/audios/speaker1_Tetel_Narra_ZWZ835_WWT836_2022-05-25-b_506396.0-514345.0.wav,ZWZ835,quimacah a veces quiuantiyah nopapan pero pues pero san quehquemanian milauac san para irefresco sequihtos quimacasqueh ohcon,tetelancingo,,tetelancingo
tetelancingo_nahuatl/audios/speaker1_Tetel_Narra_ZWZ835_WWT836_2022-05-25-b_515043.0-515655.0.wav,ZWZ835,pues amo,tetelancingo,,tetelancingo
tetelancingo_nahuatl/audios/speaker1_Tetel_Narra_ZWZ835_WWT836_2022-05-25-b_608878.0-611336.0.wav,ZWZ835,secma... aquin masecyoleua mas se tonaltzin,tetelancingo,,tetelancingo
tetelancingo_nahuatl/audios/speaker1_Tetel_Narra_ZWZ835_WWT836_2022-05-25-b_637727.0-639386.0.wav,ZWZ835,amo quiniqui yas tiquititiu,tetelancingo,,tetelancingo
tetelancingo_nahuatl/audios/speaker1_Tetel_Narra_ZWZ835_WWT836_2022-05-25-b_669671.0-673041.0.wav,ZWZ835,tlacuas ixtempan uan yeh matlatolohto quemeh yalua quiluia,tetelancingo,,tetelancingo
tetelancingo_nahuatl/audios/speaker1_Tetel_Narra_ZWZ835_WWT836_2022-05-25-b_737330.0-743347.0.wav,ZWZ835,quemeh nen quen quihtoua nen Anabel quiteluia ocniquiya estudiaros uan acmo oquinic,tetelancingo,,tetelancingo
tetelancingo_nahuatl/audios/speaker1_Tetel_Narra_ZWZ835_WWT836_2022-05-25-b_746430.0-748464.0.wav,ZWZ835,mox milauac ocniquiya calaquis neh,tetelancingo,,tetelancingo
tetelancingo_nahuatl/audios/speaker1_Tetel_Narra_ZWZ835_WWT836_2022-05-25-b_752362.0-753787.0.wav,ZWZ835,quemeh ahorita ichpoch,tetelancingo,,tetelancingo
tetelancingo_nahuatl/audios/speaker1_Tetel_Narra_ZWZ835_WWT836_2022-05-25-b_761143.0-762136.0.wav,ZWZ835,acmo isel,tetelancingo,,tetelancingo
tetelancingo_nahuatl/audios/speaker1_Tetel_Narra_ZWZ835_WWT836_2022-05-25-b_776615.0-777637.0.wav,ZWZ835,iuan iamigas,tetelancingo,,tetelancingo
tetelancingo_nahuatl/audios/speaker1_Tetel_Narra_ZWZ835_WWT836_2022-05-25-b_789610.0-790919.0.wav,ZWZ835,mas ichpocatl,tetelancingo,,tetelancingo
tetelancingo_nahuatl/audios/speaker1_Tetel_Narra_ZWZ835_WWT836_2022-05-25-b_793606.0-796479.0.wav,ZWZ835,tons simi ocatca iamiga yen nen Rita,tetelancingo,,tetelancingo
tetelancingo_nahuatl/audios/speaker1_Tetel_Narra_ZWZ835_WWT836_2022-05-25-b_797778.0-799433.0.wav,ZWZ835,Trinidad del Sol verdad,tetelancingo,,tetelancingo
tetelancingo_nahuatl/audios/speaker1_Tetel_Narra_ZWZ835_WWT836_2022-05-25-b_802594.0-803603.0.wav,ZWZ835,a yehuatl,tetelancingo,,tetelancingo
tetelancingo_nahuatl/audios/speaker1_Tetel_Narra_ZWZ835_WWT836_2022-05-25-b_850339.0-851403.0.wav,ZWZ835,oc otlauanaya,tetelancingo,,tetelancingo
tetelancingo_nahuatl/audios/speaker1_Tetel_Narra_ZWZ835_WWT836_2022-05-25-b_858063.0-859120.0.wav,ZWZ835,mox quemah,tetelancingo,,tetelancingo
tetelancingo_nahuatl/audios/speaker1_Tetel_Narra_ZWZ835_WWT836_2022-05-25-b_918498.0-918978.0.wav,ZWZ835,quemah,tetelancingo,,tetelancingo
tetelancingo_nahuatl/audios/speaker1_Tetel_Narra_ZWZ835_WWT836_2022-05-25-b_966044.0-967335.0.wav,ZWZ835,simi ocualan,tetelancingo,,tetelancingo
tetelancingo_nahuatl/audios/speaker1_Tetel_Narra_ZWZ835_WWT836_2022-05-25-b_977708.0-979026.0.wav,ZWZ835,quihtouah mox onanquisayah,tetelancingo,,tetelancingo
tetelancingo_nahuatl/audios/speaker1_Tetel_Narra_ZWZ835_WWT836_2022-05-25-b_1008544.0-1015989.0.wav,ZWZ835,quemeh colelohmeh tla chicheh hasta ompa moxouah incuitlapil uan hasta cahcotihtitlaneh innanan xa pactoqueh,tetelancingo,,tetelancingo
tetelancingo_nahuatl/audios/speaker1_Tetel_Narra_ZWZ835_WWT836_2022-05-25-b_1065690.0-1075035.0.wav,ZWZ835,quihtoua mox neh yehuatl ocnamacaqueh para ic ocpantzaccueh cali os ocpeualtihqueh cali queni non temohte cualani,tetelancingo,,tetelancingo
tetelancingo_nahuatl/audios/speaker1_Tetel_Narra_ZWZ835_WWT836_2022-05-25-b_1076917.0-1078298.0.wav,ZWZ835,ah qué cosas,tetelancingo,,tetelancingo
tetelancingo_nahuatl/audios/speaker1_Tetel_Narra_ZWZ835_WWT836_2022-05-25-b_1100972.0-1102072.0.wav,ZWZ835,ah qué cosas,tetelancingo,,tetelancingo
tetelancingo_nahuatl/audios/speaker1_Tetel_Narra_ZWZ835_WWT836_2022-05-25-b_1103117.0-1107281.0.wav,ZWZ835,milauac oniquitaya cuando otiyayah ne cuando otiyayah Zacatlan,tetelancingo,,tetelancingo
tetelancingo_nahuatl/audios/speaker1_Tetel_Narra_ZWZ835_WWT836_2022-05-25-b_1108344.0-1115798.0.wav,ZWZ835,neh como ihcuac oehcoya micro san nican Yehuala se viaje mati xamonah cuando yaquin oniyaya primero,tetelancingo,,tetelancingo
tetelancingo_nahuatl/audios/speaker1_Tetel_Narra_ZWZ835_WWT836_2022-05-25-b_1116862.0-1127807.0.wav,ZWZ835,uan ohcon nopapan siempre cada viernes tiotlac onechcauaya Yehuala ohcon nechnalcauaya nican otioneuayah xa queh se las xa queh se las cinco porque oneuaya nen Yehuala las siete micro,tetelancingo,,tetelancingo
tetelancingo_nahuatl/audios/speaker1_Tetel_Narra_ZWZ835_WWT836_2022-05-25-b_1128680.0-1137880.0.wav,ZWZ835,las cinco se viaje otioneuqueh nican las cinco uan ocatca queh tlamixtentoc ocatca tlatzoquitic uan otiahsiqueh nican Yehuala in ichan hermano difuntito,tetelancingo,,tetelancingo
tetelancingo_nahuatl/audios/speaker1_Tetel_Narra_ZWZ835_WWT836_2022-05-25-b_1139007.0-1150507.0.wav,ZWZ835,uan quihtoua mox nen yas ichpocatl ich in combi tlamo neh tiyasqueh este ocpixtoyah se camioneta verde uan otlamanejarouaya yen nican tlacpac mox este mox Ulises,tetelancingo,,tetelancingo
tetelancingo_nahuatl/audios/speaker1_Tetel_Narra_ZWZ835_WWT836_2022-05-25-b_1152835.0-1160798.0.wav,ZWZ835,Yehuatl octlaqueuayah yehuatl ocmanejarouaya carro mati tlenoh este xocotl ocuicaya tons quihtoua nopapan quihtoua bueno,tetelancingo,,tetelancingo
tetelancingo_nahuatl/audios/speaker1_Tetel_Narra_ZWZ835_WWT836_2022-05-25-b_1161280.0-1168808.0.wav,ZWZ835,"tla tla neh tla noconuicasqueh noichpocau tons nimechontoctis, ohcon otiyayah uan tons ompa ne Zacatlan",tetelancingo,,tetelancingo
tetelancingo_nahuatl/audios/speaker1_Tetel_Narra_ZWZ835_WWT836_2022-05-25-b_1169380.0-1177498.0.wav,ZWZ835,nican oquestacionarouayah in carro nican arco uan tons ne ompa onitimoc uan neh necah tiempo,tetelancingo,,tetelancingo
tetelancingo_nahuatl/audios/speaker1_Tetel_Narra_ZWZ835_WWT836_2022-05-25-b_1178562.0-1188189.0.wav,ZWZ835,necah tiempo onimocauaya cuando oniyaya primero onimocauaya ichan neh ichan Octavio ompa onimocauaya cuando oniyaya primero tons neneh ompa onitimoc,tetelancingo,,tetelancingo
tetelancingo_nahuatl/audios/speaker1_Tetel_Narra_ZWZ835_WWT836_2022-05-25-b_1188854.0-1198735.0.wav,ZWZ835,"uan yoniualnihnin para ualnican hasta tiquita Octavio chanchiua hasta nican, hasta nican primeros calimeh uan tons neh Genoveva yeh noyiuqui otimoc",tetelancingo,,tetelancingo
tetelancingo_nahuatl/audios/speaker1_Tetel_Narra_ZWZ835_WWT836_2022-05-25-b_1199271.0-1210707.0.wav,ZWZ835,uan oyah ichan iauitzin uan tons ompa nen y milauac y mox ocmacac imaman san lo único mox cien pesos imagínate non cien pesos otiahsiqueh viernes,tetelancingo,,tetelancingo
tetelancingo_nahuatl/audios/speaker1_Tetel_Narra_ZWZ835_WWT836_2022-05-25-b_1211062.0-1225845.0.wav,ZWZ835,nin mostica sábado yehuatl tiyasqueh ich in escuela uan milauac ich in escuela catqui quemeh sequihtoua quiteneuah mox cooperativa quinamacah este cuando tiquisah hora de recreo ticnamacah tlensa este taquitos quesadillas,tetelancingo,,tetelancingo
tetelancingo_nahuatl/audios/speaker1_Tetel_Narra_ZWZ835_WWT836_2022-05-25-b_1226444.0-1233298.0.wav,ZWZ835,ohcon para tla qui... tla secniquis se... setlacuas quinamacah refresco ohcon queh si fuera tienda,tetelancingo,,tetelancingo
tetelancingo_nahuatl/audios/speaker1_Tetel_Narra_ZWZ835_WWT836_2022-05-25-b_1234072.0-1243754.0.wav,ZWZ835,tons este ohcon tiquisayah uan yeh mox onicac ocmacaqueh cien pesos uan quen difuntito quihtoua ay neh quihtoua ay mami omitzmacac momaman san cien,tetelancingo,,tetelancingo
tetelancingo_nahuatl/audios/speaker1_Tetel_Narra_ZWZ835_WWT836_2022-05-25-b_1244708.0-1255499.0.wav,ZWZ835,uan oc panana xa neh y quemeh ic ich icamisa quipanana ocse cincuenta uan quimaca ohcon uan a veces otiyayah ich micro ohcon neh nechnonotzaya al principio amo otimonohnotzayah,tetelancingo,,tetelancingo
tetelancingo_nahuatl/audios/speaker1_Tetel_Narra_ZWZ835_WWT836_2022-05-25-b_1264808.0-1269026.0.wav,ZWZ835,"occobraroayah micro veintiocho, veintiocho pesos",tetelancingo,,tetelancingo
tetelancingo_nahuatl/audios/speaker1_Tetel_Narra_ZWZ835_WWT836_2022-05-25-b_1285253.0-1297080.0.wav,ZWZ835,"quiluia uan, uan yeh amayic quimatilis canah nepa, nepa quipixtoc inovio o canah quemanian noyiuqui como nican Yehuala neh tiquita Valentin ye se ichpoch",tetelancingo,,tetelancingo
tetelancingo_nahuatl/audios/speaker1_Tetel_Narra_ZWZ835_WWT836_2022-05-25-b_1297472.0-1301153.0.wav,ZWZ835,milauac oquis embarazada cuando oyayah San Emmanuel,tetelancingo,,tetelancingo
tetelancingo_nahuatl/audios/speaker1_Tetel_Narra_ZWZ835_WWT836_2022-05-25-b_1301935.0-1305272.0.wav,ZWZ835,de nican tlen omomicteh xa este tlen itoocaa telpochtl,tetelancingo,,tetelancingo
tetelancingo_nahuatl/audios/speaker1_Tetel_Narra_ZWZ835_WWT836_2022-05-25-b_1306016.0-1307898.0.wav,ZWZ835,Antonio non tlen omopiloh,tetelancingo,,tetelancingo
tetelancingo_nahuatl/audios/speaker1_Tetel_Narra_ZWZ835_WWT836_2022-05-25-b_1308835.0-1317207.0.wav,ZWZ835,yeh mox ica non ocahuaya imaman quiluia amo yeh amo quemanian quimatilis ohcon uan tla quimatilis quitotocas quihtoua ohcon quemeh siempre queh amo octlasohtlac,tetelancingo,,tetelancingo
tetelancingo_nahuatl/audios/speaker1_Tetel_Narra_ZWZ835_WWT836_2022-05-25-b_1317899.0-1328999.0.wav,ZWZ835,"quihtoua pero tla oualaya nen Elvira uan Tomasa, hasta cachi yen Elvira quihtoua mox hasta ocnahnauaya quiluia yoehcoc nimami mox ohcon quinahnaua quixtehtenamiqui",tetelancingo,,tetelancingo
tetelancingo_nahuatl/audios/speaker1_Tetel_Narra_ZWZ835_WWT836_2022-05-25-b_1333316.0-1344663.0.wav,ZWZ835,"por interés, oquinmacaya tomen uan ohcon quihtoua uan ocse yeh amo no cachi octlasohtlaya porque como este mox omosetileh amaquin ocnauateh nion ipapan nion inanan",tetelancingo,,tetelancingo
tetelancingo_nahuatl/audios/speaker1_Tetel_Narra_ZWZ835_WWT836_2022-05-25-b_1345417.0-1354508.0.wav,ZWZ835,san tiquitl ohcon quisileh oquinpix ipiluan uan cuando oquinmilueh yomosetileh yeh yi quipiya nen tlacatl uan yotlaihtiuihtoya,tetelancingo,,tetelancingo
tetelancingo_nahuatl/audios/speaker1_Tetel_Narra_ZWZ835_WWT836_2022-05-25-b_1356289.0-1360226.0.wav,ZWZ835,pero quihtoa Maximino mox ohcon como simi simi ocatca i...,tetelancingo,,tetelancingo
tetelancingo_nahuatl/audios/speaker1_Tetel_Narra_ZWZ835_WWT836_2022-05-25-b_1361435.0-1364871.0.wav,ZWZ835,iamiga quihtoua mox ocnotzaya mox o... tlacatl ocmagaya,tetelancingo,,tetelancingo
tetelancingo_nahuatl/audios/speaker1_Tetel_Narra_ZWZ835_WWT836_2022-05-25-b_1365717.0-1371781.0.wav,ZWZ835,ocmagaya oquiluaya oc milauac octilchiuayah ocmagaya uan quihtoua occhoctaya,tetelancingo,,tetelancingo
tetelancingo_nahuatl/audios/speaker1_Tetel_Narra_ZWZ835_WWT836_2022-05-25-b_1373108.0-1381608.0.wav,ZWZ835,"oquiluaya amo tlen valeroua, amo cualtia tla ocniquisquiaya yeh quitemos ocse ohcon",tetelancingo,,tetelancingo
tetelancingo_nahuatl/audios/speaker1_Tetel_Narra_ZWZ835_WWT836_2022-05-25-b_1383126.0-1385081.0.wav,ZWZ835,mox ohcon octrataroh mal,tetelancingo,,tetelancingo
tetelancingo_nahuatl/audios/speaker1_Tetel_Narra_ZWZ835_WWT836_2022-05-25-b_1401826.0-1406671.0.wav,ZWZ835,pero pues axan como yomosetileh amo no bueno neh niquita acmo no quipiya tomen,tetelancingo,,tetelancingo
tetelancingo_nahuatl/audios/speaker1_Tetel_Narra_ZWZ835_WWT836_2022-05-25-b_1406880.0-1407889.0.wav,ZWZ835,acmo igual,tetelancingo,,tetelancingo
tetelancingo_nahuatl/audios/speaker1_Tetel_Narra_ZWZ835_WWT836_2022-05-25-b_1408899.0-1414908.0.wav,ZWZ835,uan como pues milauac cateh Mexico ompa puro renta tlenoh escuela quinpiyah in escuelero ich primaria,tetelancingo,,tetelancingo
tetelancingo_nahuatl/audios/speaker1_Tetel_Narra_ZWZ835_WWT836_2022-05-25-b_1415571.0-1416453.0.wav,ZWZ835,amo quipiyah,tetelancingo,,tetelancingo
tetelancingo_nahuatl/audios/speaker1_Tetel_Narra_ZWZ835_WWT836_2022-05-25-b_1417662.0-1425335.0.wav,ZWZ835,cuando cuando yaquin onintinimiyah iuan Rigoberto mox de ocatca inovio yeh mox omati... omotlalcouihtoya nican Zacatlan,tetelancingo,,tetelancingo
tetelancingo_nahuatl/audios/speaker1_Tetel_Narra_ZWZ835_WWT836_2022-05-25-b_1426326.0-1428498.0.wav,ZWZ835,hasta mismo Genoveva quihtoa mox,tetelancingo,,tetelancingo
tetelancingo_nahuatl/audios/speaker1_Tetel_Narra_ZWZ835_WWT836_2022-05-25-b_1438535.0-1442398.0.wav,ZWZ835,bueno de xa amo octlamitlaxtlau porque amo cachi uehcau pues,tetelancingo,,tetelancingo
tetelancingo_nahuatl/audios/speaker1_Tetel_Narra_ZWZ835_WWT836_2022-05-25-b_1447244.0-1452944.0.wav,ZWZ835,"amo secmati o canah yehuatl ocpanoltileh icniu yi quemanian xa yi se xiuitl, Genoveva",tetelancingo,,tetelancingo
tetelancingo_nahuatl/audios/speaker1_Tetel_Narra_ZWZ835_WWT836_2022-05-25-b_1453660.0-1458891.0.wav,ZWZ835,"porque ya se xiuitl cuando neh, cuando ocatca de nen nin cocolistl den pandemia",tetelancingo,,tetelancingo
tetelancingo_nahuatl/audios/speaker1_Tetel_Narra_ZWZ835_WWT836_2022-05-25-b_1459429.0-1463244.0.wav,ZWZ835,quita occhiutinimiyah cultos casa por casa tons neneh,tetelancingo,,tetelancingo
tetelancingo_nahuatl/audios/speaker1_Tetel_Narra_ZWZ835_WWT836_2022-05-25-b_1463883.0-1470314.0.wav,ZWZ835,o... este ohcon otlehcoqueh ne ahcoic calihtic uan hermana Rosalba oquilueh momaman maquinyectaro mox vitamina tlenoh non,tetelancingo,,tetelancingo
tetelancingo_nahuatl/audios/speaker1_Tetel_Narra_ZWZ835_WWT836_2022-05-25-b_1470968.0-1478406.0.wav,ZWZ835,uan entonces ompa yeh quihtohtoc Genoveva tons yeh ahorita como amo bueno non tiempo oc ayamo otiquitiya quihtoua octlanaya san medio sueldo,tetelancingo,,tetelancingo
tetelancingo_nahuatl/audios/speaker1_Tetel_Narra_ZWZ835_WWT836_2022-05-25-b_1478576.0-1487753.0.wav,ZWZ835,acmo octlaniya completo uan quihtoua quimatoc simi ahora sí simi simi ocafectaroh porque amo neneh acmo ouilic quitlaxtlaua itlal,tetelancingo,,tetelancingo
tetelancingo_nahuatl/audios/speaker1_Tetel_Narra_ZWZ835_WWT836_2022-05-25-b_1488275.0-1492821.0.wav,ZWZ835,quihtoua uan cuando otiquitiya tiempo completo pues yeh yoctlaxtlautaya cada mes cada mes,tetelancingo,,tetelancingo
tetelancingo_nahuatl/audios/speaker1_Tetel_Narra_ZWZ835_WWT836_2022-05-25-b_1493776.0-1498214.0.wav,ZWZ835,non para saber mox yeh icniu ocpanoltileh o ocse itlal quemeh ocse lado octemoh,tetelancingo,,tetelancingo
tetelancingo_nahuatl/audios/speaker1_Tetel_Narra_ZWZ835_WWT836_2022-05-25-b_1501106.0-1502445.0.wav,ZWZ835,ohcon quihtouah,tetelancingo,,tetelancingo
tetelancingo_nahuatl/audios/speaker1_Tetel_Narra_ZWZ835_WWT836_2022-05-25-b_1514899.0-1527371.0.wav,ZWZ835,"mati, como bueno ahorita quemeh queh niquihtos ohcon nipiyas quemeh a veces ohcon iuan nimotlalis nimononotzas quenin panotoc quenin iplanes o quenin ohcon neh amo",tetelancingo,,tetelancingo
tetelancingo_nahuatl/audios/speaker1_Tetel_Narra_ZWZ835_WWT836_2022-05-25-b_1540335.0-1547617.0.wav,ZWZ835,quihtoua porque tlen ocatca amo ohcon uan axan tlen techiluisqueh san techcaquiltisqueh lo que ayamo tlami tlahtouah yeh niman yotiquinnananquilihqueh,tetelancingo,,tetelancingo
tetelancingo_nahuatl/audios/speaker1_Tetel_Narra_ZWZ835_WWT836_2022-05-25-b_1549771.0-1555790.0.wav,ZWZ835,quihtoua mati tleca ohcon yotimocuipqueh simi ti... ti... este simi titlanananquilaneh,tetelancingo,,tetelancingo
tetelancingo_nahuatl/audios/speaker1_Tetel_Narra_ZWZ835_WWT836_2022-05-25-b_1557035.0-1562735.0.wav,ZWZ835,niquiluia momaman niquiluia pero pues no quenin quiniqui san itlah quihtosqueh uan amo secpareceros san masetlacaqui,tetelancingo,,tetelancingo
tetelancingo_nahuatl/audios/speaker1_Tetel_Narra_ZWZ835_WWT836_2022-05-25-b_1566426.0-1569235.0.wav,ZWZ835,techpeualtihqueh tlenoh techiluihtoqueh pues,tetelancingo,,tetelancingo
tetelancingo_nahuatl/audios/speaker1_Tetel_Narra_ZWZ835_WWT836_2022-05-25-b_1569762.0-1578144.0.wav,ZWZ835,"matech... neh niquiluia momaman niquiluia matechcauacan matla..., ompa milauac cada quien ivida tla occuidaroh tla amo occuidaroh",tetelancingo,,tetelancingo
tetelancingo_nahuatl/audios/speaker1_Tetel_Narra_ZWZ835_WWT836_2022-05-25-b_1578653.0-1581644.0.wav,ZWZ835,cada quien quitemacas cuenta algún día uan,tetelancingo,,tetelancingo
tetelancingo_nahuatl/audios/speaker1_Tetel_Narra_ZWZ835_WWT836_2022-05-25-b_1596025.0-1596825.0.wav,ZWZ835,pues amo,tetelancingo,,tetelancingo
tetelancingo_nahuatl/audios/speaker1_Tetel_Narra_ZWZ835_WWT836_2022-05-25-b_1607562.0-1610535.0.wav,ZWZ835,ohcon yi yi cualantoqueh siuameh,tetelancingo,,tetelancingo
tetelancingo_nahuatl/audios/speaker1_Tetel_Narra_ZWZ835_WWT836_2022-05-25-b_1621389.0-1629817.0.wav,ZWZ835,pues xa noyiuqui xa mox neh niquihtoua ompa tla ompa o i... nen mox de plano amo quinimilisqueh pues hasta yehuan ixpinauisqueh tleca ohcon quireclamarohtoqueh,tetelancingo,,tetelancingo
tetelancingo_nahuatl/audios/speaker1_Tetel_Narra_ZWZ835_WWT836_2022-05-25-b_1630553.0-1632998.0.wav,ZWZ835,xa ica non ocse siuatl ne tlacpac amo quiniqueh,tetelancingo,,tetelancingo
tetelancingo_nahuatl/audios/speaker1_Tetel_Narra_ZWZ835_WWT836_2022-05-25-b_1634362.0-1637798.0.wav,ZWZ835,quiniqui tlamandaros quiniqui nochi tlen yeh quihtos yehuatl mamochiua,tetelancingo,,tetelancingo
tetelancingo_nahuatl/audios/speaker1_Tetel_Narra_ZWZ835_WWT836_2022-05-25-b_1652717.0-1653408.0.wav,ZWZ835,pues sí,tetelancingo,,tetelancingo
tetelancingo_nahuatl/audios/speaker1_Tetel_Narra_ZWZ835_WWT836_2022-05-25-b_1655398.0-1662280.0.wav,ZWZ835,"yeh mox ohcon ne, ohcon quihtouah, quihtoua momaman yeh cualcan otlapiyatoh yeh xa yen Erik",tetelancingo,,tetelancingo
tetelancingo_nahuatl/audios/speaker1_Tetel_Narra_ZWZ835_WWT836_2022-05-25-b_1662516.0-1670489.0.wav,ZWZ835,"tlahtic ocatca oquinual..., tiquita nepa ahcoic o... omocau miac pedacería de couitl ompa quinualpantitlantoc",tetelancingo,,tetelancingo
tetelancingo_nahuatl/audios/speaker1_Tetel_Narra_ZWZ835_WWT836_2022-05-25-b_1671056.0-1678690.0.wav,ZWZ835,"non mati mox octlahtlanqueh o san porque quihtouah omosobraroh miac, miac pedacería yi yoquihtosqueh yehuan canasqueh",tetelancingo,,tetelancingo
tetelancingo_nahuatl/audios/speaker1_Tetel_Narra_ZWZ835_WWT836_2022-05-25-b_1683015.0-1683949.0.wav,ZWZ835,xa quemah,tetelancingo,,tetelancingo
tetelancingo_nahuatl/audios/speaker1_Tetel_Narra_ZWZ835_WWT836_2022-05-25-b_1687557.0-1692990.0.wav,ZWZ835,ica non acmo ohcon quimatoqueh ica lozeta nochi ocualsacaqueh yehuan uan nepa nen,tetelancingo,,tetelancingo
tetelancingo_nahuatl/audios/speaker1_Tetel_Narra_ZWZ835_WWT836_2022-05-25-b_1695081.0-1695823.0.wav,ZWZ835,mati,tetelancingo,,tetelancingo
tetelancingo_nahuatl/audios/speaker1_Tetel_Narra_ZWZ835_WWT836_2022-05-25-b_1701323.0-1705290.0.wav,ZWZ835,xa siquiera mas quera se cachito siquiera campa mopacas,tetelancingo,,tetelancingo
tetelancingo_nahuatl/audios/speaker1_Tetel_Narra_ZWZ835_WWT836_2022-05-25-b_1706399.0-1709415.0.wav,ZWZ835,para amo nen para iyoca piso o iyoca tlali,tetelancingo,,tetelancingo
tetelancingo_nahuatl/audios/speaker1_Tetel_Narra_ZWZ835_WWT836_2022-05-25-b_1717508.0-1718917.0.wav,ZWZ835,yotlamimixpachiu,tetelancingo,,tetelancingo
tetelancingo_nahuatl/audios/speaker1_Tetel_Narra_ZWZ835_WWT836_2022-05-25-b_1724353.0-1726062.0.wav,ZWZ835,mati tlen hora isqui ahorita,tetelancingo,,tetelancingo
tetelancingo_nahuatl/audios/speaker1_Tetel_Narra_ZWZ835_WWT836_2022-05-25-b_1727426.0-1731644.0.wav,ZWZ835,yopehpeuaya sehsen sehsen pero ocatca sisic quiyouitl,tetelancingo,,tetelancingo
tetelancingo_nahuatl/audios/speaker1_Tetel_Narra_ZWZ835_WWT836_2022-05-25-b_1738090.0-1744326.0.wav,ZWZ835,"yocatca neneh, niquiluia momaman niquiluia secmocauilis ohcon sepaltis xa secchiuilis daño",tetelancingo,,tetelancingo
tetelancingo_nahuatl/audios/speaker1_Tetel_Narra_ZWZ835_WWT836_2022-05-25-b_1751262.0-1758126.0.wav,ZWZ835,hasta nochin xochimeh de ihquin yotlamimixpachiuico mox nochi hasta quemeh macuihcuitlautoqueh ocsipa quipitlaniueh,tetelancingo,,tetelancingo
tetelancingo_nahuatl/audios/speaker1_Tetel_Narra_ZWZ835_WWT836_2022-05-25-b_1758862.0-1763753.0.wav,ZWZ835,quitasquiah inquiyouh xa hasta cualtzin mihmilautiquisasqueh,tetelancingo,,tetelancingo
tetelancingo_nahuatl/audios/speaker1_Tetel_Narra_ZWZ835_WWT836_2022-05-25-b_1790313.0-1791963.0.wav,ZWZ835,niman onimotehtecqueh,tetelancingo,,tetelancingo
tetelancingo_nahuatl/audios/speaker1_Tetel_Narra_ZWZ835_WWT836_2022-05-25-b_1793127.0-1802527.0.wav,ZWZ835,cuando tlen hora tlen hora ocatca ah es que onimandaroh Ignacia niquiluia ix tla mactlahtlani in Carolina niquiluia xictlahtlani Carolina mox aquin otetlamacac axan,tetelancingo,,tetelancingo
tetelancingo_nahuatl/audios/speaker1_Tetel_Narra_ZWZ835_WWT836_2022-05-25-b_1803077.0-1805956.0.wav,ZWZ835,quemeh axan aquin quitocaros aquin octocaroaya,tetelancingo,,tetelancingo
tetelancingo_nahuatl/audios/speaker1_Tetel_Narra_ZWZ835_WWT836_2022-05-25-b_1806541.0-1814770.0.wav,ZWZ835,"niquiluia porque neh nimatoc nechtocaroua yen mostla, mostla xamo jueves, quiluia mati nechtocaroua yen Jueves niquiluia pero por las dudas xiyoh",tetelancingo,,tetelancingo
tetelancingo_nahuatl/audios/speaker1_Tetel_Narra_ZWZ835_WWT836_2022-05-25-b_1815377.0-1822920.0.wav,ZWZ835,niquiluia ompa macaprovecharo mac... matlacoua ichan Zenaida maccoa mas neh mas ahora sí mas salchicha porque san,tetelancingo,,tetelancingo
tetelancingo_nahuatl/audios/speaker1_Tetel_Narra_ZWZ835_WWT836_2022-05-25-b_1823377.0-1826520.0.wav,ZWZ835,"san huevo o tlenoh acmo ne, acmo quiniqueh",tetelancingo,,tetelancingo
tetelancingo_nahuatl/audios/speaker1_Tetel_Narra_ZWZ835_WWT836_2022-05-25-b_1827334.0-1838442.0.wav,ZWZ835,"niquiluia macualica treinta pesos de salchica quiualmacaqueh siete salchichitas, ica non, uan onimacac cien pesos niquiluia mocualica nen iuan ne tlaniuic mocualantiquisa medio de huevo",tetelancingo,,tetelancingo
tetelancingo_nahuatl/audios/speaker1_Tetel_Narra_ZWZ835_WWT836_2022-05-25-b_1839173.0-1849140.0.wav,ZWZ835,uan como onicilcuiluile ich se papelito yoahsic calihtic nechmacatiu cambio yeh san mati xa san diesisiete pesos niquiluia pues hasta quexquich oyah nen,tetelancingo,,tetelancingo
tetelancingo_nahuatl/audios/speaker1_Tetel_Narra_ZWZ835_WWT836_2022-05-25-b_1859748.0-1864598.0.wav,ZWZ835,tons neneh no quen quichiuas oualtimoc o ne...,tetelancingo,,tetelancingo
tetelancingo_nahuatl/audios/speaker1_Tetel_Narra_ZWZ835_WWT836_2022-05-25-b_1880648.0-1886823.0.wav,ZWZ835,"iuan momaman, porque, mox octzacuacoh nican llave uan tons",tetelancingo,,tetelancingo
tetelancingo_nahuatl/audios/speaker1_Tetel_Narra_ZWZ835_WWT836_2022-05-25-b_1887735.0-1902298.0.wav,ZWZ835,tons ompa neneh oualehcoc uan amo ocahsic niquiluia niquiluia momaman niquiluia ay quitztoc amo catqui tomen uan yeh cachi tlen quichiu uan yeh tlaca no ocmoquixtileh papelito ich in ibolsa tlacuitlapan uan iuan billete o... ocpanquixteh,tetelancingo,,tetelancingo
tetelancingo_nahuatl/audios/speaker1_Tetel_Narra_ZWZ835_WWT836_2022-05-25-b_1904660.0-1916698.0.wav,ZWZ835,"ocse yoctlatiueh tomen, nen ocpanquixteh uan octlaleh ich mochila ompa ocatca se mochila uan tons neh yopeu nicualani tons quihtoua momaman quihtoua nen tla manicpaleui cuitlate",tetelancingo,,tetelancingo
tetelancingo_nahuatl/audios/speaker1_Tetel_Narra_ZWZ835_WWT836_2022-05-25-b_1916873.0-1931098.0.wav,ZWZ835,"milauac ma... yeh amo miac veinte pesos pero mas quera mostla in gasto, no quen iuan oualtimoc uan aún así amo ocahsiqueh uan queh ya ahsi calihtic uan quihtoua ay nis quilnamictoc xa oc... xa canah ich mochila quitemohtoc yeh ompacah",tetelancingo,,tetelancingo
tetelancingo_nahuatl/audios/speaker1_Tetel_Narra_ZWZ835_WWT836_2022-05-25-b_1931911.0-1943523.0.wav,ZWZ835,"niquiluia pues hasta quexquich oyah nen, salchicha quihtoa mox treinta uan huevo uan xonacatl omehtzitzin medio kilo san treinta y cacho nocambio",tetelancingo,,tetelancingo
tetelancingo_nahuatl/audios/speaker1_Tetel_Narra_ZWZ835_WWT836_2022-05-25-b_1944611.0-1961648.0.wav,ZWZ835,"uan yeh neneh quihtoua mox san ocanqui nen salchicha Erik uan non siquiera ocpesaro, uan netlaniuic ocualantiquis huevo mox yi quiluia iabuelito quiluia can oticou mo... quihtoua mosalchicha quiluia ichan Zenaida uan xa quiluia quexquich yi quiluia treinta uan mox quitamachiutinimi",tetelancingo,,tetelancingo
tetelancingo_nahuatl/audios/speaker1_Tetel_Narra_ZWZ835_WWT836_2022-05-25-b_1962261.0-1969898.0.wav,ZWZ835,"quitamachiutinimi iabuelito quihtoua ay namechpactia nactiquipanotosqueh ilamah, mox opeu tlensa quihtoua",tetelancingo,,tetelancingo
tetelancingo_nahuatl/audios/speaker1_Tetel_Narra_ZWZ835_WWT836_2022-05-25-b_1972086.0-1973573.0.wav,ZWZ835,pues acmo oniyah,tetelancingo,,tetelancingo
tetelancingo_nahuatl/audios/speaker1_Tetel_Narra_ZWZ835_WWT836_2022-05-25-b_1979123.0-1984398.0.wav,ZWZ835,niquiluia momaman niquiluia axan siquiera axan ocsiqui mas mas quera huevito tlenoh niquinmandaruilis,tetelancingo,,tetelancingo
tetelancingo_nahuatl/audios/speaker1_Tetel_Narra_ZWZ835_WWT836_2022-05-25-b_2002873.0-2009073.0.wav,ZWZ835,yeh amo yeh nen ohcon nen octzacuacoh llave,tetelancingo,,tetelancingo
tetelancingo_nahuatl/audios/speaker1_Tetel_Narra_ZWZ835_WWT836_2022-05-25-b_2032064.0-2034387.0.wav,ZWZ835,pero neh san niquihtoua mox milauac ohcon octeilueh,tetelancingo,,tetelancingo
tetelancingo_nahuatl/audios/speaker1_Tetel_Narra_ZWZ835_WWT836_2022-05-25-b_2036920.0-2050009.0.wav,ZWZ835,"neh ompa o..., neh ompa onicatca uan ocsipa oniquiluia Maximino yeh yehuatl yi quihtoa ay quihtoa xisiui ticniqui timotimas uan amo tiisiui niquiluia pues niquintemohtiuitziti tilmahuan coconeh yehuan ompa omocauqueh",tetelancingo,,tetelancingo
tetelancingo_nahuatl/audios/speaker1_Tetel_Narra_ZWZ835_WWT836_2022-05-25-b_2050609.0-2061764.9999999998.wav,ZWZ835,ompa oniualah oniualquis niquiluia ya mactema timascal quihtoa yoquitemaniloh quihtoua in axan calaquis manicnalmahmaca atl tons neh onicnalmahmacac atl niquiluia momaman niquiluia san ticalaquisqueh,tetelancingo,,tetelancingo
tetelancingo_nahuatl/audios/speaker1_Tetel_Narra_ZWZ835_WWT836_2022-05-25-b_2062120.0-2067187.0.wav,ZWZ835,tons yi quiluia Anabel quiluia san calaquis timascal tons san oualtimoc pero amo onicac mox tla tlenoh oquilueh,tetelancingo,,tetelancingo
tetelancingo_nahuatl/audios/speaker1_Tetel_Narra_ZWZ835_WWT836_2022-05-25-b_2075818.0000000002-2086018.0.wav,ZWZ835,pero a ver milauac tlen persona delicada o tlauel o tlenoh yocniltoquileh uan yo... hasta capaz acmo tlenoh cachi mas yomoaumentaroh,tetelancingo,,tetelancingo
tetelancingo_nahuatl/audios/speaker1_Tetel_Narra_ZWZ835_WWT836_2022-05-25-b_2093428.0-2098248.0.wav,ZWZ835,"quen quihtouah quihtouah cachi, quihtoua cachi moniltoca tlen pahsolyotl uan tlen lo que tlen milauac",tetelancingo,,tetelancingo
tetelancingo_nahuatl/audios/speaker1_Tetel_Narra_ZWZ835_WWT836_2022-05-25-b_2106688.0-2110318.0.wav,ZWZ835,cani oyahcah necateh ichpocameh nic quitimouiyah ciruelo,tetelancingo,,tetelancingo
tetelancingo_nahuatl/audios/speaker1_Tetel_Narra_ZWZ835_WWT836_2022-05-25-b_2111898.0-2112662.0.wav,ZWZ835,mox quemah,tetelancingo,,tetelancingo
tetelancingo_nahuatl/audios/speaker1_Tetel_Narra_ZWZ835_WWT836_2022-05-25-b_2113244.0-2114689.0.wav,ZWZ835,o san octiquitoh,tetelancingo,,tetelancingo
tetelancingo_nahuatl/audios/speaker1_Tetel_Narra_ZWZ835_WWT836_2022-05-25-b_2116990.0-2118480.0.wav,ZWZ835,mati xiquita cuicah miac,tetelancingo,,tetelancingo
tetelancingo_nahuatl/audios/speaker1_Tetel_Narra_ZWZ835_WWT836_2022-05-25-b_2123235.0-2123708.0.wav,ZWZ835,canah,tetelancingo,,tetelancingo
tetelancingo_nahuatl/audios/speaker1_Tetel_Narra_ZWZ835_WWT836_2022-05-25-b_2125734.0-2134643.0.wav,ZWZ835,cuicah xa siquiera ohome kilo neh niquiluia nomaman niquiluia mactlamitiqui uan mostla milauac macofrecero ne tlaniuic niquiluia mas ipaltzinco mas quera se refresco,tetelancingo,,tetelancingo
tetelancingo_nahuatl/audios/speaker1_Tetel_Narra_ZWZ835_WWT836_2022-05-25-b_2139916.0-2146044.0.wav,ZWZ835,ica non yalua quita nictlahtlanihtoya siqui quihtoua tleca amo onitiquito niquiluia ay nitlatziui ica nin tonaltzin hasta amo niniqui niquisas,tetelancingo,,tetelancingo
tetelancingo_nahuatl/audios/speaker1_Tetel_Narra_ZWZ835_WWT836_2022-05-25-b_2147634.0-2155689.0.wav,ZWZ835,quen iyeua cualcan mox onicalac niquinmanato in tilmahuan noDiego onicau ich cocina oniualcalac yoniualquis yeh queh oquicuah tlali,tetelancingo,,tetelancingo
tetelancingo_nahuatl/audios/speaker1_Tetel_Narra_ZWZ835_WWT836_2022-05-25-b_2156407.0-2160316.0.wav,ZWZ835,temohtinimi tehmotinimi pues yehuatl ich in comeh ocalac ich in lámina tlatlampa,tetelancingo,,tetelancingo
tetelancingo_nahuatl/audios/speaker1_Tetel_Narra_ZWZ835_WWT836_2022-05-25-b_2163271.0-2171435.0.wav,ZWZ835,"nictzahtzilihtinimi nitzahtzilihtinimi no quihtoua ""eh"" yehuatl ic ompacah hasta yonimitzualpantzahtzilisquia mox canah nican ualtimoc",tetelancingo,,tetelancingo
tetelancingo_nahuatl/audios/speaker1_Tetel_Narra_ZWZ835_WWT836_2022-05-25-b_2172462.0-2175571.0.wav,ZWZ835,yeh ompa itlampa lámina xa ompa ocatca ompa youalquis,tetelancingo,,tetelancingo
tetelancingo_nahuatl/audios/speaker1_Tetel_Narra_ZWZ835_WWT836_2022-05-25-b_2177243.0-2188835.0.wav,ZWZ835,onechcualaneh ic nepa san oniquilpeh ica se lazo ontlahcoilpeh queh ichcatl no yi quimati cahana titzitzin quipantlatihtimatoc,tetelancingo,,tetelancingo
tetelancingo_nahuatl/audios/speaker1_Tetel_Narra_ZWZ835_WWT836_2022-05-25-b_2209580.0-2210525.0.wav,ZWZ835,nochi ica pico,tetelancingo,,tetelancingo
tetelancingo_nahuatl/audios/speaker1_Tetel_Narra_ZWZ835_WWT836_2022-05-25-b_2237831.0-2239065.0.wav,ZWZ835,ohcon tiquiluia,tetelancingo,,tetelancingo
tetelancingo_nahuatl/audios/speaker1_Tetel_Narra_ZWZ835_WWT836_2022-05-25-b_2264921.0-2267654.0.wav,ZWZ835,"ocse semana, neh nechtocaroa martes",tetelancingo,,tetelancingo
tetelancingo_nahuatl/audios/speaker1_Tetel_Narra_ZWZ835_WWT836_2022-05-25-b_2289454.0-2291131.0.wav,ZWZ835,"amo otiquintlameh, mox simi miqueh",tetelancingo,,tetelancingo
tetelancingo_nahuatl/audios/speaker1_Tetel_Narra_ZWZ835_WWT836_2022-05-25-b_2301165.0-2304921.0.wav,ZWZ835,neh onitlapac neh amaquin noayudante noDiego oc ayamo uili,tetelancingo,,tetelancingo
tetelancingo_nahuatl/audios/speaker1_Tetel_Narra_ZWZ835_WWT836_2022-05-25-b_2334543.0-2349821.0.wav,ZWZ835,nicualpanantiuitzito mas medio de huevo niquiluia momaman tlenoh ticuasqueh niquiluia amo onicman itl porque yaloua oquiman lenteja xa ome niquiluia cualcan yehuatl oticcuahqueh niquiluia acmo onicman itl niquiluia tlenoh ticuasqueh quihtoua bueno mox chicharrón,tetelancingo,,tetelancingo
tetelancingo_nahuatl/audios/speaker1_Tetel_Narra_ZWZ835_WWT836_2022-05-25-b_2350454.0-2361354.0.wav,ZWZ835,"niquiluia ay nis chicharrón amo nicniqui pues tlenoh ticuasqueh quihtoua manipanana se huevo uan uan mas tomatl uan macchihchiua huevo ahogado, tiquita yeh quipactia",tetelancingo,,tetelancingo
tetelancingo_nahuatl/audios/speaker1_Tetel_Narra_ZWZ835_WWT836_2022-05-25-b_2361976.0-2370932.0.wav,ZWZ835,uan nen quihtoua pues yeh yopeu quichihchiua nepa niquihtzontoc nosombrero neneh niquita nomaman yi ualtimoc ohcon nechnonotztoc,tetelancingo,,tetelancingo
tetelancingo_nahuatl/audios/speaker1_Tetel_Narra_ZWZ835_WWT836_2022-05-25-b_2377720.0-2384965.0.wav,ZWZ835,como yen cualcan onicahcocauilito uan yeh amaquin ocatca xa ocatca Tlamac tons neh san ompa onicau iuitl uan oniualtimoc,tetelancingo,,tetelancingo
tetelancingo_nahuatl/audios/speaker1_Tetel_Narra_ZWZ835_WWT836_2022-05-25-b_2386187.0-2397065.0.wav,ZWZ835,"uan ompa tech... nechnonotztoc, quihtoua momaman quihtoua xiualcalaqui titlacuas tlamo ehcosqueh ni modo ompa nimechchixtosqueh tons onicalac titlacuahtoqueh uan yoniualtimoc",tetelancingo,,tetelancingo
tetelancingo_nahuatl/audios/speaker1_Tetel_Narra_ZWZ835_WWT836_2022-05-25-b_2416048.0-2417168.0.wav,ZWZ835,tons otitimocah,tetelancingo,,tetelancingo
tetelancingo_nahuatl/audios/speaker1_Tetel_Narra_ZWZ835_WWT836_2022-05-25-b_2445182.0-2455140.0.wav,ZWZ835,"neh ohcon cualcan nimeua neneh youac notatah ocochtah xa hasta queh las, hasta queh las doce",tetelancingo,,tetelancingo
tetelancingo_nahuatl/audios/speaker1_Tetel_Narra_ZWZ835_WWT836_2022-05-25-b_2456240.0-2466157.0.wav,ZWZ835,"mocuipti, pero mocuiptinimi mocuiptinimi tzocotzin tzonic ohcon de lado mocuiptinimi uan amo cochi",tetelancingo,,tetelancingo
tetelancingo_nahuatl/audios/speaker1_Tetel_Narra_ZWZ835_WWT836_2022-05-25-b_2475791.0-2482284.0.wav,ZWZ835,"uan pero cualcan oniisac uan mas cachi niihsa cualcan nimachilia hora amo sec..., amo secahsi",tetelancingo,,tetelancingo
tetelancingo_nahuatl/audios/speaker1_Tetel_Narra_ZWZ835_WWT836_2022-05-25-b_2483529.0-2489445.0.wav,ZWZ835,"pero Tere quihtoua ay yo quiero otro este peinado, ohcon quihtoua",tetelancingo,,tetelancingo
tetelancingo_nahuatl/audios/speaker1_Tetel_Narra_ZWZ835_WWT836_2022-05-25-b_2490098.0-2495575.0.wav,ZWZ835,trato mox quiniqui manicuailpi cualtzin porque yeh quiniqui yas uan motas cualtzin,tetelancingo,,tetelancingo
tetelancingo_nahuatl/audios/speaker1_Tetel_Narra_ZWZ835_WWT836_2022-05-25-b_2496268.0-2504237.0.wav,ZWZ835,niquiluia ay neh amo nicmati quenin nen quenin nimitzpeinaros neh san nic... nimitz... nimitzilpilis motzon se,tetelancingo,,tetelancingo
tetelancingo_nahuatl/audios/speaker1_Tetel_Narra_ZWZ835_WWT836_2022-05-25-b_2504398.0-2511883.0.wav,ZWZ835,san se coleta uan ohcon xiyoh san onicmamalineh o quen niquihtos nican iixcuac onicmamalinileh uan mayoui,tetelancingo,,tetelancingo
tetelancingo_nahuatl/audios/speaker1_Tetel_Narra_ZWZ835_WWT836_2022-05-25-b_2533330.0-2538737.0.wav,ZWZ835,ah pero moniqui milauac mai tiempo porque tla san de isiuca amo uili,tetelancingo,,tetelancingo
tetelancingo_nahuatl/audios/speaker1_Tetel_Narra_ZWZ835_WWT836_2022-05-25-b_2539238.0-2545798.0.wav,ZWZ835,"uan ocse noyiuqui cualihtoua nicniqui ohcon, uan yeh tzocotzitzin itzon amo uili",tetelancingo,,tetelancingo
tetelancingo_nahuatl/audios/speaker1_Tetel_Narra_ZWZ835_WWT836_2022-05-25-b_2565665.0-2569798.0.wav,ZWZ835,uilaxtiqueh queh isqui quemeh nepa tlatilol nen in pariente,tetelancingo,,tetelancingo
tetelancingo_nahuatl/audios/speaker1_Tetel_Narra_ZWZ835_WWT836_2022-05-25-b_2578531.0-2579291.0.wav,ZWZ835,quemah,tetelancingo,,tetelancingo
tetelancingo_nahuatl/audios/speaker1_Tetel_Narra_ZWZ835_WWT836_2022-05-25-b_2588871.0-2596318.0.wav,ZWZ835,necateh itzcuimeh acmo quin... acmo quihtohtoc Mireya quin... quinpacas o tlenoh quinchiuilis san yoquinsincau,tetelancingo,,tetelancingo
tetelancingo_nahuatl/audios/speaker1_Tetel_Narra_ZWZ835_WWT836_2022-05-25-b_2596605.0-2598391.0.wav,ZWZ835,tehuan calihtic onechcualanihqueh,tetelancingo,,tetelancingo
tetelancingo_nahuatl/audios/speaker1_Tetel_Narra_ZWZ835_WWT836_2022-05-25-b_2599318.0-2600998.0.wav,ZWZ835,porque yi opa mihcuitlan tlahtic,tetelancingo,,tetelancingo
tetelancingo_nahuatl/audios/speaker1_Tetel_Narra_ZWZ835_WWT836_2022-05-25-b_2602038.0-2606198.0.wav,ZWZ835,uan yeh cualcan ocalac se itzcuincuitlatl non non ocatca tzinpancoxoh,tetelancingo,,tetelancingo
tetelancingo_nahuatl/audios/speaker1_Tetel_Narra_ZWZ835_WWT836_2022-05-25-b_2606805.0-2610471.0.wav,ZWZ835,ocalac uan neh momaman quihtoua cuahcuiti tons neh onicalac,tetelancingo,,tetelancingo
tetelancingo_nahuatl/audios/speaker1_Tetel_Narra_ZWZ835_WWT836_2022-05-25-b_2610951.0-2614751.0.wav,ZWZ835,nis choca Diego nimoluia nin xa cochmiqui mox iuan yonimonacasictecac,tetelancingo,,tetelancingo
tetelancingo_nahuatl/audios/speaker1_Tetel_Narra_ZWZ835_WWT836_2022-05-25-b_2623839.0-2629299.0.wav,ZWZ835,"entonces neneh, onicalac uan neh ohcon yeh yocochtah",tetelancingo,,tetelancingo
tetelancingo_nahuatl/audios/speaker1_Tetel_Narra_ZWZ835_WWT836_2022-05-25-b_2629525.0-2636458.0.wav,ZWZ835,tla nicaqui nis quemeh yi tlasananatztinimi ich in costalmeh ohcon quihtoua mox se ihuitl porque a veces ihuimeh noyiuqui calaqueh,tetelancingo,,tetelancingo
tetelancingo_nahuatl/audios/speaker1_Tetel_Narra_ZWZ835_WWT836_2022-05-25-b_2637118.0-2642485.0.wav,ZWZ835,ohcon tlamo yoni... nimeheutah yolic nitlacaqui yeh itzcuintli ohcon ne,tetelancingo,,tetelancingo
tetelancingo_nahuatl/audios/speaker1_Tetel_Narra_ZWZ835_WWT836_2022-05-25-b_2642951.0-2649325.0.wav,ZWZ835,oniualah niyectecaco noDiego ocsipa mox niyas nicmohtis yeh niman yi motzintochotoc yi mochihchicautoc trato ompa mihcuitlas,tetelancingo,,tetelancingo
tetelancingo_nahuatl/audios/speaker1_Tetel_Narra_ZWZ835_WWT836_2022-05-25-b_2650145.0-2658445.0.wav,ZWZ835,nicantihuitz queh quemeh queh cinturón tlamati onictzincahcapanileh oquistiquis tzahtzitiu niquiluia momaman xa san amo cualtiqueh itzcuin xoquinyalmeh,tetelancingo,,tetelancingo
tetelancingo_nahuatl/audios/speaker1_Tetel_Narra_ZWZ835_WWT836_2022-05-25-b_2661025.0-2667071.0.wav,ZWZ835,achto in yeh ompa neh motztoc ompa otlatlapiyasoh mox nah itlah ocxouanihqueh yeh motztoc milauac itlatlapiyaso,tetelancingo,,tetelancingo
tetelancingo_nahuatl/audios/speaker1_Tetel_Narra_ZWZ835_WWT836_2022-05-25-b_2671945.0-2675205.0.wav,ZWZ835,es que yen neh runiahteh runiahteh tons simi,tetelancingo,,tetelancingo
tetelancingo_nahuatl/audios/speaker1_Tetel_Narra_ZWZ835_WWT836_2022-05-25-b_2687225.0-2695732.0.wav,ZWZ835,neh ocatca seguido nis seguido onitlapahpacaya axan yi quesqui tonalmeh acmo neh chiutoc cuenta ica nin tonaltzin san tiquitl sesotlaui,tetelancingo,,tetelancingo
tetelancingo_nahuatl/audios/speaker1_Tetel_Narra_ZWZ835_WWT836_2022-05-25-b_2713453.0-2720776.0.wav,ZWZ835,ohcon tlamati yeh tanto tlensa pitzotic queutinimi mas sectlamacas pero tlen nepa tlen camaahsis hasta,tetelancingo,,tetelancingo
tetelancingo_nahuatl/audios/speaker1_Tetel_Narra_ZWZ835_WWT836_2022-05-25-b_2721722.0-2722653.0.wav,ZWZ835,nochi icamac,tetelancingo,,tetelancingo
tetelancingo_nahuatl/audios/speaker1_Tetel_Narra_ZWZ835_WWT836_2022-05-25-b_2726905.0-2734120.0.wav,ZWZ835,xa nican nen Pantera noyiuqui quinpiya ica ipiluan mati mox siuameh o oquichmeh,tetelancingo,,tetelancingo
tetelancingo_nahuatl/audios/speaker1_Tetel_Narra_ZWZ835_WWT836_2022-05-25-b_2743698.0-2745565.0.wav,ZWZ835,tlamo uan isiuca yoleh,tetelancingo,,tetelancingo
tetelancingo_nahuatl/audios/speaker1_Tetel_Narra_ZWZ835_WWT836_2022-05-25-b_2746298.0-2754629.0.wav,ZWZ835,nis nis yeh tlen ich nis ichcatl nen ye ichcatl se ichcatl hasta ipan se xiuitl yeh ocseguiroua tzotzocotzin,tetelancingo,,tetelancingo
tetelancingo_nahuatl/audios/speaker1_Tetel_Narra_ZWZ835_WWT836_2022-05-25-b_2757629.0-2763860.0.wav,ZWZ835,tehuan cachi secniqui mayoltiquisacan para sequinyo... yo... secyo... seccuamictileh se nin,tetelancingo,,tetelancingo
tetelancingo_nahuatl/audios/speaker1_Tetel_Narra_ZWZ835_WWT836_2022-05-25-b_2764753.0-2765960.0.wav,ZWZ835,cachi moniniqueh,tetelancingo,,tetelancingo
tetelancingo_nahuatl/audios/speaker1_Tetel_Narra_ZWZ835_WWT836_2022-05-25-b_2779989.0-2785717.0.wav,ZWZ835,axan ne itich escuelas acmo tlen aviso tlenoh canah ualtemacatoqueh den,tetelancingo,,tetelancingo
tetelancingo_nahuatl/audios/speaker1_Tetel_Narra_ZWZ835_WWT836_2022-05-25-b_2786208.0-2790826.0.wav,ZWZ835,den tla quizas ocse nuevo apoyo o tlenoh acmo tlen,tetelancingo,,tetelancingo
tetelancingo_nahuatl/audios/speaker1_Tetel_Narra_ZWZ835_WWT836_2022-05-25-b_2796116.0-2808389.0.wav,ZWZ835,"mati, pero ipa mas tzocotzin bueno ipa mas oualtlaavisarouaneh ica nen ica nin trabajo tlen omochiu ipa mas tiquita yeh achto in yeh occauaco in paquete",tetelancingo,,tetelancingo
tetelancingo_nahuatl/audios/speaker1_Tetel_Narra_ZWZ835_WWT836_2022-05-25-b_2810553.0-2816226.0.wav,ZWZ835,para tlanah cualquier auditoria o tlenoh pues yi ompa yi c... quitah,tetelancingo,,tetelancingo
tetelancingo_nahuatl/audios/speaker1_Tetel_Narra_ZWZ835_WWT836_2022-05-25-b_2820107.0-2824807.0.wav,ZWZ835,"mati, xa amo xa ahcoic mota xa este ocse couitl",tetelancingo,,tetelancingo
tetelancingo_nahuatl/audios/speaker1_Tetel_Narra_ZWZ835_WWT836_2022-05-25-b_2825317.0-2826480.0.wav,ZWZ835,ocse auacatl,tetelancingo,,tetelancingo
tetelancingo_nahuatl/audios/speaker1_Tetel_Narra_ZWZ835_WWT836_2022-05-25-b_2843942.0-2852976.0.wav,ZWZ835,xa yehuan o yen tehuan pero hasta ahorita amo tlen noyiuqui yi nipiya xa mas de xa yi mas de ocho días acmo nicouhtoc ficha,tetelancingo,,tetelancingo
tetelancingo_nahuatl/audios/speaker1_Tetel_Narra_ZWZ835_WWT836_2022-05-25-b_2857998.0-2859820.0.wav,ZWZ835,uan yeh tlenoh ica tleca quicoua,tetelancingo,,tetelancingo
tetelancingo_nahuatl/audios/speaker1_Tetel_Narra_ZWZ835_WWT836_2022-05-25-b_2882862.0-2886898.0.wav,ZWZ835,"mox Feli no oticcuileh, uan amo, uan ocualanqueh",tetelancingo,,tetelancingo
tetelancingo_nahuatl/audios/speaker1_Tetel_Narra_ZWZ835_WWT836_2022-05-25-b_2938816.0-2940571.0.wav,ZWZ835,ni modo mitzmagasqueh,tetelancingo,,tetelancingo
tetelancingo_nahuatl/audios/speaker1_Tetel_Narra_ZWZ835_WWT836_2022-05-25-b_3000205.0-3001491.0.wav,ZWZ835,mox amo ocuicac micapal,tetelancingo,,tetelancingo
tetelancingo_nahuatl/audios/speaker1_Tetel_Narra_ZWZ835_WWT836_2022-05-25-b_3003184.0-3004263.0.wav,ZWZ835,mox ocuicac micapal,tetelancingo,,tetelancingo
tetelancingo_nahuatl/audios/speaker1_Tetel_Narra_ZWZ835_WWT836_2022-05-25-b_3004627.0-3005155.0.wav,ZWZ835,quemah,tetelancingo,,tetelancingo
tetelancingo_nahuatl/audios/speaker1_Tetel_Narra_ZWZ835_WWT836_2022-05-25-b_3007891.0-3008913.0.wav,ZWZ835,tlecah amo ocmateh,tetelancingo,,tetelancingo
tetelancingo_nahuatl/audios/speaker1_Tetel_Narra_ZWZ835_WWT836_2022-05-25-b_3013770.0-3015791.0.wav,ZWZ835,mas uiuitlatztic quemeh avion,tetelancingo,,tetelancingo
tetelancingo_nahuatl/audios/speaker1_Tetel_Narra_ZWZ835_WWT836_2022-05-25-b_3047999.0-3050705.0.wav,ZWZ835,ay tehuan opeu eheca tons totele opeu,tetelancingo,,tetelancingo
tetelancingo_nahuatl/audios/speaker1_Tetel_Narra_ZWZ835_WWT836_2022-05-25-b_3055645.0-3057791.0.wav,ZWZ835,opeu neh molinia nen antena,tetelancingo,,tetelancingo
tetelancingo_nahuatl/audios/speaker1_Tetel_Narra_ZWZ835_WWT836_2022-05-25-b_3058905.0-3061951.0.wav,ZWZ835,xa yopeu eheca chicauac chicauac tons oyaya señal,tetelancingo,,tetelancingo
tetelancingo_nahuatl/audios/speaker1_Tetel_Narra_ZWZ835_WWT836_2022-05-25-b_3074078.0-3075651.0.wav,ZWZ835,yomototoxtileh,tetelancingo,,tetelancingo
tetelancingo_nahuatl/audios/speaker1_Tetel_Narra_ZWZ835_WWT836_2022-05-25-b_3087648.0-3089273.0.wav,ZWZ835,axan cani isqui capolin,tetelancingo,,tetelancingo
tetelancingo_nahuatl/audios/speaker1_Tetel_Narra_ZWZ835_WWT836_2022-05-25-b_3090965.0-3095723.0.wav,ZWZ835,ne tlen oniccuahtoya yeh yaquin peua cahcamaua pero mas oc verde yeh amo xococ,tetelancingo,,tetelancingo
tetelancingo_nahuatl/audios/speaker1_Tetel_Narra_ZWZ835_WWT836_2022-05-25-b_3099398.0-3102437.0.wav,ZWZ835,icompa ic quemanian in nantictoyah iuan momaman yeh xococ ocatca,tetelancingo,,tetelancingo
tetelancingo_nahuatl/audios/speaker1_Tetel_Narra_ZWZ835_WWT836_2022-05-25-b_3105237.0-3108329.0.wav,ZWZ835,amati icompa nontictoyah hasta nepa xiquita catca se capolconetl,tetelancingo,,tetelancingo
tetelancingo_nahuatl/audios/speaker1_Tetel_Narra_ZWZ835_WWT836_2022-05-25-b_3109941.0-3111184.0.wav,ZWZ835,amati mox isqui,tetelancingo,,tetelancingo
tetelancingo_nahuatl/audios/speaker1_Tetel_Narra_ZWZ835_WWT836_2022-05-25-b_3114806.0-3117134.0.wav,ZWZ835,yeh ya tlen tonal ocatca cacapolcomeh nepa,tetelancingo,,tetelancingo
tetelancingo_nahuatl/audios/speaker1_Tetel_Narra_ZWZ835_WWT836_2022-05-25-b_3117656.0-3121320.0.wav,ZWZ835,nochi oquintzinticqueh xa yen como itich ocalac tepalcatl,tetelancingo,,tetelancingo
tetelancingo_nahuatl/audios/speaker1_Tetel_Narra_ZWZ835_WWT836_2022-05-25-b_3121784.0-3124155.0.wav,ZWZ835,uan de que oquintzinticqueh acmo oc acmo ooneuqueh,tetelancingo,,tetelancingo
tetelancingo_nahuatl/audios/speaker1_Tetel_Narra_ZWZ835_WWT836_2022-05-25-b_3129155.0-3132670.0.wav,ZWZ835,pero quen quihtoua momaman mas macpiya axan acmo uilis sectlapeuis,tetelancingo,,tetelancingo
tetelancingo_nahuatl/audios/speaker1_Tetel_Narra_ZWZ835_WWT836_2022-05-25-b_3133513.0-3134484.0.wav,ZWZ835,teaxca,tetelancingo,,tetelancingo
tetelancingo_nahuatl/audios/speaker1_Tetel_Narra_ZWZ835_WWT836_2022-05-25-b_3139927.0-3146727.0.wav,ZWZ835,niquiluia momaman niquiluia neh nictemos se durazno cocotzin se plantita neh nictoocaas ualtlaniuic campa catqui papaya,tetelancingo,,tetelancingo
tetelancingo_nahuatl/audios/speaker1_Tetel_Narra_ZWZ835_WWT836_2022-05-25-b_3147405.0-3149362.0.wav,ZWZ835,niquiluia mas quera tlaecauil o tlenoh,tetelancingo,,tetelancingo
tetelancingo_nahuatl/audios/speaker1_Tetel_Narra_ZWZ835_WWT836_2022-05-25-b_3185560.0-3186160.0.wav,ZWZ835,ouac,tetelancingo,,tetelancingo
tetelancingo_nahuatl/audios/speaker1_Tetel_Narra_ZWZ835_WWT836_2022-05-25-b_3189029.0-3191706.0.wav,ZWZ835,ichan nomaman tlaniuic catqui ah pues xiquita ohpal miac,tetelancingo,,tetelancingo
tetelancingo_nahuatl/audios/speaker1_Tetel_Narra_ZWZ835_WWT836_2022-05-25-b_3192421.0-3193460.0.wav,ZWZ835,ompa ne,tetelancingo,,tetelancingo
tetelancingo_nahuatl/audios/speaker1_Tetel_Narra_ZWZ835_WWT836_2022-05-25-b_3197391.0-3198514.0.wav,ZWZ835,uan amo xococ,tetelancingo,,tetelancingo
tetelancingo_nahuatl/audios/speaker1_Tetel_Narra_ZWZ835_WWT836_2022-05-25-b_3201083.0-3201922.0.wav,ZWZ835,quemah,tetelancingo,,tetelancingo
tetelancingo_nahuatl/audios/speaker1_Tetel_Narra_ZWZ835_WWT836_2022-05-25-b_3205860.0-3206313.0.wav,ZWZ835,quemah,tetelancingo,,tetelancingo
tetelancingo_nahuatl/audios/speaker1_Tetel_Narra_ZWZ835_WWT836_2022-05-25-b_3206914.0-3214214.0.wav,ZWZ835,neh onictoocac calihtic bueno ne ahcoic nepa ihquin pero neh onicatecaya uan yeh quihtoua mox secatequiya amo cuali porque tzinaxayoa,tetelancingo,,tetelancingo
tetelancingo_nahuatl/audios/speaker1_Tetel_Narra_ZWZ835_WWT836_2022-05-25-b_3219921.0-3225329.0.wav,ZWZ835,onic... neh ompa onictooc uan quen nechmaca mox nicnalatequia cada cualcan cada cualcan,tetelancingo,,tetelancingo
tetelancingo_nahuatl/audios/speaker1_Tetel_Narra_ZWZ835_WWT836_2022-05-25-b_3241299.0-3250976.0.wav,ZWZ835,"Tere amo occuaya ohpal uan yi quemanian oquimitac mimilatzitzin ica ohpal hasta quitlatlalia uan yeh mox amo quicua ohpal nion, nion longaniza",tetelancingo,,tetelancingo
tetelancingo_nahuatl/audios/speaker1_Tetel_Narra_ZWZ835_WWT836_2022-05-25-b_3251756.0-3252756.0.wav,ZWZ835,amo quicua,tetelancingo,,tetelancingo
tetelancingo_nahuatl/audios/speaker1_Tetel_Narra_ZWZ835_WWT836_2022-05-25-b_3258081.0-3259148.0.wav,ZWZ835,neh noyiuqui,tetelancingo,,tetelancingo
tetelancingo_nahuatl/audios/speaker1_Tetel_Narra_ZWZ835_WWT836_2022-05-25-b_3280118.0-3281228.0.wav,ZWZ835,se semana,tetelancingo,,tetelancingo
tetelancingo_nahuatl/audios/speaker1_Tetel_Narra_ZWZ835_WWT836_2022-05-25-b_3281908.0-3283328.0.wav,ZWZ835,se semana mo,tetelancingo,,tetelancingo
tetelancingo_nahuatl/audios/speaker1_Tetel_Narra_ZWZ835_WWT836_2022-05-25-b_3291516.0-3302979.0.wav,ZWZ835,Tere yalua nechiluihtoc quihtoua mox axan ocuicac neneh axan ocuicac salchicha mostla trato mox quiniqui cuicas mox itaquitos dorados,tetelancingo,,tetelancingo
tetelancingo_nahuatl/audios/speaker1_Tetel_Narra_ZWZ835_WWT836_2022-05-25-b_3303190.0-3312273.0.wav,ZWZ835,"niquiluia ay niquiluia quenin cuicas uan yi quemanian onicouato papas ichan Zenaida nochi quemeh yeh mota cuali papas pero onicman quemeh non yi sili, quisiliyih",tetelancingo,,tetelancingo
tetelancingo_nahuatl/audios/speaker1_Tetel_Narra_ZWZ835_WWT836_2022-05-25-b_3313789.0-3320107.0.wav,ZWZ835,amo uelic niquiluia uan ne tlaniuic amo tlen xa hasta canah yasqueh Humberto canah ihcuac cualicasqueh,tetelancingo,,tetelancingo
tetelancingo_nahuatl/audios/speaker1_Tetel_Narra_ZWZ835_WWT836_2022-05-25-b_3320490.0-3326615.0.wav,ZWZ835,quihtoua ay yeh quiniqui papas quihtoa uan uan quiniqui ica crema uan tla amo nicpiya tomen yeh nechmaca,tetelancingo,,tetelancingo
tetelancingo_nahuatl/audios/speaker1_Tetel_Narra_ZWZ835_WWT836_2022-05-25-b_3327798.0-3328740.0.wav,ZWZ835,mocouilis,tetelancingo,,tetelancingo
tetelancingo_nahuatl/audios/speaker1_Tetel_Narra_ZWZ835_WWT836_2022-05-25-b_3329773.0-3334181.0.wav,ZWZ835,"quipixtoc xa, xa ciento cincuenta",tetelancingo,,tetelancingo
tetelancingo_nahuatl/audios/speaker1_Tetel_Narra_ZWZ835_WWT836_2022-05-25-b_3334948.0-3341290.0.wav,ZWZ835,yeh yi quemanian ocsobraroh cien pesos ica in regalos ocgastaroh mati trecientos,tetelancingo,,tetelancingo
tetelancingo_nahuatl/audios/speaker1_Tetel_Narra_ZWZ835_WWT836_2022-05-25-b_3341881.0-3349673.0.wav,ZWZ835,uan oc... xa ihcuac se tons san cien pesos oquisobraroh uan yaquin como neh uan yi quemanian xa ocmacaqueh iabuelitos,tetelancingo,,tetelancingo
tetelancingo_nahuatl/audios/speaker1_Tetel_Narra_ZWZ835_WWT836_2022-05-25-b_3353490.0-3358690.0.wav,ZWZ835,nechmacas tla tla amo nicniqui nicouilis crema yeh nechmacas para manicoua crema,tetelancingo,,tetelancingo
tetelancingo_nahuatl/audios/speaker1_Tetel_Narra_ZWZ835_WWT836_2022-05-25-b_3416740.0-3423654.0.wav,ZWZ835,"acmo, amo secmaca tiempo cachi hasta con trabajos secmaca tiempo sealmasalos para seoneuas",tetelancingo,,tetelancingo
tetelancingo_nahuatl/audios/speaker1_Tetel_Narra_ZWZ835_WWT836_2022-05-25-b_3433597.0-3435540.0.wav,ZWZ835,cuando amo mas macnictocan,tetelancingo,,tetelancingo
tetelancingo_nahuatl/audios/speaker1_Tetel_Narra_ZWZ835_WWT836_2022-05-25-b_3439426.0-3442226.0.wav,ZWZ835,pues amo mas osecniquisquiaya pero amo uili,tetelancingo,,tetelancingo
tetelancingo_nahuatl/audios/speaker1_Tetel_Narra_ZWZ835_WWT836_2022-05-25-b_3454869.0-3464597.0.wav,ZWZ835,no acmo uehca quinpoliu quisasqueh momacauasqueh ahorita yi tlamis Efren calaquis Junio xa siquiera ome tlapoualtzin isiuca panoah in tonalmeh,tetelancingo,,tetelancingo
tetelancingo_nahuatl/audios/speaker1_Tetel_Narra_ZWZ835_WWT836_2022-05-25-b_3466997.0-3482240.0.wav,ZWZ835,"queh neh milauac panoah in xiumeh neh san niquilnamiqui cuando tehuan otiestudiaroayah Omitlán tiyayah o primaria otiyayah uan que ahorita nican yeh, axan yen topiluan panos, panos xiumeh yeh inpiluan",tetelancingo,,tetelancingo
tetelancingo_nahuatl/audios/speaker1_Tetel_Narra_ZWZ835_WWT836_2022-05-25-b_3482826.0-3484183.0.wav,ZWZ835,quinnohnotzasqueh,tetelancingo,,tetelancingo
tetelancingo_nahuatl/audios/speaker1_Tetel_Narra_ZWZ835_WWT836_2022-05-25-b_3484968.0-3486940.0.wav,ZWZ835,"semopatlatoc, semopatlatoc",tetelancingo,,tetelancingo
tetelancingo_nahuatl/audios/speaker1_Tetel_Narra_ZWZ835_WWT836_2022-05-25-b_3493326.0-3494469.0.wav,ZWZ835,yi seteahua,tetelancingo,,tetelancingo
tetelancingo_nahuatl/audios/speaker1_Tetel_Narra_ZWZ835_WWT836_2022-05-25-b_3496426.0-3499497.0.wav,ZWZ835,"yi quinmahuasqueh, yeh milauac",tetelancingo,,tetelancingo
tetelancingo_nahuatl/audios/speaker1_Tetel_Narra_ZWZ835_WWT836_2022-05-25-b_3503768.0-3512340.0.wav,ZWZ835,tehuan secquinmiluia se ipiluan teh itahuan amo sequinmacayah se tomen amo osecmacayah neh niquilnamictoc oniyayah nen primaria,tetelancingo,,tetelancingo
tetelancingo_nahuatl/audios/speaker1_Tetel_Narra_ZWZ835_WWT836_2022-05-25-b_3512969.0-3521883.0.wav,ZWZ835,"milauac yen neh oniyayah primaria Adan oyaya preescolar ne Omitlán ocatca Victor uan Ulises, Xaltatempa ocatca ocsiqueh",tetelancingo,,tetelancingo
tetelancingo_nahuatl/audios/speaker1_Tetel_Narra_ZWZ835_WWT836_2022-05-25-b_3525897.0-3538612.0.wav,ZWZ835,ica non quihtoua nomaman quihtoua mox se viaje cuando oyaya nocniu Federico nen oyaya nen Xaltatempa secundaria quihtoua yeh milauac ocmacayah ye seis pesos diarios seis pesos,tetelancingo,,tetelancingo
tetelancingo_nahuatl/audios/speaker1_Tetel_Narra_ZWZ835_WWT836_2022-05-25-b_3539383.0-3554269.0.wav,ZWZ835,seis pesos quihtoua pues ya tlen tonal uan milauac oquintlaxcaltoctaya yi quemeh axan topiluan quihtoua omeuaya las cuatro de la mañana ica non quihtoua yeh oquichiuileh daño quihtoua las cuatro de la mañana uan amo cah amo cah este couitl tlen uauaqui nochi silic,tetelancingo,,tetelancingo
tetelancingo_nahuatl/audios/speaker1_Tetel_Narra_ZWZ835_WWT836_2022-05-25-b_3554769.0-3570626.0.wav,ZWZ835,quihtoa de tiotlac quitlalia nen couitl ma quemeh mamatlihtliuaqui uan para cualcan xotlas quihtoua ohcon omeuaya quinchihchiuilia in tlaxcal ihtacatzitzin a veces quihtoua occhiuaya quemeh axan momaman quichiua tlaoyo ohcon a veces mas ihticococ de itzintli,tetelancingo,,tetelancingo
tetelancingo_nahuatl/audios/speaker1_Tetel_Narra_ZWZ835_WWT836_2022-05-25-b_3570898.0-3584153.0.wav,ZWZ835,quihtoua ohcon oquinpatilihtaya oquinmandaruilaya in tlaxcal uan de de gastos seis pesos pues quihtoua nen pues nopapan yeh otiquitiya pero milauac como ocmilauac se miac quihtoua hasta amo oahsiya,tetelancingo,,tetelancingo
tetelancingo_nahuatl/audios/speaker1_Tetel_Narra_ZWZ835_WWT836_2022-05-25-b_3584565.0-3593531.0.wav,ZWZ835,uan quihtoua mox se viaje quihtoua cuali quilnamictoc se diez de Efren uan mox nen nocniu quiluia axan axan mayoui porque yehuan mox occhihchiuqueh tlenoh,tetelancingo,,tetelancingo
tetelancingo_nahuatl/audios/speaker1_Tetel_Narra_ZWZ835_WWT836_2022-05-25-b_3607067.0-3619827.0.wav,ZWZ835,"quihtoua porque diez de Efren nochten ompa isqueh innanauan uan a poco yeh isel, quihtoua nomaman yeh amo ocpiyaya por Dios nion se peso quihtoua nion se peso quihtoua milauac quiluia tata yeh tiniqui ma ah uan mox ihcuac Adan ocatca neneh",tetelancingo,,tetelancingo
tetelancingo_nahuatl/audios/speaker1_Tetel_Narra_ZWZ835_WWT836_2022-05-25-b_3632348.0-3640158.0.wav,ZWZ835,"octlaleh, octemoh miac pretextos para amo yas uan nocniu yeh amo yeh hasta yi motlancuaquitza trato mayoui uan mayoui",tetelancingo,,tetelancingo
tetelancingo_nahuatl/audios/speaker1_Tetel_Narra_ZWZ835_WWT836_2022-05-25-b_3651718.0-3662448.0.wav,ZWZ835,"cahcoctaya ocahcoctaya mox oahsic nomaman quihtoua milauac yeh hasta quihtoua ompa milauac hasta otlauelchocac quihtoua mox oahsic uan nocniu yoqui... yoquitac yoahsic ne, yeh Federico",tetelancingo,,tetelancingo
tetelancingo_nahuatl/audios/speaker1_Tetel_Narra_ZWZ835_WWT836_2022-05-25-b_3663168.0-3674568.0.wav,ZWZ835,"quihtoua oahsic neh nomaman mox no hasta paqui hasta yoyah mox yocuicac tienda quiluia tlenoh toconniqui ma, mox quihtoua uan quihtoua mox ompa ocrefrescoueh mox oquistacoueh",tetelancingo,,tetelancingo
tetelancingo_nahuatl/audios/speaker1_Tetel_Narra_ZWZ835_WWT836_2022-05-25-b_3675052.0-3687434.0.wav,ZWZ835,"uan mox xapoh occouileh, quihtoua mox hasta milauac quihtoua hasta ochocac quihtoua mox milauac hasta ne mox nopapa mox cuali albañil tlenoh quihtoua in uan mox hasta milauac ohcon ocpasaroh",tetelancingo,,tetelancingo
tetelancingo_nahuatl/audios/speaker1_Tetel_Narra_ZWZ835_WWT836_2022-05-25-b_3688606.0-3690856.0.wav,ZWZ835,ohcon quihtoua uan neh ohcon quihtoua,tetelancingo,,tetelancingo
tetelancingo_nahuatl/audios/speaker1_Tetel_Narra_ZWZ835_WWT836_2022-05-25-b_3691398.0-3696632.0.wav,ZWZ835,pues yehuatl lugar yehuatl milauac quicouilis iconeu yeh nocniu occouileh,tetelancingo,,tetelancingo
tetelancingo_nahuatl/audios/speaker1_Tetel_Narra_ZWZ835_WWT836_2022-05-25-b_3697448.0-3704840.0.wav,ZWZ835,ica non ohcon a veces san quilnamiqui hasta nocniu mox quilnamiqui quilnamiqui uan nen ohcon mox a veces quemeh choca quihtoua pues,tetelancingo,,tetelancingo
tetelancingo_nahuatl/audios/speaker1_Tetel_Narra_ZWZ835_WWT836_2022-05-25-b_3705373.0-3706806.0.wav,ZWZ835,quen ocsufrirohqueh,tetelancingo,,tetelancingo
tetelancingo_nahuatl/audios/speaker1_Tetel_Narra_ZWZ835_WWT836_2022-05-25-b_3726164.0-3744720.0.wav,ZWZ835,"nen quihtoua yi quemeh yi ya quemanian ocatca iluitl ne Omitlán nin otiualpanoqueh Sábado quihtoua momaman mox tiyasqueh quihtoua yeh quiniqui yas quihtoua amo quipiya tomen quihtoua pero mas ica cincuenta pesos cien pesos yeh iluititih niquiluia ay tla tonyas xonyoh neh amo niyas neh amo, yeh mas nicpixtoc quexquichtzin pero",tetelancingo,,tetelancingo
tetelancingo_nahuatl/audios/speaker1_Tetel_Narra_ZWZ835_WWT836_2022-05-25-b_3745309.0-3756176.0.wav,ZWZ835,"tlaxtlah, yeh nen yunteros yotictlaxtlauihqueh niquiluia pero nen Ricardo tlasacas uilica secmacas mas quexquichtzin axan tla milauac nin calaquis semana in gasto",tetelancingo,,tetelancingo
tetelancingo_nahuatl/audios/speaker1_Tetel_Narra_ZWZ835_WWT836_2022-05-25-b_3756609.0-3771298.0.wav,ZWZ835,quiluia tla tonyas xonyoh neh amo niyas milauac nic setlagastarotiu simi simi amo tlen se doscientos pesos niquiluia ohcon nitlanimilihtoc nitlanimilihtoc quihtoua choueh quihtoua choueh mas se ratitito quihtoua tlamo ticpiya tomen,tetelancingo,,tetelancingo
tetelancingo_nahuatl/audios/speaker1_Tetel_Narra_ZWZ835_WWT836_2022-05-25-b_3771631.0-3783253.0.wav,ZWZ835,mas semotlatlaneuis niquiluia aquin nitlaneuilis nimotlatlaneuihtiquisas Omitlán ichan Humberto niiluititi niualas ehcos Maximino niquiluis neh nitlauica quihtos tlenoh ica niquiluis ica onifiestahtito,tetelancingo,,tetelancingo
tetelancingo_nahuatl/audios/speaker1_Tetel_Narra_ZWZ835_WWT836_2022-05-25-b_3784142.0-3790042.0.wav,ZWZ835,ah nis ihcon nimoninimilia ah niquiluia ah pues choueh niquiluia pues chuueh tla,tetelancingo,,tetelancingo
tetelancingo_nahuatl/audios/speaker1_Tetel_Narra_ZWZ835_WWT836_2022-05-25-b_3790920.0-3804842.0.wav,ZWZ835,ix neneh mas se ratitito otiyahqueh uan lo bueno ompa milauac amo neh amo ocatca quemeh quemeh nican quitlalia quinamacah refresco quinamacah tlensa cosas ompa san lo único ocatca sayen neh coctél,tetelancingo,,tetelancingo
tetelancingo_nahuatl/audios/speaker1_Tetel_Narra_ZWZ835_WWT836_2022-05-25-b_3806753.0-3810509.0.wav,ZWZ835,san tzicuintoqueh yoc... san oc ayamo quitlamia se yi ocse quinictoc,tetelancingo,,tetelancingo
tetelancingo_nahuatl/audios/speaker1_Tetel_Narra_ZWZ835_WWT836_2022-05-25-b_3811587.0-3817298.0.wav,ZWZ835,"uan neh, uan tons ompa ocatca san lo único sayen fruta pero a ver noyiuqui patiyoh",tetelancingo,,tetelancingo
tetelancingo_nahuatl/audios/speaker1_Tetel_Narra_ZWZ835_WWT836_2022-05-25-b_3818264.0-3823609.0.wav,ZWZ835,quince pesos elotl doce pesos nen coctel ocsipa oahsic heladero o ompa,tetelancingo,,tetelancingo
tetelancingo_nahuatl/audios/speaker1_Tetel_Narra_ZWZ835_WWT836_2022-05-25-b_3824476.0-3833498.0.wav,ZWZ835,tons neneh san oniquincouileh sayen fruta pero ya la hora de comida pues ompa yeh xa ualtlaapoyaroa municipio ompa refresco ompa yeh nochi gratis,tetelancingo,,tetelancingo
tetelancingo_nahuatl/audios/speaker1_Tetel_Narra_ZWZ835_WWT836_2022-05-25-b_3856798.0-3872231.0.wav,ZWZ835,neh niquilnamiqui nen nomama oc ayamo cachi ocatca omococouaya milauac otlaxicoaya onihnimiya o.... yotiyayah niquilnamictoc ompa nen ompa Noemi ocahsic Eugenio tiquilnamiqui ompa ne,tetelancingo,,tetelancingo
tetelancingo_nahuatl/audios/speaker1_Tetel_Narra_ZWZ835_WWT836_2022-05-25-b_3872453.0-3878353.0.wav,ZWZ835,nepa ahcoic ompa yo... o... ompa iuan onoviarohtoya,tetelancingo,,tetelancingo
tetelancingo_nahuatl/audios/speaker1_Tetel_Narra_ZWZ835_WWT836_2022-05-25-b_3883253.0-3884253.0.wav,ZWZ835,yen Concepcion,tetelancingo,,tetelancingo
tetelancingo_nahuatl/audios/speaker1_Tetel_Narra_ZWZ835_WWT836_2022-05-25-b_3885298.0-3887753.0.wav,ZWZ835,no yocatca chicauac ueueh para yeh,tetelancingo,,tetelancingo
tetelancingo_nahuatl/audios/speaker1_Tetel_Narra_ZWZ835_WWT836_2022-05-25-b_3899976.0-3900753.0.wav,ZWZ835,ica uahcal,tetelancingo,,tetelancingo
tetelancingo_nahuatl/audios/speaker1_Tetel_Narra_ZWZ835_WWT836_2022-05-25-b_3902009.0-3904509.0.wav,ZWZ835,no milauac motelpocau yeh onicuahcal couihqueh,tetelancingo,,tetelancingo
tetelancingo_nahuatl/audios/speaker1_Tetel_Narra_ZWZ835_WWT836_2022-05-25-b_3926431.0-3933553.0.wav,ZWZ835,quihtoua ay que nimotas sec... nicmemehtinimis ohcon mox neh nisanmiguelcatl max neh nizoquitlahcatl neh amo,tetelancingo,,tetelancingo
tetelancingo_nahuatl/audios/speaker1_Tetel_Narra_ZWZ835_WWT836_2022-05-25-b_3934475.0-3939431.0.wav,ZWZ835,otechchiualtaya max maccouili nen uahcal pero amo occhiuileh caso,tetelancingo,,tetelancingo
tetelancingo_nahuatl/audios/speaker1_Tetel_Narra_ZWZ835_WWT836_2022-05-25-b_3966720.0-3969064.0.wav,ZWZ835,nochipa onicnapalohtinimiya,tetelancingo,,tetelancingo
tetelancingo_nahuatl/audios/speaker1_Tetel_Narra_ZWZ835_WWT836_2022-05-25-b_4012162.0-4015707.0.wav,ZWZ835,pero ya tlen tonal milauac mas se quinientos oticxitinaya,tetelancingo,,tetelancingo
tetelancingo_nahuatl/audios/speaker1_Tetel_Narra_ZWZ835_WWT836_2022-05-25-b_4016143.0-4027243.0.wav,ZWZ835,"milauac omitzahsiya para mas tlenoh, uan tiquita tomen oc ompacah tiquita oc ompacah pero axan por Dios san, san xicxitini se quinientos xiyoh in tienda",tetelancingo,,tetelancingo
tetelancingo_nahuatl/audios/speaker1_Tetel_Narra_ZWZ835_WWT836_2022-05-25-b_4027816.0-4037289.0.wav,ZWZ835,san ximocoui se aceite quemeh neh iyeua milauac oniyah san onicmocoueh nohuevo nimocoueh notomau nochi uan no onitlauicaya mati xa diesiocho pesos,tetelancingo,,tetelancingo
tetelancingo_nahuatl/audios/speaker1_Tetel_Narra_ZWZ835_WWT836_2022-05-25-b_4037689.0-4042298.0.wav,ZWZ835,vayi nocambio san treinta y xa san treinta y cinco,tetelancingo,,tetelancingo
tetelancingo_nahuatl/audios/speaker1_Tetel_Narra_ZWZ835_WWT836_2022-05-25-b_4043134.0-4044652.0.wav,ZWZ835,yoyah in cien pesos,tetelancingo,,tetelancingo
tetelancingo_nahuatl/audios/speaker1_Tetel_Narra_ZWZ835_WWT836_2022-05-25-b_4045925.0-4048652.0.wav,ZWZ835,"mox nah miac, miac cosas onicouh amo",tetelancingo,,tetelancingo
tetelancingo_nahuatl/audios/speaker1_Tetel_Narra_ZWZ835_WWT836_2022-05-25-b_4075825.0-4078525.0.wav,ZWZ835,sayen totolin istac ueyi totolin,tetelancingo,,tetelancingo
tetelancingo_nahuatl/audios/speaker1_Tetel_Narra_ZWZ835_WWT836_2022-05-25-b_4085980.0-4086707.0.wav,ZWZ835,xa amo,tetelancingo,,tetelancingo
tetelancingo_nahuatl/audios/speaker1_Tetel_Narra_ZWZ835_WWT836_2022-05-25-b_4097598.0-4107298.0.wav,ZWZ835,neh se viaje cuando se viaje cuando queh noTere ocatca conegatl uan mati xamona tehuatl oticuicaca yen Feli uan nican Asuncioncito ocuicac yen neh Paula,tetelancingo,,tetelancingo
tetelancingo_nahuatl/audios/speaker1_Tetel_Narra_ZWZ835_WWT836_2022-05-25-b_4108152.0-4117716.0000000005.wav,ZWZ835,uan ompa onimechahsito Omitlán neh onicuicaya uahcal ya de regreso namouan oniuala uan yeh onechtlaneuteh uahcal yen Trinidad piyaya uahcal onechtlaneuteh,tetelancingo,,tetelancingo
tetelancingo_nahuatl/audios/speaker1_Tetel_Narra_ZWZ835_WWT836_2022-05-25-b_4118206.0-4124115.0.wav,ZWZ835,vayi nimachilia nican nechtzin... milauac sectzinpancocoa milauac oniualah yeh hasta nochi ochichileu,tetelancingo,,tetelancingo
tetelancingo_nahuatl/audios/speaker1_Tetel_Narra_ZWZ835_WWT836_2022-05-25-b_4124935.9999999995-4126229.0000000005.wav,ZWZ835,como amo semihmatoc,tetelancingo,,tetelancingo
tetelancingo_nahuatl/audios/speaker1_Tetel_Narra_ZWZ835_WWT836_2022-05-25-b_4127252.9999999995-4129783.0000000005.wav,ZWZ835,uan nimachilia ueyi maleta nicualica,tetelancingo,,tetelancingo
tetelancingo_nahuatl/audios/speaker1_Tetel_Narra_ZWZ835_WWT836_2022-05-25-b_4133098.0-4134313.0.wav,ZWZ835,xa yo... milauac yo...,tetelancingo,,tetelancingo
tetelancingo_nahuatl/audios/speaker1_Tetel_Narra_ZWZ835_WWT836_2022-05-25-b_4134975.0000000005-4136337.0000000005.wav,ZWZ835,yomihmatqueh ica,tetelancingo,,tetelancingo
tetelancingo_nahuatl/audios/speaker1_Tetel_Narra_ZWZ835_WWT836_2022-05-25-b_4139559.0-4140559.0.wav,ZWZ835,nochi ica uahcal,tetelancingo,,tetelancingo
tetelancingo_nahuatl/audios/speaker1_Tetel_Narra_ZWZ835_WWT836_2022-05-25-b_4141683.0-4143328.9999999995.wav,ZWZ835,yeh se uahcal xa no patiyoh,tetelancingo,,tetelancingo
tetelancingo_nahuatl/audios/speaker1_Tetel_Narra_ZWZ835_WWT836_2022-05-25-b_4151760.0-4152975.0000000005.wav,ZWZ835,simi patiyoh,tetelancingo,,tetelancingo
tetelancingo_nahuatl/audios/speaker1_Tetel_Narra_ZWZ835_WWT836_2022-05-25-b_4163299.0-4164305.9999999995.wav,ZWZ835,mox timotimas,tetelancingo,,tetelancingo
tetelancingo_nahuatl/audios/speaker1_Tetel_Narra_ZWZ835_WWT836_2022-05-25-b_4175290.0-4176256.9999999995.wav,ZWZ835,amo mochan,tetelancingo,,tetelancingo
tetelancingo_nahuatl/audios/speaker1_Tetel_Narra_ZWZ835_WWT836_2022-05-25-b_4177398.0-4179831.0.wav,ZWZ835,acmo ticmachilia acmo cuali,tetelancingo,,tetelancingo
tetelancingo_nahuatl/audios/speaker1_Tetel_Narra_ZWZ835_WWT836_2022-05-25-b_4190430.9999999995-4191290.0.wav,ZWZ835,yeh acmo,tetelancingo,,tetelancingo
tetelancingo_nahuatl/audios/speaker1_Tetel_Narra_ZWZ835_WWT836_2022-05-25-b_4191898.0-4200657.0.wav,ZWZ835,axan tlen tonal mox oniquiluihtoya nopapan iuan nimotimatiu yalua nechiluia nomaman quihtoua quemanian nimotimatiu porque nopapa como nomamah yeh amo quixicoa quitima,tetelancingo,,tetelancingo
tetelancingo_nahuatl/audios/speaker1_Tetel_Narra_ZWZ835_WWT836_2022-05-25-b_4201198.0-4204531.0.wav,ZWZ835,quiniqui motimas ich in iicxiuan quimachilia quicocouah,tetelancingo,,tetelancingo
tetelancingo_nahuatl/audios/speaker1_Tetel_Narra_ZWZ835_WWT836_2022-05-25-b_4205443.0-4215234.0.wav,ZWZ835,"a ver quemanian niahcotlacoloti a ver ixnechmaca tiempo sábado porque axan Mier..., o mostla niahcotlacoloti niquiluis Carolina tla amo isqui clases Viernes",tetelancingo,,tetelancingo
tetelancingo_nahuatl/audios/speaker1_Tetel_Narra_ZWZ835_WWT836_2022-05-25-b_4215798.0-4217953.0.wav,ZWZ835,nen mas ihcuac nitlapahpacas,tetelancingo,,tetelancingo
tetelancingo_nahuatl/audios/speaker1_Tetel_Narra_ZWZ835_WWT836_2022-05-25-b_4219226.0-4220326.0.wav,ZWZ835,ye nehuatl,tetelancingo,,tetelancingo
tetelancingo_nahuatl/audios/speaker1_Tetel_Narra_ZWZ835_WWT836_2022-05-25-b_4231197.0-4236307.0.wav,ZWZ835,mox hasta amo siyoui nen hasta amo siyoui nen tlapiyal ohcon cuicah,tetelancingo,,tetelancingo
tetelancingo_nahuatl/audios/speaker1_Tetel_Narra_ZWZ835_WWT836_2022-05-25-b_4237862.0-4244134.0.wav,ZWZ835,"miac, milauac sican tlen milauac miac neneh miac tomen yoquinmacac",tetelancingo,,tetelancingo
tetelancingo_nahuatl/audios/speaker1_Tetel_Narra_ZWZ835_WWT836_2022-05-25-b_4244870.0-4250825.0.wav,ZWZ835,quesqui xiuitl quipiya de milauac de quipixtoqueh desde cuando yaquin ocalac nen tiquiuahc Ricardo,tetelancingo,,tetelancingo
tetelancingo_nahuatl/audios/speaker1_Tetel_Narra_ZWZ835_WWT836_2022-05-25-b_4251934.0-4256116.0.wav,ZWZ835,"uan yeh cuando ocalac tiquiuahc oquichiu xa queh, xa queh macuil xiuitl xamo",tetelancingo,,tetelancingo
tetelancingo_nahuatl/audios/speaker1_Tetel_Narra_ZWZ835_WWT836_2022-05-25-b_4257262.0-4258907.0.wav,ZWZ835,macuil xiuitl uan nin omi,tetelancingo,,tetelancingo
tetelancingo_nahuatl/audios/speaker1_Tetel_Narra_ZWZ835_WWT836_2022-05-25-b_4259916.0-4260825.0.wav,ZWZ835,quesqui,tetelancingo,,tetelancingo
tetelancingo_nahuatl/audios/speaker1_Tetel_Narra_ZWZ835_WWT836_2022-05-25-b_4262434.0-4266761.0.wav,ZWZ835,uan yeh amo mati xamonan de antes calaquis mati yeh de por sí yocpixtoya necan tlapiyal,tetelancingo,,tetelancingo
tetelancingo_nahuatl/audios/speaker1_Tetel_Narra_ZWZ835_WWT836_2022-05-25-b_4273034.0-4275480.0.wav,ZWZ835,ah sí casi nochipa ocpiyaya tiquitl,tetelancingo,,tetelancingo
tetelancingo_nahuatl/audios/speaker1_Tetel_Narra_ZWZ835_WWT836_2022-05-25-b_4289207.0-4296116.0.wav,ZWZ835,quihtouah mox tlauana tehuan ya xa nin otiualpanoqueh Diciembre uan momaman oyah templo,tetelancingo,,tetelancingo
tetelancingo_nahuatl/audios/speaker1_Tetel_Narra_ZWZ835_WWT836_2022-05-25-b_4297098.0-4306589.0.wav,ZWZ835,"ah amo mentira, oyah ne tlaniuic ocmictito ichcatl tiquilnamiqui, uan tons ompa neh onimocau nicchupaoutoc siqui ipatlachtl nictlapihpinihtoc como otiquiluihqueh nen",tetelancingo,,tetelancingo
tetelancingo_nahuatl/audios/speaker1_Tetel_Narra_ZWZ835_WWT836_2022-05-25-b_4306952.0-4311343.0.wav,ZWZ835,totlatzin Ricardo mox ticnamaquiltisquia nican mox Ezequiel tlen itoocaa,tetelancingo,,tetelancingo
tetelancingo_nahuatl/audios/speaker1_Tetel_Narra_ZWZ835_WWT836_2022-05-25-b_4311843.0-4315343.0.wav,ZWZ835,uan como ipa quipiya palanquitzi mox tictlachipauilihtoqueh,tetelancingo,,tetelancingo
tetelancingo_nahuatl/audios/speaker1_Tetel_Narra_ZWZ835_WWT836_2022-05-25-b_4316325.0-4320816.0.wav,ZWZ835,uan niquiluia momamah niquiluia tla yas mayoui neh nicpihpinilis nen nicchupauas nen itl,tetelancingo,,tetelancingo
tetelancingo_nahuatl/audios/speaker1_Tetel_Narra_ZWZ835_WWT836_2022-05-25-b_4321207.0-4328616.0.wav,ZWZ835,"uan tons Florencia xa iuan omensajearohtoya que ni... non tiquita yoahsic nen, yoahsic Esteban pero yeh ipa ixuintitiu",tetelancingo,,tetelancingo
tetelancingo_nahuatl/audios/speaker1_Tetel_Narra_ZWZ835_WWT836_2022-05-25-b_4329343.0-4332980.0.wav,ZWZ835,yoahsic ohcon tisictic sayeh icamiseta quipixtoc,tetelancingo,,tetelancingo
tetelancingo_nahuatl/audios/speaker1_Tetel_Narra_ZWZ835_WWT836_2022-05-25-b_4335398.0-4339580.0.wav,ZWZ835,uan ompa neh technextilihtoc videos quen mox mograbaroa milauac uintitoc,tetelancingo,,tetelancingo
tetelancingo_nahuatl/audios/speaker1_Tetel_Narra_ZWZ835_WWT836_2022-05-25-b_4340198.0-4343115.0.wav,ZWZ835,tla mihtotihtoc o uintitoc mograbarohtoc,tetelancingo,,tetelancingo
tetelancingo_nahuatl/audios/speaker1_Tetel_Narra_ZWZ835_WWT836_2022-05-25-b_4343723.0-4352340.0.wav,ZWZ835,uan niquihtoua ompa youal yo... ohcon yo... yopeu ualtimoua yeh tlacah nican esquina campa tipiya llave de paso ompa oquicau icerveza,tetelancingo,,tetelancingo
tetelancingo_nahuatl/audios/speaker1_Tetel_Narra_ZWZ835_WWT836_2022-05-25-b_4357981.0-4358723.0.wav,ZWZ835,quemah,tetelancingo,,tetelancingo
tetelancingo_nahuatl/audios/speaker1_Tetel_Narra_ZWZ835_WWT836_2022-05-25-b_4361844.0-4362813.0.wav,ZWZ835,mati,tetelancingo,,tetelancingo
tetelancingo_nahuatl/audios/speaker1_Tetel_Narra_ZWZ835_WWT836_2022-05-25-b_4364252.0-4369213.0.wav,ZWZ835,"ohcon neneh, ohcon nen mati axan queni isqui",tetelancingo,,tetelancingo
tetelancingo_nahuatl/audios/speaker1_Tetel_Narra_ZWZ835_WWT836_2022-05-25-b_4372914.0-4376337.0.wav,ZWZ835,yo ocsipa yoehcoc Abraham xa oquintlalito milauac yen expresores,tetelancingo,,tetelancingo
tetelancingo_nahuatl/audios/speaker1_Tetel_Narra_ZWZ835_WWT836_2022-05-25-b_4379083.0-4381029.0.wav,ZWZ835,yeh otlalito expresores para ne,tetelancingo,,tetelancingo
tetelancingo_nahuatl/audios/speaker1_Tetel_Narra_ZWZ835_WWT836_2022-05-25-b_4381960.0-4384875.0.wav,ZWZ835,pues como milauac ueyi pedazo pues san quinmihcuanihtiu,tetelancingo,,tetelancingo
tetelancingo_nahuatl/audios/speaker1_Tetel_Narra_ZWZ835_WWT836_2022-05-25-b_4392127.0-4398991.0.wav,ZWZ835,quihtoua momaman teh ne ahcoic milauac ipa xiutla ica non niquiluihtoc mostla tiyoueh ne tlaniuic uan a lo mejor timitzpaleuisqueh nen ahorita tiualehcosqueh,tetelancingo,,tetelancingo
tetelancingo_nahuatl/audios/speaker1_Tetel_Narra_ZWZ835_WWT836_2022-05-25-b_4399506.0-4402706.0.wav,ZWZ835,"mas se rueda, se ratitito xamo techmacas tiempo",tetelancingo,,tetelancingo
tetelancingo_nahuatl/audios/speaker1_Tetel_Narra_ZWZ835_WWT836_2022-05-25-b_4403698.0-4409437.0.wav,ZWZ835,"ya que amo escuela coconeh, uan neh mas seguro mostla acmo nictlamacas maestra como yi yas",tetelancingo,,tetelancingo
tetelancingo_nahuatl/audios/speaker1_Tetel_Narra_ZWZ835_WWT836_2022-05-25-b_4420534.0-4422861.0.wav,ZWZ835,neh ocnechcocohtoc noma campa onimatipicheh,tetelancingo,,tetelancingo
tetelancingo_nahuatl/audios/speaker1_Tetel_Narra_ZWZ835_WWT836_2022-05-25-b_4424689.0-4426962.0.wav,ZWZ835,queh non siltentoc xa yeh noomiyo,tetelancingo,,tetelancingo
tetelancingo_nahuatl/audios/speaker1_Tetel_Narra_ZWZ835_WWT836_2022-05-25-b_4437079.0-4442806.0.wav,ZWZ835,mas nen chicauac ica in pico pero timononotztiueh tiuiuitzcatiueh yeh hasta amo timateh quenih panoua hora,tetelancingo,,tetelancingo
tetelancingo_nahuatl/audios/speaker1_Tetel_Narra_ZWZ835_WWT836_2022-05-25-b_4443616.0-4445407.0.wav,ZWZ835,tlen san totlanonotz,tetelancingo,,tetelancingo
tetelancingo_nahuatl/audios/speaker1_Tetel_Narra_ZWZ835_WWT836_2022-05-25-b_4455709.0-4463264.0.wav,ZWZ835,"mox según otlacomunicaroh mox las doce a ver mox milauac non hora, quihtos se hora uan yeh después de dos horas",tetelancingo,,tetelancingo
tetelancingo_nahuatl/audios/speaker1_Tetel_Narra_ZWZ835_WWT836_2022-05-25-b_4476042.0-4484242.0.wav,ZWZ835,xa amo quiniqueh sayen nen technonotzaquiu quenin de tlenoh este de tlenoh,tetelancingo,,tetelancingo
tetelancingo_nahuatl/audios/speaker1_Tetel_Narra_ZWZ835_WWT836_2022-05-25-b_4484909.0-4496264.0.wav,ZWZ835,tlen quenin quenin secmacatosqueh mox tla despensa o quenin cada tlen tiempo o xa tech... ahora sí technonotzaquiu quenin tlenoh cualica,tetelancingo,,tetelancingo
tetelancingo_nahuatl/audios/speaker1_Tetel_Narra_ZWZ835_WWT836_2022-05-25-b_4497242.0-4507820.0.wav,ZWZ835,"uan tons tla tehuan tic... ticdecidirosqueh tla tla quemah ti..., techconveniroua quemah secalaquis uan tla amo pues xa, xa amo titemaca mocopia xa",tetelancingo,,tetelancingo
tetelancingo_nahuatl/audios/speaker1_Tetel_Narra_ZWZ835_WWT836_2022-05-25-b_4515497.0-4518586.0.wav,ZWZ835,cualtzin xotla mimixpachiu amati momaman mox oquinquixteh ichcauan,tetelancingo,,tetelancingo
tetelancingo_nahuatl/audios/speaker1_Tetel_Narra_ZWZ835_WWT836_2022-05-25-b_4519986.0-4522431.0.wav,ZWZ835,oquihtoh mox quinpihpiyati mas se horahtzin,tetelancingo,,tetelancingo
tetelancingo_nahuatl/audios/speaker1_Tetel_Narra_ZWZ835_WWT836_2022-05-25-b_4523709.0-4524586.0.wav,ZWZ835,xa ompa,tetelancingo,,tetelancingo
tetelancingo_nahuatl/audios/speaker1_Tetel_Narra_ZWZ835_WWT836_2022-05-25-b_4538131.0-4540820.0.wav,ZWZ835,yehuan tla amo mauiltiah quimachiliah amo cuali,tetelancingo,,tetelancingo
tetelancingo_nahuatl/audios/speaker1_Tetel_Narra_ZWZ835_WWT836_2022-05-25-b_4542620.0-4544531.0.wav,ZWZ835,oticatcah in tehuan o cachi peor,tetelancingo,,tetelancingo
tetelancingo_nahuatl/audios/speaker1_Tetel_Narra_ZWZ835_WWT836_2022-05-25-b_4548209.0-4557965.0.wav,ZWZ835,"niquilnamiqui neneh, niquilnamiqui o neneh tehuan siempre otimonilouayah iuan nepa ahcoic cuando oc nican ocatcah oc ayamo oyayah",tetelancingo,,tetelancingo
tetelancingo_nahuatl/audios/speaker1_Tetel_Narra_ZWZ835_WWT836_2022-05-25-b_4559131.0-4571475.0.wav,ZWZ835,"otimonilouayah otimaouiltiah tlamo nepa yehuan ualtimouah uan tehuan tiahcotlehco nepa ich melga, ompa timo..., ompa timotayah, mauiltayah tzocotzin timauiltiyah tzocotzin timo...",tetelancingo,,tetelancingo
tetelancingo_nahuatl/audios/speaker1_Tetel_Narra_ZWZ835_WWT836_2022-05-25-b_4571920.0-4575120.0.wav,ZWZ835,timomagah pero ohcon,tetelancingo,,tetelancingo
tetelancingo_nahuatl/audios/speaker1_Tetel_Narra_ZWZ835_WWT836_2022-05-25-b_4583042.0-4584553.0.wav,ZWZ835,quemeh tlen tlauanqueh,tetelancingo,,tetelancingo
tetelancingo_nahuatl/audios/speaker1_Tetel_Narra_ZWZ835_WWT836_2022-05-25-b_4607875.0-4613431.0.wav,ZWZ835,quen quihtoua nen moNeri quihtoua como yeh yocahxiteh doce años acmo quipiya para ticmagas,tetelancingo,,tetelancingo
tetelancingo_nahuatl/audios/speaker1_Tetel_Narra_ZWZ835_WWT836_2022-05-25-b_4614930.0-4619130.0.wav,ZWZ835,trato lo que tlen quihtos yehuatl quichiuas,tetelancingo,,tetelancingo
tetelancingo_nahuatl/audios/speaker1_Tetel_Narra_ZWZ835_WWT836_2022-05-25-b_4628380.0-4632296.0.wav,ZWZ835,"amo, uan ocse yeh amo tlen mitziluia",tetelancingo,,tetelancingo
tetelancingo_nahuatl/audios/speaker1_Tetel_Narra_ZWZ835_WWT836_2022-05-25-b_4636440.0-4642797.0.wav,ZWZ835,tiquihtoua sayen neh nis hasta quemeh motlanquilochcua hasta mochichinoa de coraje,tetelancingo,,tetelancingo
tetelancingo_nahuatl/audios/speaker1_Tetel_Narra_ZWZ835_WWT836_2022-05-25-b_4647440.0-4654097.0.wav,ZWZ835,"amo, neh catca neh noTere nis neh nicahuas nis hasta yomoualtenicuiloh",tetelancingo,,tetelancingo
tetelancingo_nahuatl/audios/speaker1_Tetel_Narra_ZWZ835_WWT836_2022-05-25-b_4654940.0-4658912.0.wav,ZWZ835,yi quemanian milauac onechcualaneh oniquixtiuitic ica in zapato,tetelancingo,,tetelancingo
tetelancingo_nahuatl/audios/speaker1_Tetel_Narra_ZWZ835_WWT836_2022-05-25-b_4659983.0-4662026.0.wav,ZWZ835,niquiluia amo ohcon macchiua,tetelancingo,,tetelancingo
tetelancingo_nahuatl/audios/speaker1_Tetel_Narra_ZWZ835_WWT836_2022-05-25-b_4662826.0-4670883.0.wav,ZWZ835,"niquiluia axan xitzicuini xiyoh ximotelueh quihtoua acmo, acmo moteluis quihtoua tla nicmaga nicahua yeh por ibien",tetelancingo,,tetelancingo
tetelancingo_nahuatl/audios/speaker1_Tetel_Narra_ZWZ835_WWT836_2022-05-25-b_4688440.0-4689125.0.wav,ZWZ835,quemah,tetelancingo,,tetelancingo
tetelancingo_nahuatl/audios/speaker1_Tetel_Narra_ZWZ835_WWT836_2022-05-25-b_4691669.0-4693540.0.wav,ZWZ835,milauac yo... yoyah in tonaltzin,tetelancingo,,tetelancingo
tetelancingo_nahuatl/audios/speaker1_Tetel_Narra_ZWZ835_WWT836_2022-05-25-b_4697840.0-4700740.0.wav,ZWZ835,motlalia mixtli tliltic uan ocsipa san youi,tetelancingo,,tetelancingo
tetelancingo_nahuatl/audios/speaker1_Tetel_Narra_ZWZ835_WWT836_2022-05-25-b_4706325.0-4707340.0.wav,ZWZ835,mati,tetelancingo,,tetelancingo
tetelancingo_nahuatl/audios/speaker1_Tetel_Narra_ZWZ835_WWT836_2022-05-25-b_4724754.0-4731654.0.wav,ZWZ835,quen niquilnamictoc cuando tlahchinol ic nepa Omitlán xa yi quipiya quemeh híjole xa queh cuatro años xa,tetelancingo,,tetelancingo
tetelancingo_nahuatl/audios/speaker1_Tetel_Narra_ZWZ835_WWT836_2022-05-25-b_4733054.0-4737397.0.wav,ZWZ835,ohcon otlahchinolouac ihcuac nomama omococoh uan oticuicaqueh ica youal,tetelancingo,,tetelancingo
tetelancingo_nahuatl/audios/speaker1_Tetel_Narra_ZWZ835_WWT836_2022-05-25-b_4737897.0-4738954.0.wav,ZWZ835,uan neneh,tetelancingo,,tetelancingo
tetelancingo_nahuatl/audios/speaker1_Tetel_Narra_ZWZ835_WWT836_2022-05-25-b_4740702.0-4745216.0.wav,ZWZ835,pues yeh como quemeh milauac de por sí quipiya este quemeh mox asma,tetelancingo,,tetelancingo
tetelancingo_nahuatl/audios/speaker1_Tetel_Narra_ZWZ835_WWT836_2022-05-25-b_4746053.0-4761621.0.wav,ZWZ835,"uan tons este oticuicaqueh, uan neh ihcuac non fechas niquilnamictoc nican Omitlán tlacpac nican Soloncuatlouhco hasta tlacpac nochi ocatca ocsipa nican icompa nimehuan namotipancal ocatca",tetelancingo,,tetelancingo
tetelancingo_nahuatl/audios/speaker1_Tetel_Narra_ZWZ835_WWT836_2022-05-25-b_4762513.0-4766175.0.wav,ZWZ835,nochi ocatca neneh nochi hasta queh nochi ticol,tetelancingo,,tetelancingo
tetelancingo_nahuatl/audios/speaker1_Tetel_Narra_ZWZ835_WWT836_2022-05-25-b_4767093.0-4769593.0.wav,ZWZ835,mox no hasta cualtzin omotaya nochi tlanaliutoc,tetelancingo,,tetelancingo
tetelancingo_nahuatl/audios/speaker1_Tetel_Narra_ZWZ835_WWT836_2022-05-25-b_4772135.0-4774891.0.wav,ZWZ835,ihcuac opauitzqueh hasta ne Tipeyolohco,tetelancingo,,tetelancingo
tetelancingo_nahuatl/audios/speaker1_Tetel_Narr_QUZ839_TTA838_2022-08-08-a_14110.0-20666.0.wav,QUZ839,pues este quemah nechpactia neneh tipiyasqueh se tlanonotztl de non,tetelancingo,,tetelancingo
tetelancingo_nahuatl/audios/speaker1_Tetel_Narr_QUZ839_TTA838_2022-08-08-a_21740.0-28518.0.wav,QUZ839,cualtzin se trabajo cualtzin este pero pues mas que nada,tetelancingo,,tetelancingo
tetelancingo_nahuatl/audios/speaker1_Tetel_Narr_QUZ839_TTA838_2022-08-08-a_29232.0-38232.0.wav,QUZ839,amati quemeh de tlen tipo de cali ticniqui timatis o tipiyah tiempo timononotzasqueh de quenin mochihchiua se cali,tetelancingo,,tetelancingo
tetelancingo_nahuatl/audios/speaker1_Tetel_Narr_QUZ839_TTA838_2022-08-08-a_39593.0-44393.0.wav,QUZ839,este amati mox titlahtlani quemeh lo que es de loza,tetelancingo,,tetelancingo
tetelancingo_nahuatl/audios/speaker1_Tetel_Narr_QUZ839_TTA838_2022-08-08-a_45080.0-55858.0.wav,QUZ839,"o de se tejado o de se lamina, o de lamina porque nochi non nochi non quipiya de o sea quipiya de motas",tetelancingo,,tetelancingo
tetelancingo_nahuatl/audios/speaker1_Tetel_Narr_QUZ839_TTA838_2022-08-08-a_56475.0-63375.0.wav,QUZ839,desde cuando mopeualtis se cali masequihto tla neh nechiluisqueh ey ticchihchiuasqueh se cabaña,tetelancingo,,tetelancingo
tetelancingo_nahuatl/audios/speaker1_Tetel_Narr_QUZ839_TTA838_2022-08-08-a_64310.0-69176.0.wav,QUZ839,nicpiya de nimomacas idea tzocotzin quenin youi se cabaña,tetelancingo,,tetelancingo
tetelancingo_nahuatl/audios/speaker1_Tetel_Narr_QUZ839_TTA838_2022-08-08-a_70240.0-77751.0.wav,QUZ839,uan tla nechiluisqueh chihchiuasqueh se cali este habitacional para familia,tetelancingo,,tetelancingo
tetelancingo_nahuatl/audios/speaker1_Tetel_Narr_QUZ839_TTA838_2022-08-08-a_79290.0-84979.0.wav,QUZ839,noual nicniqui nicmatis tla mocontemplarohtoc para dos pisos,tetelancingo,,tetelancingo
tetelancingo_nahuatl/audios/speaker1_Tetel_Narr_QUZ839_TTA838_2022-08-08-a_85842.0-89776.0.wav,QUZ839,o san para se piso uan tlenoh ica quipantzacuasqueh,tetelancingo,,tetelancingo
tetelancingo_nahuatl/audios/speaker1_Tetel_Narr_QUZ839_TTA838_2022-08-08-a_92994.0-93872.0.wav,QUZ839,loza,tetelancingo,,tetelancingo
tetelancingo_nahuatl/audios/speaker1_Tetel_Narr_QUZ839_TTA838_2022-08-08-a_103765.0-108987.0.wav,QUZ839,quemah pues xiquita matimononotzacan tzocotzin sobre se cali,tetelancingo,,tetelancingo
tetelancingo_nahuatl/audios/speaker1_Tetel_Narr_QUZ839_TTA838_2022-08-08-a_110616.0-116771.0.wav,QUZ839,este nican ticateh itich toaltipetl Tetelancingo Zacatlan Puebla,tetelancingo,,tetelancingo
tetelancingo_nahuatl/audios/speaker1_Tetel_Narr_QUZ839_TTA838_2022-08-08-a_117577.0-119288.0.wav,QUZ839,lugar campa neneh,tetelancingo,,tetelancingo
tetelancingo_nahuatl/audios/speaker1_Tetel_Narr_QUZ839_TTA838_2022-08-08-a_121085.0-128363.0.wav,QUZ839,tipiyah tehuan tiricos de puro titl pos eso casi casi quihtoa toaltepetl tetelancingo,tetelancingo,,tetelancingo
tetelancingo_nahuatl/audios/speaker1_Tetel_Narr_QUZ839_TTA838_2022-08-08-a_129931.00000000001-132787.0.wav,QUZ839,catqui miac titl uan para se cali mochiuas,tetelancingo,,tetelancingo
tetelancingo_nahuatl/audios/speaker1_Tetel_Narr_QUZ839_TTA838_2022-08-08-a_140810.0-147120.0.wav,QUZ839,"catqui se tipo de titl, tiyoh para nepa tipan tlahco atentl catqui oc se titl",tetelancingo,,tetelancingo
tetelancingo_nahuatl/audios/speaker1_Tetel_Narr_QUZ839_TTA838_2022-08-08-a_148200.0-154090.0.wav,QUZ839,"nican centro catqui oc se titl amo, amo igualito amo lo mismo, amo lo mismo",tetelancingo,,tetelancingo
tetelancingo_nahuatl/audios/speaker1_Tetel_Narr_QUZ839_TTA838_2022-08-08-a_155350.0-157190.0.wav,QUZ839,catqui exactamente,tetelancingo,,tetelancingo
tetelancingo_nahuatl/audios/speaker1_Tetel_Narr_QUZ839_TTA838_2022-08-08-a_158185.0-161195.0.wav,QUZ839,pues tehuan como nican tiricos ica titl,tetelancingo,,tetelancingo
tetelancingo_nahuatl/audios/speaker1_Tetel_Narr_QUZ839_TTA838_2022-08-08-a_162165.0-170285.0.wav,QUZ839,"ticmomacah in gusto de, lujo de nin titl amo uan nicanati o nicualica yen nicanca cachi cuacualtzin",tetelancingo,,tetelancingo
tetelancingo_nahuatl/audios/speaker1_Tetel_Narr_QUZ839_TTA838_2022-08-08-a_171775.0-182785.0.wav,QUZ839,pero campa amo catqui quicoah sa yen pues tlen quinamaquiltiah mas tohtolontic amo cuahcualtzin pero quicoah uan ye non quitlaliah itich in cimientos,tetelancingo,,tetelancingo
tetelancingo_nahuatl/audios/speaker1_Tetel_Narr_QUZ839_TTA838_2022-08-08-a_183655.0-189135.0.wav,QUZ839,pero para se cali mochihchiua primero mota in lugar,tetelancingo,,tetelancingo
tetelancingo_nahuatl/audios/speaker1_Tetel_Narr_QUZ839_TTA838_2022-08-08-a_194315.0-200355.0.wav,QUZ839,uan motamachiua de acuerdo quenin tetecomeh quiniqueh in cali,tetelancingo,,tetelancingo
tetelancingo_nahuatl/audios/speaker1_Tetel_Narr_QUZ839_TTA838_2022-08-08-a_201430.0-207940.0.wav,QUZ839,"uan motrazaroua, modibujaroua in cali modibujaroua",tetelancingo,,tetelancingo
tetelancingo_nahuatl/audios/speaker1_Tetel_Narr_QUZ839_TTA838_2022-08-08-a_208810.0-215710.0.wav,QUZ839,itich se libreta itich se este amatl secdibujaroua quenin secniqui,tetelancingo,,tetelancingo
tetelancingo_nahuatl/audios/speaker1_Tetel_Narr_QUZ839_TTA838_2022-08-08-a_216610.0-222330.0.wav,QUZ839,se tlatamachiua a ver mox techmacas medidas una vez ya ticpiyah non,tetelancingo,,tetelancingo
tetelancingo_nahuatl/audios/speaker1_Tetel_Narr_QUZ839_TTA838_2022-08-08-a_223815.0-226315.0.wav,QUZ839,"mopeualtia, pues lo primero tlen mochiua",tetelancingo,,tetelancingo
tetelancingo_nahuatl/audios/speaker1_Tetel_Narr_QUZ839_TTA838_2022-08-08-a_227600.0-232970.0.wav,QUZ839,"mo... motlachcua, motrazaroua mas bien motrazaroua",tetelancingo,,tetelancingo
tetelancingo_nahuatl/audios/speaker1_Tetel_Narr_QUZ839_TTA838_2022-08-08-a_233670.0-237830.0.wav,QUZ839,secpanoltia tehuan sequihtoa reventón y escuadra,tetelancingo,,tetelancingo
tetelancingo_nahuatl/audios/speaker1_Tetel_Narr_QUZ839_TTA838_2022-08-08-a_238750.0-245740.0.wav,QUZ839,motlalia escuadra de acuerdo quenin isqui in cali uan peua motlachcua setlamarcaroua ica in tinixtl,tetelancingo,,tetelancingo
tetelancingo_nahuatl/audios/speaker1_Tetel_Narr_QUZ839_TTA838_2022-08-08-a_247070.0-257329.99999999997.wav,QUZ839,"setlamarcaroua, para mayoui derecho campa setlachcuatiuh secmarcaroua neneh campa yasqueh in columnas secmarcaroua in zapatas",tetelancingo,,tetelancingo
tetelancingo_nahuatl/audios/speaker1_Tetel_Narr_QUZ839_TTA838_2022-08-08-a_258269.99999999997-260339.99999999997.wav,QUZ839,una vez yomotlachcuac nochi,tetelancingo,,tetelancingo
tetelancingo_nahuatl/audios/speaker1_Tetel_Narr_QUZ839_TTA838_2022-08-08-a_262620.0-267580.0.wav,QUZ839,ya peuah mochiuah in zapatas uan columnas,tetelancingo,,tetelancingo
tetelancingo_nahuatl/audios/speaker1_Tetel_Narr_QUZ839_TTA838_2022-08-08-a_269100.0-274980.0.wav,QUZ839,uan zapatas masequihto tla ticchiuasqueh se cali de dos pisos,tetelancingo,,tetelancingo
tetelancingo_nahuatl/audios/speaker1_Tetel_Narr_QUZ839_TTA838_2022-08-08-a_275985.0-284325.0.wav,QUZ839,pues zapatas por minimo tehuan o neh nocaso niquinchiua de uno por uno un metro por un metro,tetelancingo,,tetelancingo
tetelancingo_nahuatl/audios/speaker1_Tetel_Narr_QUZ839_TTA838_2022-08-08-a_285460.0-294380.0.wav,QUZ839,o depende in superficie tla tlalixtl mamochihchiuacan de uno veinte por uno veinte para ohcon cana mayor fuerza,tetelancingo,,tetelancingo
tetelancingo_nahuatl/audios/speaker1_Tetel_Narr_QUZ839_TTA838_2022-08-08-a_296025.0-304435.0.wav,QUZ839,"una vez yomotlalihqueh in zapatas moarmarouah, in columnas sequimicxicohcoloa in barillas uan sequinpantzintlalia",tetelancingo,,tetelancingo
tetelancingo_nahuatl/audios/speaker1_Tetel_Narr_QUZ839_TTA838_2022-08-08-a_305265.0-309965.0.wav,QUZ839,uan sequimilpia ica alambre ich in zapatas uan neneh,tetelancingo,,tetelancingo
tetelancingo_nahuatl/audios/speaker1_Tetel_Narr_QUZ839_TTA838_2022-08-08-a_310995.0-314875.0.wav,QUZ839,"secchihchiua revoltura, cemento, grava",tetelancingo,,tetelancingo
tetelancingo_nahuatl/audios/speaker1_Tetel_Narr_QUZ839_TTA838_2022-08-08-a_316340.0-323460.0.wav,QUZ839,"arena, arena secpiya de sequicuis yen de río para mejor fuerza, es mucho mejor",tetelancingo,,tetelancingo
tetelancingo_nahuatl/audios/speaker1_Tetel_Narr_QUZ839_TTA838_2022-08-08-a_325210.0-329640.0.wav,QUZ839,"cachi macizo mocaua cachi chicauac, cachi quipiya fuerza cachi amarraroua",tetelancingo,,tetelancingo
tetelancingo_nahuatl/audios/speaker1_Tetel_Narr_QUZ839_TTA838_2022-08-08-a_330520.0-339830.0.wav,QUZ839,non nochi seccoa tehuan nican seccoa hasta Tetela o de nin lado ya para San Emmanuel Tenango uili seccoa uan ica non secchihchiua uan ya seccolaroua in zapatas,tetelancingo,,tetelancingo
tetelancingo_nahuatl/audios/speaker1_Tetel_Narr_QUZ839_TTA838_2022-08-08-a_340890.0-348900.0.wav,QUZ839,columnas ya ihcatoqueh columnas motlalihtiueh de acuerdo quenin isqui in cali porque in columnas simi importantes yehuan este,tetelancingo,,tetelancingo
tetelancingo_nahuatl/audios/speaker1_Tetel_Narr_QUZ839_TTA838_2022-08-08-a_350390.0-358400.0.wav,QUZ839,"de, yehuan cargas yehuan tlen tlamemesqueh, muros noyuhqui tlamemeh pero in principales, principales yen columnas",tetelancingo,,tetelancingo
tetelancingo_nahuatl/audios/speaker1_Tetel_Narr_QUZ839_TTA838_2022-08-08-a_359100.0-366220.0.wav,QUZ839,uan tlen cachi principales nochi in tlen youeh esquinas y centros yehuan principal,tetelancingo,,tetelancingo
tetelancingo_nahuatl/audios/speaker1_Tetel_Narr_QUZ839_TTA838_2022-08-08-a_367700.0-375833.0.wav,QUZ839,tlacah yi mocalaquihtiueh in ocsiquen castillos intermedios pero quipiya de isqueh cargas de centro ohcon,tetelancingo,,tetelancingo
tetelancingo_nahuatl/audios/speaker1_Tetel_Narr_QUZ839_TTA838_2022-08-08-a_376697.0-385663.0.wav,QUZ839,"una vez yomo... yomopancolarohqueh tehuan sequihtoa zapatas, yomocolarohqueh uan ya mo... tla tzocotzin tlalixtl",tetelancingo,,tetelancingo
tetelancingo_nahuatl/audios/speaker1_Tetel_Narr_QUZ839_TTA838_2022-08-08-a_387231.0-396220.0.wav,QUZ839,ixtzonic tehuan sequicui titl ya mopipichoa para mo... mopanoltia niveles uan secpipichoa in titl secllamaruilia cimientos,tetelancingo,,tetelancingo
tetelancingo_nahuatl/audios/speaker1_Tetel_Narr_QUZ839_TTA838_2022-08-08-a_397154.0-407087.0.wav,QUZ839,"tla en caso oisquia parejito, tla parejito de todas maneras setlachcua campa yas in cimiento siquen quixmateh por mamposteo",tetelancingo,,tetelancingo
tetelancingo_nahuatl/audios/speaker1_Tetel_Narr_QUZ839_TTA838_2022-08-08-a_408623.0-417356.0.wav,QUZ839,uan ompa ya secpipichoa in titl mopipichoa in titl moescogeroa tlen tipo titl sequicuis pues in tlen cuahcual in titl yeh ye non,tetelancingo,,tetelancingo
tetelancingo_nahuatl/audios/speaker1_Tetel_Narr_QUZ839_TTA838_2022-08-08-a_418003.0-428126.0.wav,QUZ839,"san quemeh neh nictlasohtla simi in titl neh niquixmatilia non tiquitl quemeh albañil, neh simi nictlasohtla in titl tlen quemeh cuadrado rectangular",tetelancingo,,tetelancingo
tetelancingo_nahuatl/audios/speaker1_Tetel_Narr_QUZ839_TTA838_2022-08-08-a_428338.0-432627.0.wav,QUZ839,simi porque nimachilia non titl quipiya mejor amarre,tetelancingo,,tetelancingo
tetelancingo_nahuatl/audios/speaker1_Tetel_Narr_QUZ839_TTA838_2022-08-08-a_441227.0-452483.0.wav,QUZ839,uan tlen cualtzin titl siqui san quemeh uiuiyac pahpatlachtic cualtzin non sectectiu uan quemah sequilpihtiu quipiya de yas titl quipiya de yas tejido,tetelancingo,,tetelancingo
tetelancingo_nahuatl/audios/speaker1_Tetel_Narr_QUZ839_TTA838_2022-08-08-a_453236.0-466414.0.wav,QUZ839,"sequincuatrapearohtiu se... sequinchiutiu ihquin niquita siqueh albañiles san quiuiuipantiuitzeh in uile uan se linea de lado a lado uan titl yeh amo ohcon quipiya de isqui, titl ya quemeh in bloc",tetelancingo,,tetelancingo
tetelancingo_nahuatl/audios/speaker1_Tetel_Narr_QUZ839_TTA838_2022-08-08-a_466905.0-477350.0.wav,QUZ839,block ihquin moilpihtiu se zig-zag tictemolia se... neneh mezcla uan non mezcla mitzuicas hasta quisati hasta tlacpac pero ihquin ihquin ihquin,tetelancingo,,tetelancingo
tetelancingo_nahuatl/audios/speaker1_Tetel_Narr_QUZ839_TTA838_2022-08-08-a_478097.0-490219.0.wav,QUZ839,titl casi lo mismo quipiya de isqui ihquin para ne para nican para ne para nican ihquin nochi isqui amarrado tanto de nin lado tanto en medio nochi quipiya de isqui ohcon,tetelancingo,,tetelancingo
tetelancingo_nahuatl/audios/speaker1_Tetel_Narr_QUZ839_TTA838_2022-08-08-a_491419.0-502563.0.wav,QUZ839,para amo uitzis amo xitinis una vez yotictlaleh titl nochi momamposteo campa yi ticpiya de tiahsis monivel depende quenin tiniqui mai mocal,tetelancingo,,tetelancingo
tetelancingo_nahuatl/audios/speaker1_Tetel_Narr_QUZ839_TTA838_2022-08-08-a_503340.0-510562.0.wav,QUZ839,"ya tictlalilia itrabe, itrabe uan ne",tetelancingo,,tetelancingo
tetelancingo_nahuatl/audios/speaker1_Tetel_Narr_QUZ839_TTA838_2022-08-08-a_525991.0-535702.0.wav,QUZ839,"de doce por por veinte o de quince por, por veinte pero canteadito isqui para ohcon tla de doce por veinte",tetelancingo,,tetelancingo
tetelancingo_nahuatl/audios/speaker1_Tetel_Narr_QUZ839_TTA838_2022-08-08-a_540510.0-548970.0.wav,QUZ839,non nochi alrededor tictlalilia uan tlen atravesaroa uan tlatlahcoyan desde ompa ticchiua primer amarre nochi ya,tetelancingo,,tetelancingo
tetelancingo_nahuatl/audios/speaker1_Tetel_Narr_QUZ839_TTA838_2022-08-08-a_549380.0-553390.0.wav,QUZ839,para tla canin se lado quiniquis timos panpatzcalaquis tlali,tetelancingo,,tetelancingo
tetelancingo_nahuatl/audios/speaker1_Tetel_Narr_QUZ839_TTA838_2022-08-08-a_554630.0-563250.0.wav,QUZ839,necah columna campa quiniquis panpatzcalaquis mas se dos tres centimetros uilica quipiya de quitilanas nochi in cali uan timos,tetelancingo,,tetelancingo
tetelancingo_nahuatl/audios/speaker1_Tetel_Narr_QUZ839_TTA838_2022-08-08-a_571170.0-578480.0.wav,QUZ839,mas facil mocauas pilcatos neneh columna ayic timos porque ilpitoc nochi,tetelancingo,,tetelancingo
tetelancingo_nahuatl/audios/speaker1_Tetel_Narr_QUZ839_TTA838_2022-08-08-a_580330.0-590170.0.wav,QUZ839,"una vez yotictlaleh non neneh mo... mo... este, mocadena motrabe de amarre",tetelancingo,,tetelancingo
tetelancingo_nahuatl/audios/speaker1_Tetel_Narr_QUZ839_TTA838_2022-08-08-a_591820.0-596670.0.wav,QUZ839,ompa ya uitz tlen tlanimilil tla de bloc o de tabique,tetelancingo,,tetelancingo
tetelancingo_nahuatl/audios/speaker1_Tetel_Narr_QUZ839_TTA838_2022-08-08-a_597890.0-604430.0.wav,QUZ839,o ya sea de piedra nuevamente tla de piedra mochiuas in cali de nochi titl de nochi titl mochiua,tetelancingo,,tetelancingo
tetelancingo_nahuatl/audios/speaker1_Tetel_Narr_QUZ839_TTA838_2022-08-08-a_605870.0-612970.0.wav,QUZ839,ompa tiquitas tla quenin isqui motrabe quipiya de isqui cachi patlauac para titl ompa motzintlalis ocsipa,tetelancingo,,tetelancingo
tetelancingo_nahuatl/audios/speaker1_Tetel_Narr_QUZ839_TTA838_2022-08-08-a_614330.0-619520.0.wav,QUZ839,pero tla matitlahtocan de block o de tabique pues entonces,tetelancingo,,tetelancingo
tetelancingo_nahuatl/audios/speaker1_Tetel_Narr_QUZ839_TTA838_2022-08-08-a_620900.0-631510.0.wav,QUZ839,moca... motrabe mitzserviroa cuali de doce por quin... doce por veinte moestribo o quince por veinte o por veinticinco moestribo mitzcualtilia cuali,tetelancingo,,tetelancingo
tetelancingo_nahuatl/audios/speaker1_Tetel_Narr_QUZ839_TTA838_2022-08-08-a_634109.0-638990.0.wav,QUZ839,ompa ticolaroa mo... motrabes ocsipa ica in cemento,tetelancingo,,tetelancingo
tetelancingo_nahuatl/audios/speaker1_Tetel_Narr_QUZ839_TTA838_2022-08-08-a_639725.0-644353.0.wav,QUZ839,arena y grava ocsipa tictlalilia nochi alrededor neneh,tetelancingo,,tetelancingo
tetelancingo_nahuatl/audios/speaker1_Tetel_Narr_QUZ839_TTA838_2022-08-08-a_645595.0-655940.0.wav,QUZ839,ti... tictlalia uan ya ticpeualtia neneh moblock encima de non trabe tlen otictlaleh,tetelancingo,,tetelancingo
tetelancingo_nahuatl/audios/speaker1_Tetel_Narr_QUZ839_TTA838_2022-08-08-a_663832.0-671641.0.wav,QUZ839,antes neneh in tinixtl nican occhiuayah octlatayah titl oquixpihpinayan cansa catqui titl tlen cualtia para tinixtl,tetelancingo,,tetelancingo
tetelancingo_nahuatl/audios/speaker1_Tetel_Narr_QUZ839_TTA838_2022-08-08-a_672055.0-673210.0.wav,QUZ839,istac titl,tetelancingo,,tetelancingo
tetelancingo_nahuatl/audios/speaker1_Tetel_Narr_QUZ839_TTA838_2022-08-08-a_675116.0-683134.0.wav,QUZ839,pero axan acmo mochiua nican axan nochi no yomocau tons cachi mejor tiyoueh ticcoatiueh ne Tetela,tetelancingo,,tetelancingo
tetelancingo_nahuatl/audios/speaker1_Tetel_Narr_QUZ839_TTA838_2022-08-08-a_684205.0-687305.0.wav,QUZ839,uan yi quehcotia uan tehuan nican ticchihchiuah in mezcla,tetelancingo,,tetelancingo
tetelancingo_nahuatl/audios/speaker1_Tetel_Narr_QUZ839_TTA838_2022-08-08-a_691679.0-698979.0.wav,QUZ839,nehuatl niquihtoa queh albañil neh nechpactia nipiyilia confianza itich neneh columnas,tetelancingo,,tetelancingo
tetelancingo_nahuatl/audios/speaker1_Tetel_Narr_QUZ839_TTA838_2022-08-08-a_700141.0-705805.0.wav,QUZ839,zapatas trabes columnas cadenas lozas nictiquitiltia arena de río,tetelancingo,,tetelancingo
tetelancingo_nahuatl/audios/speaker1_Tetel_Narr_QUZ839_TTA838_2022-08-08-a_706945.0-714927.0.wav,QUZ839,pero para neneh mezcla para block nicpipichos o titl mopipichos o tabique mopipichos,tetelancingo,,tetelancingo
tetelancingo_nahuatl/audios/speaker1_Tetel_Narr_QUZ839_TTA838_2022-08-08-a_715589.0-723316.0.wav,QUZ839,simi nechpactia nictiquitiltis yen arena de mina o de banco quen quixmateh non amo itic non queh costic,tetelancingo,,tetelancingo
tetelancingo_nahuatl/audios/speaker1_Tetel_Narr_QUZ839_TTA838_2022-08-08-a_724551.0-728324.0.wav,QUZ839,yehuatl ica neneh nicpipichoa block,tetelancingo,,tetelancingo
tetelancingo_nahuatl/audios/speaker1_Tetel_Narr_QUZ839_TTA838_2022-08-08-a_729517.0-734335.0.wav,QUZ839,pues una vez mopipichoa de cuerdo quenin cuartos neneh monique,tetelancingo,,tetelancingo
tetelancingo_nahuatl/audios/speaker1_Tetel_Narr_QUZ839_TTA838_2022-08-08-a_741238.0-746974.0.wav,QUZ839,se caltzintli simi nechpactia macpiya se espacio quemeh iportal,tetelancingo,,tetelancingo
tetelancingo_nahuatl/audios/speaker1_Tetel_Narr_QUZ839_TTA838_2022-08-08-a_747933.0-750933.0.wav,QUZ839,"porque ohcon de repente quipiya, caltlampa",tetelancingo,,tetelancingo
tetelancingo_nahuatl/audios/speaker1_Tetel_Narr_QUZ839_TTA838_2022-08-08-a_752052.0-759506.0.wav,QUZ839,ticpiya se persona iuan aquin timonohnotztoc ich in tla ecauil o tla quiyohtoc timomiyanihtoc ompa,tetelancingo,,tetelancingo
tetelancingo_nahuatl/audios/speaker1_Tetel_Narr_QUZ839_TTA838_2022-08-08-a_760374.0-767848.0.wav,QUZ839,uan neneh a veces cateh calimeh tlen amo quipiya nion balcón nion portal nion tleno,tetelancingo,,tetelancingo
tetelancingo_nahuatl/audios/speaker1_Tetel_Narr_QUZ839_TTA838_2022-08-08-a_768691.0-771637.0.wav,QUZ839,pues o de una vez quiyauac o de una vez tlahtic secatqui,tetelancingo,,tetelancingo
tetelancingo_nahuatl/audios/speaker1_Tetel_Narr_QUZ839_TTA838_2022-08-08-a_772834.0-776616.0.wav,QUZ839,uan neneh ohcon bueno non,tetelancingo,,tetelancingo
tetelancingo_nahuatl/audios/speaker1_Tetel_Narr_QUZ839_TTA838_2022-08-08-a_777517.0-780062.0.wav,QUZ839,mochiua uan primero secalaqui,tetelancingo,,tetelancingo
tetelancingo_nahuatl/audios/speaker1_Tetel_Narr_QUZ839_TTA838_2022-08-08-a_781169.0-783987.0.wav,QUZ839,pues lo primero secahsitih uilica se sala,tetelancingo,,tetelancingo
tetelancingo_nahuatl/audios/speaker1_Tetel_Narr_QUZ839_TTA838_2022-08-08-a_785059.0-790250.0.wav,QUZ839,uan de non sala campa quemeh uilis semoreuniroah timiaqueh,tetelancingo,,tetelancingo
tetelancingo_nahuatl/audios/speaker1_Tetel_Narr_QUZ839_TTA838_2022-08-08-a_791474.0-798229.0.wav,QUZ839,non sala nechpactia mayoui macpiya conecte para itich se comedor uan den comedor ich cocina,tetelancingo,,tetelancingo
tetelancingo_nahuatl/audios/speaker1_Tetel_Narr_QUZ839_TTA838_2022-08-08-a_798731.0-802968.0.wav,QUZ839,uan recámaras pues a lo... lado contrario de.. den sala,tetelancingo,,tetelancingo
tetelancingo_nahuatl/audios/speaker1_Tetel_Narr_QUZ839_TTA838_2022-08-08-a_804218.0-815081.0.wav,QUZ839,neh ohcon no... no... notlanimilil porque bueno pues antes nican calimeh quenyauili occhihchiuayah san se tlaihticoyoctic tlaihtiueyi uan ompa nochi neneh,tetelancingo,,tetelancingo
tetelancingo_nahuatl/audios/speaker1_Tetel_Narr_QUZ839_TTA838_2022-08-08-a_816093.0-823166.0.wav,QUZ839,ompa nochi motzontentoqueh ompa cocheh ompa tlacuah nochi ompa uan pues por eso niquihtoa depende tlen tipo de cali,tetelancingo,,tetelancingo
tetelancingo_nahuatl/audios/speaker1_Tetel_Narr_QUZ839_TTA838_2022-08-08-a_824318.0-832354.0.wav,QUZ839,"pero ohcon mochihchiuah, una vez yoticpipichoh nochi nen block",tetelancingo,,tetelancingo
tetelancingo_nahuatl/audios/speaker1_Tetel_Narr_QUZ839_TTA838_2022-08-08-a_832920.0-842774.0.wav,QUZ839,o titl o tabique pues nican casi ah... raro in tla se cali quitlalilia cinturón cinturón motlalilia,tetelancingo,,tetelancingo
tetelancingo_nahuatl/audios/speaker1_Tetel_Narr_QUZ839_TTA838_2022-08-08-a_843634.0-852270.0.wav,QUZ839,"a uno veinte de altura den motrabe, cuando yotictlamico ica in cimiento ompa peua in block ticpipichoa",tetelancingo,,tetelancingo
tetelancingo_nahuatl/audios/speaker1_Tetel_Narr_QUZ839_TTA838_2022-08-08-a_852734.0-862489.0.wav,QUZ839,"cinco, seis hiladas de block uan ompa yi tictlatiuilia maitoca cinturón yen tlen nochi tla ocsipa tlalpia",tetelancingo,,tetelancingo
tetelancingo_nahuatl/audios/speaker1_Tetel_Narr_QUZ839_TTA838_2022-08-08-a_863173.0-868128.0.wav,QUZ839,de lado a lado nochi alrededor entre muros tlalpia,tetelancingo,,tetelancingo
tetelancingo_nahuatl/audios/speaker1_Tetel_Narr_QUZ839_TTA838_2022-08-08-a_868863.0-876691.0.wav,QUZ839,"para ohcon amo cah cuarteaduras de neneh den cali o amo, amo venceros o amo tlen pero como tehuan nican",tetelancingo,,tetelancingo
tetelancingo_nahuatl/audios/speaker1_Tetel_Narr_QUZ839_TTA838_2022-08-08-a_877561.0-882851.0.wav,QUZ839,nican terreno macizo non simi quichiuah campa catqui simi neneh,tetelancingo,,tetelancingo
tetelancingo_nahuatl/audios/speaker1_Tetel_Narr_QUZ839_TTA838_2022-08-08-a_884196.0-890516.0.wav,QUZ839,"campa, ándale uan, uan simi cah lugares campa tlen papatzcalaqui quihtoah cah atl tlatzintlan",tetelancingo,,tetelancingo
tetelancingo_nahuatl/audios/speaker1_Tetel_Narr_QUZ839_TTA838_2022-08-08-a_891258.0-899340.0.wav,QUZ839,tons non mochiua para amo ma... amo uitzi in cali pero tehuan nican casi amo amo tlalolini casi amo este,tetelancingo,,tetelancingo
tetelancingo_nahuatl/audios/speaker1_Tetel_Narr_QUZ839_TTA838_2022-08-08-a_900282.0-903164.0.wav,QUZ839,ayamo cachi sucederoa non cosas quemeh itich ciudad,tetelancingo,,tetelancingo
tetelancingo_nahuatl/audios/speaker1_Tetel_Narr_QUZ839_TTA838_2022-08-08-a_904669.0-905360.0.wav,QUZ839,uan neneh,tetelancingo,,tetelancingo
tetelancingo_nahuatl/audios/speaker1_Tetel_Narr_QUZ839_TTA838_2022-08-08-a_907067.0-913248.0.wav,QUZ839,pues entonces casi raro realmente nican amaquin quitlalilia calcinturón sa yen trabe tlatzintlan,tetelancingo,,tetelancingo
tetelancingo_nahuatl/audios/speaker1_Tetel_Narr_QUZ839_TTA838_2022-08-08-a_914306.0-923006.0.wav,QUZ839,uan in tlacpac ocsipa campa yoticterminarotoh once hiladas de block ya sectlatiuilia cadena,tetelancingo,,tetelancingo
tetelancingo_nahuatl/audios/speaker1_Tetel_Narr_QUZ839_TTA838_2022-08-08-a_923485.0-929994.0.wav,QUZ839,ocsipa lo mismo nomas que in ompa depende tla san para dos pisos tiyoueh in ica in neneh in cali,tetelancingo,,tetelancingo
tetelancingo_nahuatl/audios/speaker1_Tetel_Narr_QUZ839_TTA838_2022-08-08-a_930689.0-939580.0.wav,QUZ839,"pues se cadenas... cadenas o estribos san de diez por veinticinco, mocolaroa a veintitres o a veintidos",tetelancingo,,tetelancingo
tetelancingo_nahuatl/audios/speaker1_Tetel_Narr_QUZ839_TTA838_2022-08-08-a_940420.0-945311.0.wav,QUZ839,mocaua descubierto barillas den tlacpac para loza motlatiuilia,tetelancingo,,tetelancingo
tetelancingo_nahuatl/audios/speaker1_Tetel_Narr_QUZ839_TTA838_2022-08-08-a_951837.0-961765.0.wav,QUZ839,"uehcaua, noual nicniqui quemeh ya que timononotztoqueh ich in nin puntos mamoaclararo porque miac tocniuan neh niccaquilia tlen neneh",tetelancingo,,tetelancingo
tetelancingo_nahuatl/audios/speaker1_Tetel_Narr_QUZ839_TTA838_2022-08-08-a_962157.0-971093.0.wav,QUZ839,"nican cachi yen tlen yi chicauaqueh quihtouah, que bueno que, que oticchihchiu mocal de loza ohcon",tetelancingo,,tetelancingo
tetelancingo_nahuatl/audios/speaker1_Tetel_Narr_QUZ839_TTA838_2022-08-08-a_971773.0-980618.0.wav,QUZ839,para siempre isqui pero amo milauac noual no san quipiya icaducidad noual quipiya,tetelancingo,,tetelancingo
tetelancingo_nahuatl/audios/speaker1_Tetel_Narr_QUZ839_TTA838_2022-08-08-a_981493.0-990765.0.wav,QUZ839,cierto se lamina se tejahcal porque secmouilia in ehecatl ualas uan yocahcoc o quemeh opalanqueh,tetelancingo,,tetelancingo
tetelancingo_nahuatl/audios/speaker1_Tetel_Narr_QUZ839_TTA838_2022-08-08-a_991332.0-999787.0.wav,QUZ839,"quinpatilisqueh pero quipatlah, pero se loza pues noual llegaroa momento cuando",tetelancingo,,tetelancingo
tetelancingo_nahuatl/audios/speaker1_Tetel_Narr_QUZ839_TTA838_2022-08-08-a_1002263.0-1009972.0.wav,QUZ839,"uilica qui... quitlatiuiah porque, porque ya, ya panoa este acmo cualtia",tetelancingo,,tetelancingo
tetelancingo_nahuatl/audios/speaker1_Tetel_Narr_QUZ839_TTA838_2022-08-08-a_1011040.0-1019640.0.wav,QUZ839,ah yomo... yopeu chihcoliui xa tiquita seyoui tlaueyican miac campa quintlatiuihtoque in calimeh uan ocsipa quinpeualtiyah nuevo,tetelancingo,,tetelancingo
tetelancingo_nahuatl/audios/speaker1_Tetel_Narr_QUZ839_TTA838_2022-08-08-a_1020404.0-1024657.9999999999.wav,QUZ839,pues yeh yen non san tehuan mas o semochante de loza semochantia de loza,tetelancingo,,tetelancingo
tetelancingo_nahuatl/audios/speaker1_Tetel_Narr_QUZ839_TTA838_2022-08-08-a_1025788.0-1032961.0.wav,QUZ839,con el paso de los años y años uilica quidemolerosqueh para occipa quiyectlalisqueh,tetelancingo,,tetelancingo
tetelancingo_nahuatl/audios/speaker1_Tetel_Narr_QUZ839_TTA838_2022-08-08-a_1034390.0000000001-1043499.0.wav,QUZ839,"pero niquihtoa pues, a veces tlen queh amo secquiyecmatilia quihtoah o para nochin vida para todo para siempre amo milauac",tetelancingo,,tetelancingo
tetelancingo_nahuatl/audios/speaker1_Tetel_Narr_QUZ839_TTA838_2022-08-08-a_1044742.9999999999-1054016.0.wav,QUZ839,"quemah cachi uehcaua, es muy cierto nican amo timopreocuparohtos o yopalanqueh in comeh tipatlas y ya tlachocholocatoc in teja",tetelancingo,,tetelancingo
tetelancingo_nahuatl/audios/speaker1_Tetel_Narr_QUZ839_TTA838_2022-08-08-a_1054840.0-1063940.0.wav,QUZ839,pero amo pero solamente pues mo... mocaua cuali den principio porque in tla amo cuali mocaua amo quipiya caso que mai de loza,tetelancingo,,tetelancingo
tetelancingo_nahuatl/audios/speaker1_Tetel_Narr_QUZ839_TTA838_2022-08-08-a_1065057.0-1066184.0.wav,QUZ839,uan tla acalactoc,tetelancingo,,tetelancingo
tetelancingo_nahuatl/audios/speaker1_Tetel_Narr_QUZ839_TTA838_2022-08-08-a_1069353.0-1072934.0.wav,QUZ839,es que cuando non sucederoa,tetelancingo,,tetelancingo
tetelancingo_nahuatl/audios/speaker1_Tetel_Narr_QUZ839_TTA838_2022-08-08-a_1074256.0-1080583.0.wav,QUZ839,casi casi por lo regular yen cuando motlalia loza motlacolaroa,tetelancingo,,tetelancingo
tetelancingo_nahuatl/audios/speaker1_Tetel_Narr_QUZ839_TTA838_2022-08-08-a_1081600.0-1090128.0.wav,QUZ839,uan tonatoc chicauac uan entonces cuando motlacolaroa mientras tiquitineh quitlehcoltihtoqueh neneh revoltura,tetelancingo,,tetelancingo
tetelancingo_nahuatl/audios/speaker1_Tetel_Narr_QUZ839_TTA838_2022-08-08-a_1100147.0-1107120.0.wav,QUZ839,entonces tla ya peua ohcon de una vez ya maì ocse persona tlen yi cuali mahmagatiu para macompactaro,tetelancingo,,tetelancingo
tetelancingo_nahuatl/audios/speaker1_Tetel_Narr_QUZ839_TTA838_2022-08-08-a_1111622.0-1117822.0.wav,QUZ839,"porque in cuando tonatoc chicauac, uan acmo secchiuas cuenta nochi tlatlapaca",tetelancingo,,tetelancingo
tetelancingo_nahuatl/audios/speaker1_Tetel_Narr_QUZ839_TTA838_2022-08-08-a_1118061.0-1124161.0.wav,QUZ839,nochi tlatlapaca uan despues una vez yotlatlapacac mas ocmoseccohtinto,tetelancingo,,tetelancingo
tetelancingo_nahuatl/audios/speaker1_Tetel_Narr_QUZ839_TTA838_2022-08-08-a_1124986.0-1130895.0.wav,QUZ839,acmo acmo moquitzquia no ya mocaua ohcon para siempre amo uitzis,tetelancingo,,tetelancingo
tetelancingo_nahuatl/audios/speaker1_Tetel_Narr_QUZ839_TTA838_2022-08-08-a_1131342.0-1136961.0.wav,QUZ839,pero tla acalaqui amo uitzis porque barillas tlaquitzquihtoqueh tlalpihtoqueh yehuan,tetelancingo,,tetelancingo
tetelancingo_nahuatl/audios/speaker1_Tetel_Narr_QUZ839_TTA838_2022-08-08-a_1137867.0-1141167.0.wav,QUZ839,pero acmo secxauanilis atl pues tla chocholocas,tetelancingo,,tetelancingo
tetelancingo_nahuatl/audios/speaker1_Tetel_Narr_QUZ839_TTA838_2022-08-08-a_1166310.0-1170564.0.wav,QUZ839,la que pasa mitziluis tla chocholoca itich focos,tetelancingo,,tetelancingo
tetelancingo_nahuatl/audios/speaker1_Tetel_Narr_QUZ839_TTA838_2022-08-08-a_1171866.0-1181466.0.wav,QUZ839,"cateh albañiles in tlen, neh no, timati nican oticchiuqueh tocal nican oticchiucah in tocal omitlan ocse ticchiutoque in ompa omitlan",tetelancingo,,tetelancingo
tetelancingo_nahuatl/audios/speaker1_Tetel_Narr_QUZ839_TTA838_2022-08-08-a_1182740.0-1191185.0.wav,QUZ839,xiquita neh nofocos in quen niquintlalia campa quisaqui in chalup... este in cable quintzin caja tzohtzocotzi,tetelancingo,,tetelancingo
tetelancingo_nahuatl/audios/speaker1_Tetel_Narr_QUZ839_TTA838_2022-08-08-a_1192195.0-1200395.0.wav,QUZ839,"setiquiti diferente, uan neh niquita nocniu neneh, se nocniu oc cachi nocniu Jonathan yeh lozas",tetelancingo,,tetelancingo
tetelancingo_nahuatl/audios/speaker1_Tetel_Narr_QUZ839_TTA838_2022-08-08-a_1201684.0-1206902.0.wav,QUZ839,quinchiua quintlalia botes itoca botes uehcapantiqueh ihquin,tetelancingo,,tetelancingo
tetelancingo_nahuatl/audios/speaker1_Tetel_Narr_QUZ839_TTA838_2022-08-08-a_1208556.0-1218320.0.wav,QUZ839,"tlen quihtosniqui non bote uehcapantic diez centimetros o doce tlen quihtosniqui, que quisaqui nican tlatzintla",tetelancingo,,tetelancingo
tetelancingo_nahuatl/audios/speaker1_Tetel_Narr_QUZ839_TTA838_2022-08-08-a_1218757.0-1220347.0.wav,QUZ839,uan quisati in tlacpac,tetelancingo,,tetelancingo
tetelancingo_nahuatl/audios/speaker1_Tetel_Narr_QUZ839_TTA838_2022-08-08-a_1222199.0-1226526.0.wav,QUZ839,amo quipantzacua uan tla quipantzacua se centímetro,tetelancingo,,tetelancingo
tetelancingo_nahuatl/audios/speaker1_Tetel_Narr_QUZ839_TTA838_2022-08-08-a_1227456.0-1232539.0.wav,QUZ839,"tzocopintzin entonces neh amo, neh ayic nechpactia non tipo de cosas",tetelancingo,,tetelancingo
tetelancingo_nahuatl/audios/speaker1_Tetel_Narr_QUZ839_TTA838_2022-08-08-a_1233416.0-1242598.0.wav,QUZ839,non mo... quincueh campa la verdad temi tomen ricohyotl uan ohcon quemeh in quintlalihtiue uan niman yi quiterminarohtiueh nochi,tetelancingo,,tetelancingo
tetelancingo_nahuatl/audios/speaker1_Tetel_Narr_QUZ839_TTA838_2022-08-08-a_1252657.0-1260539.0.wav,QUZ839,"uan neneh pero bueno neh niquihtoa pues ompa cada quien, pero neh noforma de pensar pues",tetelancingo,,tetelancingo
tetelancingo_nahuatl/audios/speaker1_Tetel_Narr_QUZ839_TTA838_2022-08-08-a_1261578.0-1269333.0.wav,QUZ839,la mera verdad amo niquihtos o nicchiuas cali de diseño este lujosas y todo amo,tetelancingo,,tetelancingo
tetelancingo_nahuatl/audios/speaker1_Tetel_Narr_QUZ839_TTA838_2022-08-08-a_1270169.0-1280096.0.wav,QUZ839,"pero al final de todo, neneh se cali mota lujosa amo tanto porque, en partes quemah",tetelancingo,,tetelancingo
tetelancingo_nahuatl/audios/speaker1_Tetel_Narr_QUZ839_TTA838_2022-08-08-a_1280986.0-1290267.0.wav,QUZ839,"en partes quemah porque cateh diseñadores, pero a nivel nehuatl nican amo niquixmati se persona diseñador",tetelancingo,,tetelancingo
tetelancingo_nahuatl/audios/speaker1_Tetel_Narr_QUZ839_TTA838_2022-08-08-a_1291516.0-1299080.0.wav,QUZ839,lo unico in tlen quitemaca vista yeh yen tomen den patrones yehuatl non tlen quimaca lujo,tetelancingo,,tetelancingo
tetelancingo_nahuatl/audios/speaker1_Tetel_Narr_QUZ839_TTA838_2022-08-08-a_1300565.0-1307265.0.wav,QUZ839,non quemeh tehuan tlen amo secpiya pues mas osecniquisquiaya,tetelancingo,,tetelancingo
tetelancingo_nahuatl/audios/speaker1_Tetel_Narr_QUZ839_TTA838_2022-08-08-a_1307970.0-1315289.0.wav,QUZ839,yosecualchihchiu se caltzintli uan yeh cualquier caltzintli mota cuacualtzin siempre cuando mai terminado,tetelancingo,,tetelancingo
tetelancingo_nahuatl/audios/speaker1_Tetel_Narr_QUZ839_TTA838_2022-08-08-a_1315959.0-1319414.0.wav,QUZ839,"cuali, cuali pero in tla amo pues amo",tetelancingo,,tetelancingo
tetelancingo_nahuatl/audios/speaker1_Tetel_Narr_QUZ839_TTA838_2022-08-08-a_1320079.0-1333672.0.wav,QUZ839,"pero neh niquihtoa pues amo nicmati, amo nidiseñador, amo pero lo basico o lo principal quemah niquixmati uan quemah nicmati quenin mochihchiua se se cali quenin quipiya de yas",tetelancingo,,tetelancingo
tetelancingo_nahuatl/audios/speaker1_Tetel_Narr_QUZ839_TTA838_2022-08-08-a_1334435.0-1340108.0.wav,QUZ839,"y niveles quipiya de morespetaros, siqui tocniuan mas ya chicauaqueh",tetelancingo,,tetelancingo
tetelancingo_nahuatl/audios/speaker1_Tetel_Narr_QUZ839_TTA838_2022-08-08-a_1340809.0-1349528.0.wav,QUZ839,uan tla construiroah itich... quichiuah se cali inacasco carretera itenco carretera uan quicaua cali tlaltoctoc,tetelancingo,,tetelancingo
tetelancingo_nahuatl/audios/speaker1_Tetel_Narr_QUZ839_TTA838_2022-08-08-a_1350619.0-1359225.0.wav,QUZ839,se oa... oa... ihquin quen uitz carretera ihquin quicaua derechito cali uan yeh amo ohcon quipiya de isqui,tetelancingo,,tetelancingo
tetelancingo_nahuatl/audios/speaker1_Tetel_Narr_QUZ839_TTA838_2022-08-08-a_1359774.0-1365202.0.wav,QUZ839,se cali itich se orilla den neneh carretera quipiya de isqui tlacpac,tetelancingo,,tetelancingo
tetelancingo_nahuatl/audios/speaker1_Tetel_Narr_QUZ839_TTA838_2022-08-08-a_1366403.0-1376548.0.wav,QUZ839,muy bajo que este o por muy mas amo mai hasta temohteh tlacpac pero mínimo se diez quince veinte centímetros,tetelancingo,,tetelancingo
tetelancingo_nahuatl/audios/speaker1_Tetel_Narr_QUZ839_TTA838_2022-08-08-a_1377406.0-1386070.0.wav,QUZ839,"quipiya de isqui tlacpac, tla catqui desnivel de carretera tla se lado inivel ceros pero ocse lado mai uehcapan",tetelancingo,,tetelancingo
tetelancingo_nahuatl/audios/speaker1_Tetel_Narr_QUZ839_TTA838_2022-08-08-a_1387173.0-1391955.0.wav,QUZ839,pero in tla ticcauatiueh tlatzintla uan ixtzonic ocse lado pues cachi tlatzintla,tetelancingo,,tetelancingo
tetelancingo_nahuatl/audios/speaker1_Tetel_Narr_QUZ839_TTA838_2022-08-08-a_1393762.0-1401207.0.wav,QUZ839,pero pues neh niquihtoa para ohcon se cali pues ohcon mochiua uan niquihtoa titl moseleccionaroa noual secpiya de sequixmatilis titl,tetelancingo,,tetelancingo
tetelancingo_nahuatl/audios/speaker1_Tetel_Narr_QUZ839_TTA838_2022-08-08-a_1401342.0-1405805.0.wav,QUZ839,porque catqui titl tlen tehuan nican ticteneuah itoca tipoxactitl,tetelancingo,,tetelancingo
tetelancingo_nahuatl/audios/speaker1_Tetel_Narr_QUZ839_TTA838_2022-08-08-a_1406533.0-1409706.0.wav,QUZ839,tictlalia uan san nochi neneh titiyica,tetelancingo,,tetelancingo
tetelancingo_nahuatl/audios/speaker1_Tetel_Narr_QUZ839_TTA838_2022-08-08-a_1410350.0-1419786.0.wav,QUZ839,"tiyini entonces amayic serviros non titl para cimientos porque ticualmemeltis toneladas de, nochi xitinis",tetelancingo,,tetelancingo
tetelancingo_nahuatl/audios/speaker1_Tetel_Narr_QUZ839_TTA838_2022-08-08-a_1421437.0-1428337.0.wav,QUZ839,"xitinis, antes oquinchiuayah yi tlen tonal oquinchiuayah calimeh ica soquitl mezcla titl",tetelancingo,,tetelancingo
tetelancingo_nahuatl/audios/speaker1_Tetel_Narr_QUZ839_TTA838_2022-08-08-a_1429495.0-1430377.0.wav,QUZ839,ica soquitl,tetelancingo,,tetelancingo
tetelancingo_nahuatl/audios/speaker1_Tetel_Narr_QUZ839_TTA838_2022-08-08-a_1432852.0-1437634.0.wav,QUZ839,"solo que neneh, non tlali especial amo cualquier tlali",tetelancingo,,tetelancingo
tetelancingo_nahuatl/audios/speaker1_Tetel_Narr_QUZ839_TTA838_2022-08-08-a_1447434.0-1453816.0.wav,QUZ839,"yehuatl in occuiyah uan o... cuali milauac cuali oquisaya non, non tlaltzintli",tetelancingo,,tetelancingo
tetelancingo_nahuatl/audios/speaker1_Tetel_Narr_QUZ839_TTA838_2022-08-08-a_1454895.0-1465487.0.wav,QUZ839,"teh tiquita ahorita calimeh cateh uan neneh ihcatoqueh, in tipantl ihcatoc mas ocachi yoquiyoh ca nochi xiuitl ipan acmo quipiya teja amo quipiya lamina",tetelancingo,,tetelancingo
tetelancingo_nahuatl/audios/speaker1_Tetel_Narr_QUZ839_TTA838_2022-08-08-a_1465996.0-1466924.0.wav,QUZ839,pero amo uitzi,tetelancingo,,tetelancingo
tetelancingo_nahuatl/audios/speaker1_Tetel_Narr_QUZ839_TTA838_2022-08-08-a_1469246.0-1474564.0.wav,QUZ839,ocatca cuali uan ocatca tlen otiquitiyah cuali otlalpayah,tetelancingo,,tetelancingo
tetelancingo_nahuatl/audios/speaker1_Tetel_Narr_QUZ839_TTA838_2022-08-08-a_1475127.0-1477472.0.wav,QUZ839,quilpihtiueh in titl de veras cualtzin,tetelancingo,,tetelancingo
tetelancingo_nahuatl/audios/speaker1_Tetel_Narr_QUZ839_TTA838_2022-08-08-a_1483540.0-1489167.0.wav,QUZ839,neh neh nepa no titlaconstruirohqueh Omitlan quihtoah nocniuan,tetelancingo,,tetelancingo
tetelancingo_nahuatl/audios/speaker1_Tetel_Narr_QUZ839_TTA838_2022-08-08-a_1490328.0-1496828.0.wav,QUZ839,"acmo necesitaroa columnas para tlen niquintlalia columnas, yehuan noquixmate albañilería",tetelancingo,,tetelancingo
tetelancingo_nahuatl/audios/speaker1_Tetel_Narr_QUZ839_TTA838_2022-08-08-a_1498283.0-1504693.0.wav,QUZ839,"no más que neh nimoluia, error, neh nicmati que quemah quinecesitaroa columnas",tetelancingo,,tetelancingo
tetelancingo_nahuatl/audios/speaker1_Tetel_Narr_QUZ839_TTA838_2022-08-08-a_1505748.0-1512784.0.wav,QUZ839,"neh nipiyas fe, niisqui cuali bien niisqui nitranquilo niisqui cualtzin",tetelancingo,,tetelancingo
tetelancingo_nahuatl/audios/speaker1_Tetel_Narr_QUZ839_TTA838_2022-08-08-a_1513728.0-1515174.0.wav,QUZ839,acmo quinecesitaroa columnas,tetelancingo,,tetelancingo
tetelancingo_nahuatl/audios/speaker1_Tetel_Narr_QUZ839_TTA838_2022-08-08-a_1516536.0-1525500.0.wav,QUZ839,pero onicniquiya titl oini uiuiyaqueh hasta ihquin pahpatlauaqueh cualtzitzin para ohcon milauac sequinmilpihtiu ihquin,tetelancingo,,tetelancingo
tetelancingo_nahuatl/audios/speaker1_Tetel_Narr_QUZ839_TTA838_2022-08-08-a_1526693.0-1529611.0.wav,QUZ839,titl tlen ompa oahsic onicoh,tetelancingo,,tetelancingo
tetelancingo_nahuatl/audios/speaker1_Tetel_Narr_QUZ839_TTA838_2022-08-08-a_1531509.0-1540409.0.wav,QUZ839,medio cuali pero tlen ompa oquis san tohtolontic tons por non modo neh onictlaleh columnas para mayor seguridad,tetelancingo,,tetelancingo
tetelancingo_nahuatl/audios/speaker1_Tetel_Narr_QUZ839_TTA838_2022-08-08-a_1541599.0-1545799.0.wav,QUZ839,uan tlen bordo tlen tictzacuilihtoqueh amo ahauil,tetelancingo,,tetelancingo
tetelancingo_nahuatl/audios/speaker1_Tetel_Narr_QUZ839_TTA838_2022-08-08-a_1546931.0-1550013.0.wav,QUZ839,yeh quipiya de tictrancarosqueh cuali in bordo,tetelancingo,,tetelancingo
tetelancingo_nahuatl/audios/speaker1_Tetel_Narr_QUZ839_TTA838_2022-08-08-a_1551457.0-1556848.0.wav,QUZ839,entonces pues yeh non quipiya de motas itich se construcción tlen tipo de titl,tetelancingo,,tetelancingo
tetelancingo_nahuatl/audios/speaker1_Tetel_Narr_QUZ839_TTA838_2022-08-08-a_1576783.0-1579692.0.wav,QUZ839,yeh neneh bueno es que a veces,tetelancingo,,tetelancingo
tetelancingo_nahuatl/audios/speaker1_Tetel_Narr_QUZ839_TTA838_2022-08-08-a_1580942.0-1586787.0.wav,QUZ839,"yen lugar, lugar campa motlaconstruiroa uan quenin tlatlamati campa motlaconstruiroa",tetelancingo,,tetelancingo
tetelancingo_nahuatl/audios/speaker1_Tetel_Narr_QUZ839_TTA838_2022-08-08-a_1587633.0-1594588.0.wav,QUZ839,porque tla ticchiuasqueh queh tehuan nican se planada cuali ticmatisqueh quen miac atl ompa monichicos,tetelancingo,,tetelancingo
tetelancingo_nahuatl/audios/speaker1_Tetel_Narr_QUZ839_TTA838_2022-08-08-a_1599499.0-1606117.0.wav,QUZ839,cah tlali campa quiyoui uan quiyoui pero in atl yeh pancalaqui uan pancalaqui uan cah lugares,tetelancingo,,tetelancingo
tetelancingo_nahuatl/audios/speaker1_Tetel_Narr_QUZ839_TTA838_2022-08-08-a_1606773.0-1612446.0.wav,QUZ839,campa in tlaltzintli quiyoui uan yeh san pani nochi tectoc atl amo pancalaqui amo mofiltraroa,tetelancingo,,tetelancingo
tetelancingo_nahuatl/audios/speaker1_Tetel_Narr_QUZ839_TTA838_2022-08-08-a_1613254.0-1621708.0.wav,QUZ839,uan por eso quipiya de motas quenin mochiuas se cali tehuan nican pues yi tiquitah amo ticpiyah se canah... momota campa calactoc atl o amo,tetelancingo,,tetelancingo
tetelancingo_nahuatl/audios/speaker1_Tetel_Narr_QUZ839_TTA838_2022-08-08-a_1627557.0-1636584.0.wav,QUZ839,"quemah porque in ompa ohcon neneh, neneh, este i... in tlali campa yeh chanchiua puro costlal",tetelancingo,,tetelancingo
tetelancingo_nahuatl/audios/speaker1_Tetel_Narr_QUZ839_TTA838_2022-08-08-a_1637273.0-1641482.0.wav,QUZ839,"uan yeh non simi amo, queh amo quicaua mafiltraro o amati queyeh",tetelancingo,,tetelancingo
tetelancingo_nahuatl/audios/speaker1_Tetel_Narr_QUZ839_TTA838_2022-08-08-a_1650816.0-1657452.0.wav,QUZ839,"catqui miac humedad uan catqui salitre, uan non salitre niman quintlamia neneh calimeh",tetelancingo,,tetelancingo
tetelancingo_nahuatl/audios/speaker1_Tetel_Narr_QUZ839_TTA838_2022-08-08-a_1658589.0-1665470.0.wav,QUZ839,"entonces, por eso tehuan se albañil uan secmati quenin secchiuas",tetelancingo,,tetelancingo
tetelancingo_nahuatl/audios/speaker1_Tetel_Narr_QUZ839_TTA838_2022-08-08-a_1666548.0-1674457.0.wav,QUZ839,"quenin seccombatiros salitre, ich in Ciudad de México campa ich in nen ne tlacpac tlaueyican",tetelancingo,,tetelancingo
tetelancingo_nahuatl/audios/speaker1_Tetel_Narr_QUZ839_TTA838_2022-08-08-a_1676337.0-1683128.0.wav,QUZ839,ic ne Chalco o la mayoría campa quinchiua calimeh catqui humedad catqui atl tlatzintlan,tetelancingo,,tetelancingo
tetelancingo_nahuatl/audios/speaker1_Tetel_Narr_QUZ839_TTA838_2022-08-08-a_1684220.0-1691820.0.wav,QUZ839,quichiuah se cali uan ipan tres cuatro años salitre yeh yi tlehcotoc hasta ic tlahco muro ya niman ya tlehcotoc,tetelancingo,,tetelancingo
tetelancingo_nahuatl/audios/speaker1_Tetel_Narr_QUZ839_TTA838_2022-08-08-a_1692891.0-1700355.0.wav,QUZ839,"ompa quichiuah quitlaliah hule, campa neneh ehco motrabe",tetelancingo,,tetelancingo
tetelancingo_nahuatl/audios/speaker1_Tetel_Narr_QUZ839_TTA838_2022-08-08-a_1710583.0-1719464.0.wav,QUZ839,pero ompa tla ticmomaca cuenta acmo molpihtoc mezcla iuan cadena ya quindividirohtoc hule,tetelancingo,,tetelancingo
tetelancingo_nahuatl/audios/speaker1_Tetel_Narr_QUZ839_TTA838_2022-08-08-a_1722671.0-1730426.0.wav,QUZ839,quemah noual cualtia porque ohcon quinchiuah in calimeh pero acmo moamarraroah pero ica non hule acmo quipanouia nene humedad,tetelancingo,,tetelancingo
tetelancingo_nahuatl/audios/speaker1_Tetel_Narr_QUZ839_TTA838_2022-08-08-a_1730906.0-1735215.0.wav,QUZ839,"tan facil, uan siqui quichiua ica chapopote",tetelancingo,,tetelancingo
tetelancingo_nahuatl/audios/speaker1_Tetel_Narr_QUZ839_TTA838_2022-08-08-a_1740511.0-1743638.0.wav,QUZ839,ihquin quiixtlalilia uan ompa yi peua neneh,tetelancingo,,tetelancingo
tetelancingo_nahuatl/audios/speaker1_Tetel_Narr_QUZ839_TTA838_2022-08-08-a_1744227.0-1746281.0.wav,QUZ839,mezcla ica muro para tlacpac,tetelancingo,,tetelancingo
tetelancingo_nahuatl/audios/speaker1_Tetel_Narr_QUZ839_TTA838_2022-08-08-a_1747263.0-1753190.0.wav,QUZ839,ohcon quincombatiroah pero tehuan nicah amo ticpiyah neneh amo tipiya neneh,tetelancingo,,tetelancingo
tetelancingo_nahuatl/audios/speaker1_Tetel_Narr_QUZ839_TTA838_2022-08-08-a_1754806.0-1761224.0.wav,QUZ839,salitre pero tla tipiyasquiah humedad neh nimoluia quenin ticchiuasqueh quenin ticcombatirosqueh,tetelancingo,,tetelancingo
tetelancingo_nahuatl/audios/speaker1_Tetel_Narr_QUZ839_TTA838_2022-08-08-a_1761953.0-1764071.0.wav,QUZ839,ica in mamposteo de piedra,tetelancingo,,tetelancingo
tetelancingo_nahuatl/audios/speaker1_Tetel_Narr_QUZ839_TTA838_2022-08-08-a_1765675.0-1771311.0.wav,QUZ839,piedra una tla tiquita catqui humedad simi catqui humedad itich motlal campa titlaconstruiros,tetelancingo,,tetelancingo
tetelancingo_nahuatl/audios/speaker1_Tetel_Narr_QUZ839_TTA838_2022-08-08-a_1772566.0-1778202.0.wav,QUZ839,tons in titl xictlehcolti xictlehcolti uan xicpanoui in tlali mamocaua tlacpac,tetelancingo,,tetelancingo
tetelancingo_nahuatl/audios/speaker1_Tetel_Narr_QUZ839_TTA838_2022-08-08-a_1779569.0-1782423.0.wav,QUZ839,amo niccreeroa humedad manihnimi itich in titl,tetelancingo,,tetelancingo
tetelancingo_nahuatl/audios/speaker1_Tetel_Narr_QUZ839_TTA838_2022-08-08-a_1783855.0-1787073.0.wav,QUZ839,titl uan titl uan titl amo quinihnimiltis humedad,tetelancingo,,tetelancingo
tetelancingo_nahuatl/audios/speaker1_Tetel_Narr_QUZ839_TTA838_2022-08-08-a_1788012.0-1798318.0.wav,QUZ839,"entonces ompa, xi... motrabe uan yi youi nen mezcla muro amo tan como quiera porque tlali tlatzintlan uan momuro de block yeh hasta nican yi tlacpac",tetelancingo,,tetelancingo
tetelancingo_nahuatl/audios/speaker1_Tetel_Narr_QUZ839_TTA838_2022-08-08-a_1799104.0-1801767.0.wav,QUZ839,"acmo, acmo quicontagiaros ica salitre",tetelancingo,,tetelancingo
tetelancingo_nahuatl/audios/speaker1_Tetel_Narr_QUZ839_TTA838_2022-08-08-a_1803748.0-1806939.0.wav,QUZ839,"solo tla cualrecargaruiliah tlali, cualtemilia",tetelancingo,,tetelancingo
tetelancingo_nahuatl/audios/speaker1_Tetel_Narr_QUZ839_TTA838_2022-08-08-a_1807704.0-1814759.0.wav,QUZ839,"quemah ocsipa peuas ompa salitre porque tlali yeh mocontaminaroa, humedad quimopanoltilia",tetelancingo,,tetelancingo
tetelancingo_nahuatl/audios/speaker1_Tetel_Narr_QUZ839_TTA838_2022-08-08-a_1815309.0-1821609.0.wav,QUZ839,uan tla secualrecargaros secualtemilis se imuro de block pues ompa quipeualtihtiquisa salitre,tetelancingo,,tetelancingo
tetelancingo_nahuatl/audios/speaker1_Tetel_Narr_QUZ839_TTA838_2022-08-08-a_1822313.0-1827886.0.wav,QUZ839,pero nican pues amo nican nis tlaluaqui uan amo mota mox secpiya humedad,tetelancingo,,tetelancingo
tetelancingo_nahuatl/audios/speaker1_Tetel_Narr_QUZ839_TTA838_2022-08-08-a_1838532.0-1844859.0.wav,QUZ839,"amo, amo nictlalilis loza ni con el tiempo nicnimilia nitlalis loza, nicniqui san ica lamina",tetelancingo,,tetelancingo
tetelancingo_nahuatl/audios/speaker1_Tetel_Narr_QUZ839_TTA838_2022-08-08-a_1845967.0-1857623.0.wav,QUZ839,entonces amo moniqui miac inversión para ualpeuas hasta quenin temohte reforzado chicauac porque tlamemes amo porque amo tlenoh quimemes realmente,tetelancingo,,tetelancingo
tetelancingo_nahuatl/audios/speaker1_Tetel_Narr_QUZ839_TTA838_2022-08-08-a_1858075.0-1862875.0.wav,QUZ839,"amo isqui itic in tlen quimemes, nochi non motlahtlani",tetelancingo,,tetelancingo
tetelancingo_nahuatl/audios/speaker1_Tetel_Narr_QUZ839_TTA838_2022-08-08-a_1863254.0-1874072.0.wav,QUZ839,uan siqui quihtoah pues mo... mochihchiua cuali ahorita nicpantzacuas ica lamina con el tiempo canah nictlalilis loza porque loza itic loza toneladas y toneladas,tetelancingo,,tetelancingo
tetelancingo_nahuatl/audios/speaker1_Tetel_Narr_QUZ839_TTA838_2022-08-08-a_1875767.0-1877885.0.wav,QUZ839,"quemah, itic simi",tetelancingo,,tetelancingo
tetelancingo_nahuatl/audios/speaker1_Tetel_Narr_QUZ839_TTA838_2022-08-08-a_1879104.0-1884877.0.wav,QUZ839,ohcon yeh ohcon pero pues este,tetelancingo,,tetelancingo
tetelancingo_nahuatl/audios/speaker1_Tetel_Narr_QUZ839_TTA838_2022-08-08-a_1886869.0-1890606.0.wav,QUZ839,yeh ni... quen sequihtos neneh cualtzin non trabajo cualtzin,tetelancingo,,tetelancingo
tetelancingo_nahuatl/audios/speaker1_Tetel_Narr_QUZ839_TTA838_2022-08-08-a_1891612.0-1899567.0.wav,QUZ839,uan pues campa amo cah material campa amo cah titl cah... cateh altipemeh campa amo tlenoh titl quipiya pues quicoah,tetelancingo,,tetelancingo
tetelancingo_nahuatl/audios/speaker1_Tetel_Narr_QUZ839_TTA838_2022-08-08-a_1900027.0-1900991.0.wav,QUZ839,quicoah uehca,tetelancingo,,tetelancingo
tetelancingo_nahuatl/audios/speaker1_Tetel_Narr_QUZ839_TTA838_2022-08-08-a_1903860.0-1904642.0.wav,QUZ839,ohcon,tetelancingo,,tetelancingo
tetelancingo_nahuatl/audios/speaker1_Tetel_Narr_QUZ839_TTA838_2022-08-08-a_1908834.0-1911507.0.wav,QUZ839,"quemah, ohcon, yeh milauac",tetelancingo,,tetelancingo
tetelancingo_nahuatl/audios/speaker1_Tetel_Narr_QUZ839_TTA838_2022-08-08-a_1932465.0-1941556.0.wav,QUZ839,quemah uan tlen tiquitis milauac moniqui macmatili quenin porque porque neh niquita in siquin tocniuan,tetelancingo,,tetelancingo
tetelancingo_nahuatl/audios/speaker1_Tetel_Narr_QUZ839_TTA838_2022-08-08-a_1951047.0-1959402.0.wav,QUZ839,amo secpiya amo niquihtos canah niquixmatilia a la perfección pero quemah mas tzocotzin quipiya de secmatilis quenin yas,tetelancingo,,tetelancingo
tetelancingo_nahuatl/audios/speaker1_Tetel_Narr_QUZ839_TTA838_2022-08-08-a_1970993.0-1979411.0.wav,QUZ839,"uan siqueh amo, niquita siqueh tla quichiuah queh quen yauili cualtlatiuiyan se trabe hasta temohteh patlactic tlacpac",tetelancingo,,tetelancingo
tetelancingo_nahuatl/audios/speaker1_Tetel_Narr_QUZ839_TTA838_2022-08-08-a_1979929.0-1986065.0.wav,QUZ839,"uan tlen tlamemehtoc yeh tzotzocotzin non peligroso, quemah non peligroso",tetelancingo,,tetelancingo
tetelancingo_nahuatl/audios/speaker1_Tetel_Narr_QUZ839_TTA838_2022-08-08-a_1997139.0-1997893.0.wav,QUZ839,ohcon,tetelancingo,,tetelancingo
tetelancingo_nahuatl/audios/speaker1_Tetel_Narr_QUZ839_TTA838_2022-08-08-a_2014768.0-2015268.0.wav,QUZ839,quemah,tetelancingo,,tetelancingo
tetelancingo_nahuatl/audios/speaker1_Tetel_Narr_QUZ839_TTA838_2022-08-08-a_2018313.0-2023249.0.wav,QUZ839,Marcos Huerta Mendez nican altipetl nican Tetelancingo Zacatlán Puebla,tetelancingo,,tetelancingo
tetelancingo_nahuatl/audios/speaker1_Tetel_Narr_QUZ839_TTA838_2022-08-08-a_2024530.0-2025148.0.wav,QUZ839,uan teh,tetelancingo,,tetelancingo
tetelancingo_nahuatl/audios/speaker1_Tetel_Narr_QUZ839_TTA838_2022-08-08-a_2031424.0-2041570.0.wav,QUZ839,"quemah pues yotimononotzqueh mas tzocotzin para, para ximati mas siquiera, siquiera ticaqui pero ohcon secmonextilihtiu ohcon seccaqui",tetelancingo,,tetelancingo
tetelancingo_nahuatl/audios/speaker1_Tetel_Narr_QUZ839_TTA838_2022-08-08-a_2044752.0-2045733.0.wav,QUZ839,amo tlen,tetelancingo,,tetelancingo
tetelancingo_nahuatl/audios/speaker2_Tetel_Narr_QUZ839_TTA838_2022-08-08-a_5810.0-11630.0.wav,TTA838,axan tinechnonotzas quenin neneh mochihchiua calimeh quenin motzinpeualtiah,tetelancingo,,tetelancingo
tetelancingo_nahuatl/audios/speaker2_Tetel_Narr_QUZ839_TTA838_2022-08-08-a_42976.0-44020.0.wav,TTA838,tlenon cuica,tetelancingo,,tetelancingo
tetelancingo_nahuatl/audios/speaker2_Tetel_Narr_QUZ839_TTA838_2022-08-08-a_90595.0-94361.0.wav,TTA838,se cali ohcon quemeh loza de dos pisos,tetelancingo,,tetelancingo
tetelancingo_nahuatl/audios/speaker2_Tetel_Narr_QUZ839_TTA838_2022-08-08-a_94842.0-105120.0.wav,TTA838,quemeh este maquipiya cuartos para nen ohcon neneh queh para secochis uan maquipiya campa se queh pasillos ohcon,tetelancingo,,tetelancingo
tetelancingo_nahuatl/audios/speaker2_Tetel_Narr_QUZ839_TTA838_2022-08-08-a_154100.0-157270.0.wav,TTA838,catqui tlen tohtolontic uan tlen san queh tepatlactic,tetelancingo,,tetelancingo
tetelancingo_nahuatl/audios/speaker2_Tetel_Narr_QUZ839_TTA838_2022-08-08-a_161985.0-163475.0.wav,TTA838,sequixpihpina,tetelancingo,,tetelancingo
tetelancingo_nahuatl/audios/speaker2_Tetel_Narr_QUZ839_TTA838_2022-08-08-a_177045.0-178215.0.wav,TTA838,tohtolontic,tetelancingo,,tetelancingo
tetelancingo_nahuatl/audios/speaker2_Tetel_Narr_QUZ839_TTA838_2022-08-08-a_211625.0-212582.0.wav,TTA838,amatl,tetelancingo,,tetelancingo
tetelancingo_nahuatl/audios/speaker2_Tetel_Narr_QUZ839_TTA838_2022-08-08-a_247090.0-248780.0.wav,TTA838,"para, para mayoui derecho",tetelancingo,,tetelancingo
tetelancingo_nahuatl/audios/speaker2_Tetel_Narr_QUZ839_TTA838_2022-08-08-a_323850.0-327010.0.wav,TTA838,cachi pesado o cachi chicauac,tetelancingo,,tetelancingo
tetelancingo_nahuatl/audios/speaker2_Tetel_Narr_QUZ839_TTA838_2022-08-08-a_349110.0-350670.0.wav,TTA838,peua cuali de tlatzintla,tetelancingo,,tetelancingo
tetelancingo_nahuatl/audios/speaker2_Tetel_Narr_QUZ839_TTA838_2022-08-08-a_366260.0-367683.0.wav,TTA838,maican cuahcualimeh,tetelancingo,,tetelancingo
tetelancingo_nahuatl/audios/speaker2_Tetel_Narr_QUZ839_TTA838_2022-08-08-a_433303.0-434681.0.wav,TTA838,queh uiuiyaqueh,tetelancingo,,tetelancingo
tetelancingo_nahuatl/audios/speaker2_Tetel_Narr_QUZ839_TTA838_2022-08-08-a_671173.0-671991.0.wav,TTA838,yen istac,tetelancingo,,tetelancingo
tetelancingo_nahuatl/audios/speaker2_Tetel_Narr_QUZ839_TTA838_2022-08-08-a_720971.0-721734.0.wav,TTA838,amo itic,tetelancingo,,tetelancingo
tetelancingo_nahuatl/audios/speaker2_Tetel_Narr_QUZ839_TTA838_2022-08-08-a_749178.0-749851.0.wav,TTA838,caltlampa,tetelancingo,,tetelancingo
tetelancingo_nahuatl/audios/speaker2_Tetel_Narr_QUZ839_TTA838_2022-08-08-a_882301.0-883191.0.wav,TTA838,tlaueyican,tetelancingo,,tetelancingo
tetelancingo_nahuatl/audios/speaker2_Tetel_Narr_QUZ839_TTA838_2022-08-08-a_884131.0-885251.0.wav,TTA838,tla cocoyotztoqueh,tetelancingo,,tetelancingo
tetelancingo_nahuatl/audios/speaker2_Tetel_Narr_QUZ839_TTA838_2022-08-08-a_1009850.0-1010786.0.wav,TTA838,yochihcoliu,tetelancingo,,tetelancingo
tetelancingo_nahuatl/audios/speaker2_Tetel_Narr_QUZ839_TTA838_2022-08-08-a_1064178.0-1065196.0.wav,TTA838,uan tla acalactos,tetelancingo,,tetelancingo
tetelancingo_nahuatl/audios/speaker2_Tetel_Narr_QUZ839_TTA838_2022-08-08-a_1066548.0-1069230.0.wav,TTA838,siqueh amo no quinyecchichiuah o quenin,tetelancingo,,tetelancingo
tetelancingo_nahuatl/audios/speaker2_Tetel_Narr_QUZ839_TTA838_2022-08-08-a_1108721.0-1110466.0.wav,TTA838,moquitzquia parejo,tetelancingo,,tetelancingo
tetelancingo_nahuatl/audios/speaker2_Tetel_Narr_QUZ839_TTA838_2022-08-08-a_1129453.0-1129917.0.wav,TTA838,quemah,tetelancingo,,tetelancingo
tetelancingo_nahuatl/audios/speaker2_Tetel_Narr_QUZ839_TTA838_2022-08-08-a_1142643.0-1150243.0.wav,TTA838,quemeh Omitlán ichan Marta in ompa nenen mox nen loza yen cuando quiyoui chicauac campa cateh in focos ompa pantlachocholocatoc,tetelancingo,,tetelancingo
tetelancingo_nahuatl/audios/speaker2_Tetel_Narr_QUZ839_TTA838_2022-08-08-a_1150731.0-1158095.0.wav,TTA838,nochi cahcalactoc atl casi nochi nen quemeh ueyi in colado ohcon nenen nochi ohcon tlaacalaqui,tetelancingo,,tetelancingo
tetelancingo_nahuatl/audios/speaker2_Tetel_Narr_QUZ839_TTA838_2022-08-08-a_1158454.0-1167154.0.wav,TTA838,san ahauic tlachocholoca amo nen a... xa amo ocyecchihchiuqueh o o quintlani cuando neneh quitlatiuia nen piso quenin,tetelancingo,,tetelancingo
tetelancingo_nahuatl/audios/speaker2_Tetel_Narr_QUZ839_TTA838_2022-08-08-a_1220486.0-1223077.0.wav,TTA838,"o, sa queh amo quipantzacua nen",tetelancingo,,tetelancingo
tetelancingo_nahuatl/audios/speaker2_Tetel_Narr_QUZ839_TTA838_2022-08-08-a_1226533.0-1227460.0.wav,TTA838,tzocopintzin,tetelancingo,,tetelancingo
tetelancingo_nahuatl/audios/speaker2_Tetel_Narr_QUZ839_TTA838_2022-08-08-a_1296305.0-1296996.0.wav,TTA838,ah sí,tetelancingo,,tetelancingo
tetelancingo_nahuatl/audios/speaker2_Tetel_Narr_QUZ839_TTA838_2022-08-08-a_1377134.0-1378115.0.wav,TTA838,mauehcapa,tetelancingo,,tetelancingo
tetelancingo_nahuatl/audios/speaker2_Tetel_Narr_QUZ839_TTA838_2022-08-08-a_1409692.0-1410837.0.wav,TTA838,tiyini,tetelancingo,,tetelancingo
tetelancingo_nahuatl/audios/speaker2_Tetel_Narr_QUZ839_TTA838_2022-08-08-a_1417419.0-1418637.0.wav,TTA838,patzcalaquis,tetelancingo,,tetelancingo
tetelancingo_nahuatl/audios/speaker2_Tetel_Narr_QUZ839_TTA838_2022-08-08-a_1436713.0-1439322.0.wav,TTA838,octlalayah yen mox nen xamo nixtlal,tetelancingo,,tetelancingo
tetelancingo_nahuatl/audios/speaker2_Tetel_Narr_QUZ839_TTA838_2022-08-08-a_1472809.0-1473336.0.wav,TTA838,cuali,tetelancingo,,tetelancingo
tetelancingo_nahuatl/audios/speaker2_Tetel_Narr_QUZ839_TTA838_2022-08-08-a_1474802.0-1475739.0.wav,TTA838,pero cualtzin,tetelancingo,,tetelancingo
tetelancingo_nahuatl/audios/speaker2_Tetel_Narr_QUZ839_TTA838_2022-08-08-a_1476927.0-1483572.0.wav,TTA838,oquiluayah mox esquineros neneh timeh y pero uehueyetiqueh uan tihtilacaxtiqueh,tetelancingo,,tetelancingo
tetelancingo_nahuatl/audios/speaker2_Tetel_Narr_QUZ839_TTA838_2022-08-08-a_1556850.0-1562905.0.wav,TTA838,"quemeh ichan mocniu Jonathan in ompa simi tlaacalaqui, simi neneh atl simi quemeh ahcopauitzi",tetelancingo,,tetelancingo
tetelancingo_nahuatl/audios/speaker2_Tetel_Narr_QUZ839_TTA838_2022-08-08-a_1563543.0-1570588.0.wav,TTA838,mox yen nenen atl quemeh simi icompic timoa o yen tipantl amo tilauac o este...,tetelancingo,,tetelancingo
tetelancingo_nahuatl/audios/speaker2_Tetel_Narr_QUZ839_TTA838_2022-08-08-a_1571142.0-1575969.0.wav,TTA838,siqui sequitas hasta ich in piso pan... quemeh ahcopauitztoc queh ahcomomolocatoc,tetelancingo,,tetelancingo
tetelancingo_nahuatl/audios/speaker2_Tetel_Narr_QUZ839_TTA838_2022-08-08-a_1579828.0-1581919.0.wav,TTA838,o yen queh tlacomoltzin quichihchiua,tetelancingo,,tetelancingo
tetelancingo_nahuatl/audios/speaker2_Tetel_Narr_QUZ839_TTA838_2022-08-08-a_1621905.0-1629068.0.wav,TTA838,uan cachi quinichicoa nen atl campa nenen quiluia mox quemeh costlal quemeh ocotzotic,tetelancingo,,tetelancingo
tetelancingo_nahuatl/audios/speaker2_Tetel_Narr_QUZ839_TTA838_2022-08-08-a_1656755.0-1658246.0.wav,TTA838,"calimeh, quintiyiniah",tetelancingo,,tetelancingo
tetelancingo_nahuatl/audios/speaker2_Tetel_Narr_QUZ839_TTA838_2022-08-08-a_1802304.0-1804913.0.wav,TTA838,solo tla cualtemiliah tlali icuitlapan,tetelancingo,,tetelancingo
tetelancingo_nahuatl/audios/speaker2_Tetel_Narr_QUZ839_TTA838_2022-08-08-a_1811472.0-1812426.0.wav,TTA838,cualmagatoc,tetelancingo,,tetelancingo
tetelancingo_nahuatl/audios/speaker2_Tetel_Narr_QUZ839_TTA838_2022-08-08-a_1874310.0-1876992.0.wav,TTA838,"titl uan xali, nochi non",tetelancingo,,tetelancingo
tetelancingo_nahuatl/audios/speaker2_Tetel_Narr_QUZ839_TTA838_2022-08-08-a_1899245.0-1901827.0.wav,TTA838,"nochi quicoah uehca, uan patiyoh",tetelancingo,,tetelancingo
tetelancingo_nahuatl/audios/speaker2_Tetel_Narr_QUZ839_TTA838_2022-08-08-a_1903179.0-1909152.0.wav,TTA838,quemah casi cachi quinquisa patiyoh ica non miqueh quinchihchiuah mejor mas tabla caltzitzin,tetelancingo,,tetelancingo
tetelancingo_nahuatl/audios/speaker2_Tetel_Narr_QUZ839_TTA838_2022-08-08-a_1911617.0-1912899.0.wav,TTA838,quemah bueno pues,tetelancingo,,tetelancingo
tetelancingo_nahuatl/audios/speaker2_Tetel_Narr_QUZ839_TTA838_2022-08-08-a_1914023.0-1921578.0.wav,TTA838,yotitechnonotz quenin mochihchiua in calimeh ich in nicancah toaltepetl Tetelancingo,tetelancingo,,tetelancingo
tetelancingo_nahuatl/audios/speaker2_Tetel_Narr_QUZ839_TTA838_2022-08-08-a_1922729.0-1932720.0.wav,TTA838,uan neneh pues ticmateh mas tzocotzin porque a veces sequita a veces san yocanqui chihchiutoqueh in cali pero amo secmati tlenoh in cuica tlenoh in quitlaliliah tlenoh in nen moniqui,tetelancingo,,tetelancingo
tetelancingo_nahuatl/audios/speaker2_Tetel_Narr_QUZ839_TTA838_2022-08-08-a_1948774.0-1950129.0.wav,TTA838,ompa quimonextilihtoc,tetelancingo,,tetelancingo
tetelancingo_nahuatl/audios/speaker2_Tetel_Narr_QUZ839_TTA838_2022-08-08-a_1981765.0-1982956.0.wav,TTA838,pihpitzactiqueh,tetelancingo,,tetelancingo
tetelancingo_nahuatl/audios/speaker2_Tetel_Narr_QUZ839_TTA838_2022-08-08-a_1983441.0-1984523.0.wav,TTA838,"quemah, patlachiuis",tetelancingo,,tetelancingo
tetelancingo_nahuatl/audios/speaker2_Tetel_Narr_QUZ839_TTA838_2022-08-08-a_1989327.0-1997172.0.wav,TTA838,"xa cachi cuali in tlen quimonextilihtiueh siquen mas ya chicauaqueh amayic amayic tlasaloah, amayic quimonextiliah de por sí in ohcon tiquiteh pitzotic",tetelancingo,,tetelancingo
tetelancingo_nahuatl/audios/speaker2_Tetel_Narr_QUZ839_TTA838_2022-08-08-a_1997979.0-2001788.0.wav,TTA838,"amo cualtzin con que mactlani, mactlaxtlauican para yeh ya cuali",tetelancingo,,tetelancingo
tetelancingo_nahuatl/audios/speaker2_Tetel_Narr_QUZ839_TTA838_2022-08-08-a_2005046.0-2009519.0.wav,TTA838,"quemah, pues xa cachi cuali yoticmatqueh mas tzocotzin cachi nen",tetelancingo,,tetelancingo
tetelancingo_nahuatl/audios/speaker2_Tetel_Narr_QUZ839_TTA838_2022-08-08-a_2010647.0-2014719.0.wav,TTA838,"technonotza pues, este ohcon ya setlasaloa",tetelancingo,,tetelancingo
tetelancingo_nahuatl/audios/speaker2_Tetel_Narr_QUZ839_TTA838_2022-08-08-a_2016372.0-2017799.0.wav,TTA838,uan tlenoh motoocaa teh,tetelancingo,,tetelancingo
tetelancingo_nahuatl/audios/speaker2_Tetel_Narr_QUZ839_TTA838_2022-08-08-a_2025671.0-2032180.0.wav,TTA838,"neh notoocaa, Consuelo García Nabor, nican ihquin noyiuqui ich in altepetl Tetelancingo Zacatlán Puebla",tetelancingo,,tetelancingo
tetelancingo_nahuatl/audios/speaker2_Tetel_Narr_QUZ839_TTA838_2022-08-08-a_2041859.0-2044613.0.wav,TTA838,"quemah, tlasohcamatictzin",tetelancingo,,tetelancingo
tetelancingo_nahuatl/audios/speaker1_Tetel_Narr_RET846_2022-06-11_5420.0-10150.0.wav,RET846,"bueno pues nican, nican nican nitlahtos",tetelancingo,,tetelancingo
tetelancingo_nahuatl/audios/speaker1_Tetel_Narr_RET846_2022-06-11_11550.0-20260.0.wav,RET846,de parte de noabuelitos anteriores quenic omofundaroh nicancah comunidad de Tetelancingo,tetelancingo,,tetelancingo
tetelancingo_nahuatl/audios/speaker1_Tetel_Narr_RET846_2022-06-11_21270.0-27030.0.wav,RET846,omofundaroh nicancah comunidad de Tetelancingo de necah tiempo,tetelancingo,,tetelancingo
tetelancingo_nahuatl/audios/speaker1_Tetel_Narr_RET846_2022-06-11_28425.0-35075.0.wav,RET846,"neh oniyol itich año de mil novecientos cuarenta y tres, pero de non de cuarenta y tres",tetelancingo,,tetelancingo
tetelancingo_nahuatl/audios/speaker1_Tetel_Narr_RET846_2022-06-11_36155.0-38315.0.wav,RET846,cuando neh yonicpiyaya ocho años,tetelancingo,,tetelancingo
tetelancingo_nahuatl/audios/speaker1_Tetel_Narr_RET846_2022-06-11_39550.0-47370.0.wav,RET846,"iuan onitlapix difuntito noabuelito Guadalupe Bazan, uan difuntito noabue Guadalupe Bazan",tetelancingo,,tetelancingo
tetelancingo_nahuatl/audios/speaker1_Tetel_Narr_RET846_2022-06-11_47955.0-56375.0.wav,RET846,"campa iuan onitlapiyaya de noocho años nueve años en adelante cuando, cuando iuan onitlapiyaya ompa",tetelancingo,,tetelancingo
tetelancingo_nahuatl/audios/speaker1_Tetel_Narr_RET846_2022-06-11_57280.0-60630.0.wav,RET846,onechcontaruilaya ihistoria anterior,tetelancingo,,tetelancingo
tetelancingo_nahuatl/audios/speaker1_Tetel_Narr_RET846_2022-06-11_61710.0-67050.0.wav,RET846,"necah tlaixyehyecolistli anterior, cuando ifinado papá",tetelancingo,,tetelancingo
tetelancingo_nahuatl/audios/speaker1_Tetel_Narr_RET846_2022-06-11_68390.0-77960.0.wav,RET846,"omotocayotaya Reyes Bazan yehua non Reyes Bazan oualah, o... oualah de, de ne Xochiapulco",tetelancingo,,tetelancingo
tetelancingo_nahuatl/audios/speaker1_Tetel_Narr_RET846_2022-06-11_78910.0-81950.0.wav,RET846,cuando omochiutoya guerra iuan,tetelancingo,,tetelancingo
tetelancingo_nahuatl/audios/speaker1_Tetel_Narr_RET846_2022-06-11_92250.0-94320.0.wav,RET846,como le dije Juan Lucas,tetelancingo,,tetelancingo
tetelancingo_nahuatl/audios/speaker1_Tetel_Narr_RET846_2022-06-11_103992.0-112265.0.wav,RET846,"Juan Francisco Lucas, entonces necah tiempo nofinado abuelito, segundo abuelito de nopapá",tetelancingo,,tetelancingo
tetelancingo_nahuatl/audios/speaker1_Tetel_Narr_RET846_2022-06-11_113235.0-117108.0.wav,RET846,yeh ompa oguerrillaroh iuan Juan Francisco Lucas,tetelancingo,,tetelancingo
tetelancingo_nahuatl/audios/speaker1_Tetel_Narr_RET846_2022-06-11_117780.0-123435.0.wav,RET846,uan de ompa pues o... omonacteh necah guerra den Españoles,tetelancingo,,tetelancingo
tetelancingo_nahuatl/audios/speaker1_Tetel_Narr_RET846_2022-06-11_124215.0-129433.0.wav,RET846,entonces youalmihcuanihqueh para nican itich nin rancho,tetelancingo,,tetelancingo
tetelancingo_nahuatl/audios/speaker1_Tetel_Narr_RET846_2022-06-11_130295.99999999999-139978.0.wav,RET846,"uan de nin rancho nican oehcocoh, nican nin rancho pues simi mota tlapitzotic simi tipexiyo simi bohtla",tetelancingo,,tetelancingo
tetelancingo_nahuatl/audios/speaker1_Tetel_Narr_RET846_2022-06-11_140599.0-146790.0.wav,RET846,"pues nican oualahqueh quemeh, quemeh, youalcholohqueh de ne Xochiapulco para nican",tetelancingo,,tetelancingo
tetelancingo_nahuatl/audios/speaker1_Tetel_Narr_RET846_2022-06-11_152551.0-159888.0.wav,RET846,"o sea ihcuac o... amo ocatca rancho, ocatca acaualero montaña peñajoso",tetelancingo,,tetelancingo
tetelancingo_nahuatl/audios/speaker1_Tetel_Narr_RET846_2022-06-11_160481.0-166981.0.wav,RET846,pues canin yeh ualas contrario amaquin oualah nican tons yehuan nican yopeuacoh tiquiteh,tetelancingo,,tetelancingo
tetelancingo_nahuatl/audios/speaker1_Tetel_Narr_RET846_2022-06-11_167686.0-174559.0.wav,RET846,"noabuelito, nosegundo abuelito Reyes Bazan yehuatl yopeu tiquiti nican ich nin terrenos",tetelancingo,,tetelancingo
tetelancingo_nahuatl/audios/speaker1_Tetel_Narr_RET846_2022-06-11_175282.0-184036.0.wav,RET846,uan de nin terrenos casi casi ocmaneh nochi in comunidades de nin Tetelancingo o sea de nochi in territorio de nin Tetelancingo,tetelancingo,,tetelancingo
tetelancingo_nahuatl/audios/speaker1_Tetel_Narr_RET846_2022-06-11_184947.0-190356.0.wav,RET846,entonces después cuando yeh ya falleceros,tetelancingo,,tetelancingo
tetelancingo_nahuatl/audios/speaker1_Tetel_Narr_RET846_2022-06-11_190931.0-197858.0.wav,RET846,yoquicauteu ni... nitelpoch itoca Guadalupe Bazan porque in tetatah yeh Reyes Bazan,tetelancingo,,tetelancingo
tetelancingo_nahuatl/audios/speaker1_Tetel_Narr_RET846_2022-06-11_199092.0-204783.0.wav,RET846,uan nen tetelpoch yeh omotocayoteh Guadalupe,tetelancingo,,tetelancingo
tetelancingo_nahuatl/audios/speaker1_Tetel_Narr_RET846_2022-06-11_206341.0-214859.0.wav,RET846,"Guadalupe Bazan, uan de non Guadalupe Bazan yehuatl yo... yocnauatihqueh",tetelancingo,,tetelancingo
tetelancingo_nahuatl/audios/speaker1_Tetel_Narr_RET846_2022-06-11_215818.0-227300.0.wav,RET846,nican ocatca san se sección porque octemacaya faenas ne tlacpac itich in pueblo de Cuacuila cuando ayamo miac gente apenas ocatcah seis siete ocho personas,tetelancingo,,tetelancingo
tetelancingo_nahuatl/audios/speaker1_Tetel_Narr_RET846_2022-06-11_227691.0-235446.0.wav,RET846,faineros ompa in oquinualpantilanayah para oyayah faineros Cuacuila uan nican pues ayamo occhiuayah faenas,tetelancingo,,tetelancingo
tetelancingo_nahuatl/audios/speaker1_Tetel_Narr_RET846_2022-06-11_236683.0-243933.0.wav,RET846,"ich nin comunidad porque ayamo ocatca pueblo, ayamo, ayamo omomandarouayah yehuan inmixcoyan",tetelancingo,,tetelancingo
tetelancingo_nahuatl/audios/speaker1_Tetel_Narr_RET846_2022-06-11_244413.0-247355.0.wav,RET846,sino que oquinualpanmandarouayah Cuacuila,tetelancingo,,tetelancingo
tetelancingo_nahuatl/audios/speaker1_Tetel_Narr_RET846_2022-06-11_248149.0-254874.0.wav,RET846,ompa in ocatca in chicauac pueblo autoridades pues ompa uan nican pues ocatca se sección,tetelancingo,,tetelancingo
tetelancingo_nahuatl/audios/speaker1_Tetel_Narr_RET846_2022-06-11_255807.0-262674.0.wav,RET846,nin sección de nin comunidad de Tetelancingo tons después nosegundo abuelito Reyes Bazan,tetelancingo,,tetelancingo
tetelancingo_nahuatl/audios/speaker1_Tetel_Narr_RET846_2022-06-11_263177.0-271877.0.wav,RET846,yeh yocnimileh quidonaros terreno ne tlaniuic nican ticateh nican nin tlalticpactzintli motocayotia Cacapolihtic,tetelancingo,,tetelancingo
tetelancingo_nahuatl/audios/speaker1_Tetel_Narr_RET846_2022-06-11_272601.0-278901.0.wav,RET846,uan de nican Cacapolihtic nochi ocatca iaxca necah este tocohcoltzin Reyes Bazan,tetelancingo,,tetelancingo
tetelancingo_nahuatl/audios/speaker1_Tetel_Narr_RET846_2022-06-11_279480.0-284805.0.wav,RET846,uan después yoquilueh itelpoch axan lo que tlen ticchiuasqueh,tetelancingo,,tetelancingo
tetelancingo_nahuatl/audios/speaker1_Tetel_Narr_RET846_2022-06-11_285416.0-291316.0.wav,RET846,mejor tictlaocolisqueh pueblo o sea mocauas se tramito terreno para in pueblo,tetelancingo,,tetelancingo
tetelancingo_nahuatl/audios/speaker1_Tetel_Narr_RET846_2022-06-11_308675.0-316750.0.wav,RET846,"neh acmo niuilic ya nican ya niyahtoc ya nitetahtzi ya, ya nimomiquilis pero nimitzcauilihteua en palabra",tetelancingo,,tetelancingo
tetelancingo_nahuatl/audios/speaker1_Tetel_Narr_RET846_2022-06-11_317726.0-327225.0.wav,RET846,porque se ome ciudadanos tlen omonichicohqueh siete ocho personas yehuan nonqueh oniquinmacac cuenta,tetelancingo,,tetelancingo
tetelancingo_nahuatl/audios/speaker1_Tetel_Narr_RET846_2022-06-11_327567.0-332045.0.wav,RET846,de que neh nitemacateua donado terreno tetlaocolil,tetelancingo,,tetelancingo
tetelancingo_nahuatl/audios/speaker1_Tetel_Narr_RET846_2022-06-11_332760.0-339553.0.wav,RET846,mo nite... tetlaocolihteua tlali para mamoformaro nicancah pueblo Tetelancingo,tetelancingo,,tetelancingo
tetelancingo_nahuatl/audios/speaker1_Tetel_Narr_RET846_2022-06-11_340776.0-351437.0.wav,RET846,"uan ica non nimitzcauilihteua in orden, nimitzcauilihteua in orden, se... se ilnamicocatl de nehuatl nimitzcauilihteua",tetelancingo,,tetelancingo
tetelancingo_nahuatl/audios/speaker1_Tetel_Narr_RET846_2022-06-11_351948.0-358015.0.wav,RET846,de que teh ximati uan yen tehuatl en favor de neh xiquinmaca in ciudadanos,tetelancingo,,tetelancingo
tetelancingo_nahuatl/audios/speaker1_Tetel_Narr_RET846_2022-06-11_358500.0-365260.0.wav,RET846,"xiquinmaca necah, necah terreno porque yoniquinnonotz uan yoniquinmacac cuenta",tetelancingo,,tetelancingo
tetelancingo_nahuatl/audios/speaker1_Tetel_Narr_RET846_2022-06-11_365661.0-369514.0.wav,RET846,de que neh nite... nitetlaocolihteua in tlali para in pueblo,tetelancingo,,tetelancingo
tetelancingo_nahuatl/audios/speaker1_Tetel_Narr_RET846_2022-06-11_370324.0-378318.0.wav,RET846,cuando namehuan ya namisqueh ocho nueve diez ciudadanos ihcuac ohcon queman yeh xipeuacan ximotiquitiltican,tetelancingo,,tetelancingo
tetelancingo_nahuatl/audios/speaker1_Tetel_Narr_RET846_2022-06-11_378842.0-384262.0.wav,RET846,uan xicchiuacan namojuzgado para nican namoxilosqueh acmo xiyacan hasta Cuacuila,tetelancingo,,tetelancingo
tetelancingo_nahuatl/audios/speaker1_Tetel_Narr_RET846_2022-06-11_390965.0-397440.0.wav,RET846,"nosiuau yocuicaqueh yomotocato Cuacuila tons neh no ompa nimo..., nimotocati Cuacuila",tetelancingo,,tetelancingo
tetelancingo_nahuatl/audios/speaker1_Tetel_Narr_RET846_2022-06-11_397764.0-400127.0.wav,RET846,itich in campo santo de Cuacuila,tetelancingo,,tetelancingo
tetelancingo_nahuatl/audios/speaker1_Tetel_Narr_RET846_2022-06-11_400708.0-404702.0.wav,RET846,uan namehuan para tleca namotlalochtihtinimisqueh de nican hasta Cuacuila,tetelancingo,,tetelancingo
tetelancingo_nahuatl/audios/speaker1_Tetel_Narr_RET846_2022-06-11_405136.0-413387.0.wav,RET846,ya nitemacateua in tlali para con eso ohcon namehuan ya nican aquin miquis nican ya motocas,tetelancingo,,tetelancingo
tetelancingo_nahuatl/audios/speaker1_Tetel_Narr_RET846_2022-06-11_413794.0-421025.0.wav,RET846,occiqui yoltasqueh uan mictasqueh nican motocasqueh ya monombraros nicancah comunidad Tetelancingo,tetelancingo,,tetelancingo
tetelancingo_nahuatl/audios/speaker1_Tetel_Narr_RET846_2022-06-11_421612.0-427575.0.wav,RET846,entonces por eso ica non yi nictemacateua in tlali pero como neh ya nimomachilia nimiquis,tetelancingo,,tetelancingo
tetelancingo_nahuatl/audios/speaker1_Tetel_Narr_RET846_2022-06-11_428167.0-434298.0.wav,RET846,san nimitzcauilihteua in tlahtol para ya tehuatl xictemacti en favor de nehuatl,tetelancingo,,tetelancingo
tetelancingo_nahuatl/audios/speaker1_Tetel_Narr_RET846_2022-06-11_434610.0-440048.0.wav,RET846,xictemacti in tlali teh Guadalupe Bazan motoca tinoconeu,tetelancingo,,tetelancingo
tetelancingo_nahuatl/audios/speaker1_Tetel_Narr_RET846_2022-06-11_441040.0-444765.0.wav,RET846,ximocaua quemeh en favor de nehuatl xictemaca in tlali,tetelancingo,,tetelancingo
tetelancingo_nahuatl/audios/speaker1_Tetel_Narr_RET846_2022-06-11_445645.0-452157.0.wav,RET846,temaca in tlali amo yeh ticnegaroa amo yeh satepan tiquihtos amo tiquincauilis ciudadanos,tetelancingo,,tetelancingo
tetelancingo_nahuatl/audios/speaker1_Tetel_Narr_RET846_2022-06-11_452575.0-457637.0.wav,RET846,tlen ayamo compañeros quemeh este ya tiquitineh de nin pueblo,tetelancingo,,tetelancingo
tetelancingo_nahuatl/audios/speaker1_Tetel_Narr_RET846_2022-06-11_457875.0-461462.0.wav,RET846,para moformaros in pueblo de nican Tetelancingo,tetelancingo,,tetelancingo
tetelancingo_nahuatl/audios/speaker1_Tetel_Narr_RET846_2022-06-11_467709.0-473209.0.wav,RET846,tiquihtos yen tehuatl ya... ya moaxca uan acmo tiquinmacas amo nehuatl nitlahtohteua,tetelancingo,,tetelancingo
tetelancingo_nahuatl/audios/speaker1_Tetel_Narr_RET846_2022-06-11_473651.0-475901.0.wav,RET846,para xiquinmacti in terreno este in tlali,tetelancingo,,tetelancingo
tetelancingo_nahuatl/audios/speaker1_Tetel_Narr_RET846_2022-06-11_477031.0-480406.0.wav,RET846,"bueno, tons, axan yen teh yi timocaua",tetelancingo,,tetelancingo
tetelancingo_nahuatl/audios/speaker1_Tetel_Narr_RET846_2022-06-11_480965.0-485203.0.wav,RET846,uan de non de timocaua pues este nene xitemacti tlali,tetelancingo,,tetelancingo
tetelancingo_nahuatl/audios/speaker1_Tetel_Narr_RET846_2022-06-11_485695.0-492001.0.wav,RET846,"neh ya nipohpoliuis uan tehuatl oc timocaua, oc tichicauac oc tichicauac titlacat xitemacti in tlali",tetelancingo,,tetelancingo
tetelancingo_nahuatl/audios/speaker1_Tetel_Narr_RET846_2022-06-11_492869.0-502842.0.wav,RET846,uan de non tlali necah tiempo xa quemeh itich año de mil novecientos veinte o veintidos,tetelancingo,,tetelancingo
tetelancingo_nahuatl/audios/speaker1_Tetel_Narr_RET846_2022-06-11_503530.0-509105.0.wav,RET846,"ihcuac non tiempo, mil novecientos veinte o veintidos non tiempo",tetelancingo,,tetelancingo
tetelancingo_nahuatl/audios/speaker1_Tetel_Narr_RET846_2022-06-11_510395.0-515558.0.wav,RET846,ihcuac yopeuqueh in motiquitiltiah yocform... yopeuqueh quichiuah,tetelancingo,,tetelancingo
tetelancingo_nahuatl/audios/speaker1_Tetel_Narr_RET846_2022-06-11_517865.0-519308.99999999994.wav,RET846,este pared,tetelancingo,,tetelancingo
tetelancingo_nahuatl/audios/speaker1_Tetel_Narr_RET846_2022-06-11_519967.0-525248.0.wav,RET846,"de nenen para in juzgado, yoquipeuqueh quichiuah in juzgado",tetelancingo,,tetelancingo
tetelancingo_nahuatl/audios/speaker1_Tetel_Narr_RET846_2022-06-11_525788.0-528745.0.wav,RET846,depués hasta después yocpeualtihqueh iglesia,tetelancingo,,tetelancingo
tetelancingo_nahuatl/audios/speaker1_Tetel_Narr_RET846_2022-06-11_529189.0-535720.0.wav,RET846,pero in cementerio de in campo santo campa motlaltocasqueh tocniuan yeh achto ya,tetelancingo,,tetelancingo
tetelancingo_nahuatl/audios/speaker1_Tetel_Narr_RET846_2022-06-11_536300.0-538425.0.wav,RET846,ya xicnotzacan se tiopixqui,tetelancingo,,tetelancingo
tetelancingo_nahuatl/audios/speaker1_Tetel_Narr_RET846_2022-06-11_538902.0-545202.0.wav,RET846,para moctiochiua in tlali uan yi para xicuican para namocampo santo acmo can namouicatinimisqueh,tetelancingo,,tetelancingo
tetelancingo_nahuatl/audios/speaker1_Tetel_Narr_RET846_2022-06-11_545975.0-550812.0.wav,RET846,tlen ualyoltasqueh tlen omictasqueh noncan ya namotlapachohtasqueh ne,tetelancingo,,tetelancingo
tetelancingo_nahuatl/audios/speaker1_Tetel_Narr_RET846_2022-06-11_551287.0-554443.0.wav,RET846,nen itich necah tlali tlen nictetlaocolihteua,tetelancingo,,tetelancingo
tetelancingo_nahuatl/audios/speaker1_Tetel_Narr_RET846_2022-06-11_555173.0-559504.0.wav,RET846,"amo nicnamacateua nictetetlaocolia, bueno tons ompa",tetelancingo,,tetelancingo
tetelancingo_nahuatl/audios/speaker1_Tetel_Narr_RET846_2022-06-11_569171.0-574508.0.wav,RET846,yeh no Bazan noabuelito Guadalupe Bazan entonces non tiempo,tetelancingo,,tetelancingo
tetelancingo_nahuatl/audios/speaker1_Tetel_Narr_RET846_2022-06-11_575209.0-580559.0.wav,RET846,"non tiempo yehuatl, yopeu este tehuan nitiquiti",tetelancingo,,tetelancingo
tetelancingo_nahuatl/audios/speaker1_Tetel_Narr_RET846_2022-06-11_581141.0-586616.0.wav,RET846,ica faenas para nen para in cali den juzgado,tetelancingo,,tetelancingo
tetelancingo_nahuatl/audios/speaker1_Tetel_Narr_RET846_2022-06-11_587131.0-593617.0.wav,RET846,para in cali den escuelas san sican oquinuipanqueh iuan cuarto de maestro,tetelancingo,,tetelancingo
tetelancingo_nahuatl/audios/speaker1_Tetel_Narr_RET846_2022-06-11_597436.0-601019.0.wav,RET846,"uan se campo de, campo deportivo de",tetelancingo,,tetelancingo
tetelancingo_nahuatl/audios/speaker1_Tetel_Narr_RET846_2022-06-11_606148.0-612337.0.wav,RET846,"mas san de tierra ayamo amo de piso, porque canin nanquicuisqueh cemento canin nancanatiueh",tetelancingo,,tetelancingo
tetelancingo_nahuatl/audios/speaker1_Tetel_Narr_RET846_2022-06-11_612759.0-618670.0.wav,RET846,canin nancuisqueh miac calidra material hasta Zacatlán hasta Tetela nantzicuintinimisqueh,tetelancingo,,tetelancingo
tetelancingo_nahuatl/audios/speaker1_Tetel_Narr_RET846_2022-06-11_619135.0-623852.0.wav,RET846,nanquita trabajo para ehcos material nican xichiuacah hornos,tetelancingo,,tetelancingo
tetelancingo_nahuatl/audios/speaker1_Tetel_Narr_RET846_2022-06-11_624282.0-629937.0.wav,RET846,chiuacan hornos de bouitl ornos de titl uan xitlatican necah este,tetelancingo,,tetelancingo
tetelancingo_nahuatl/audios/speaker1_Tetel_Narr_RET846_2022-06-11_630545.0-636228.0.wav,RET846,tinixtli para yehuatl non nancuisqueh para ica in barda nanquichiuasqueh para con eso ohcon,tetelancingo,,tetelancingo
tetelancingo_nahuatl/audios/speaker1_Tetel_Narr_RET846_2022-06-11_636702.0-641175.0.wav,RET846,nanquipiyasqueh namojuzgado uan quinchiuacan hornos,tetelancingo,,tetelancingo
tetelancingo_nahuatl/audios/speaker1_Tetel_Narr_RET846_2022-06-11_641507.0-646462.0.wav,RET846,ome hornos chiuacan para con eso nican nanquinotzasqueh se tejero,tetelancingo,,tetelancingo
tetelancingo_nahuatl/audios/speaker1_Tetel_Narr_RET846_2022-06-11_646971.0-650627.0.wav,RET846,para quichiuaquiu teja uan para mo...,tetelancingo,,tetelancingo
tetelancingo_nahuatl/audios/speaker1_Tetel_Narr_RET846_2022-06-11_651158.0-654769.0.wav,RET846,mo... ic mopantzacuas namojuzgado uan namoescuela,tetelancingo,,tetelancingo
tetelancingo_nahuatl/audios/speaker1_Tetel_Narr_RET846_2022-06-11_655289.0-660244.0.wav,RET846,uan cuarto de maestros tons yehuatl non nimitzcauilihteua acuerdo,tetelancingo,,tetelancingo
tetelancingo_nahuatl/audios/speaker1_Tetel_Narr_RET846_2022-06-11_660800.0-667411.0.wav,RET846,yeh Guadalupe Bazan quemeh tinoconeu nunca ya nimitzcauilihteua nochi nicancah tlanonotztli,tetelancingo,,tetelancingo
tetelancingo_nahuatl/audios/speaker1_Tetel_Narr_RET846_2022-06-11_667953.0-674714.0.wav,RET846,"uan xichiua, xichiua Guadalupe Bazan amo yeh timonegaroa amo ximonegaro",tetelancingo,,tetelancingo
tetelancingo_nahuatl/audios/speaker1_Tetel_Narr_RET846_2022-06-11_675675.0-681019.0.wav,RET846,"bueno, entonces nimitziluiteua se horno chiuacan hasta ne tlaniuic tlaltentli",tetelancingo,,tetelancingo
tetelancingo_nahuatl/audios/speaker1_Tetel_Narr_RET846_2022-06-11_681722.0-689195.0.wav,RET846,uan se horno chiuacan nican cerca de in nen campa quisatiu in hilo de in cuarto de maestro,tetelancingo,,tetelancingo
tetelancingo_nahuatl/audios/speaker1_Tetel_Narr_RET846_2022-06-11_695915.0-702170.0.wav,RET846,san nican nanqui... nanquichiuasqueh teja ualas se tejero xinotzacan mas xictlaxtlauihtocan,tetelancingo,,tetelancingo
tetelancingo_nahuatl/audios/speaker1_Tetel_Narr_RET846_2022-06-11_702614.0-705898.0.wav,RET846,uan nican tocniuan nomocsalocan,tetelancingo,,tetelancingo
tetelancingo_nahuatl/audios/speaker1_Tetel_Narr_RET846_2022-06-11_706415.0-712165.0.wav,RET846,nomocsalocan para quichiuasqueh in teja para amo namotlamemehtinimisqueh hasta Acatlán,tetelancingo,,tetelancingo
tetelancingo_nahuatl/audios/speaker1_Tetel_Narr_RET846_2022-06-11_712562.0-714562.0.wav,RET846,o hasta ne este,tetelancingo,,tetelancingo
tetelancingo_nahuatl/audios/speaker1_Tetel_Narr_RET846_2022-06-11_715419.0-720558.0.wav,RET846,"ne, Xaltatempa, para ne lado a La Lagunilla",tetelancingo,,tetelancingo
tetelancingo_nahuatl/audios/speaker1_Tetel_Narr_RET846_2022-06-11_720980.0-723941.0.wav,RET846,namehuan nican nanquipiyasqueh namotejería,tetelancingo,,tetelancingo
tetelancingo_nahuatl/audios/speaker1_Tetel_Narr_RET846_2022-06-11_724642.0-727303.0.wav,RET846,uan ohcon yo... yomochiu necah tiempo,tetelancingo,,tetelancingo
tetelancingo_nahuatl/audios/speaker1_Tetel_Narr_RET846_2022-06-11_728007.0-729874.0.wav,RET846,necah tiempo ohcon yomochiu,tetelancingo,,tetelancingo
tetelancingo_nahuatl/audios/speaker1_Tetel_Narr_RET846_2022-06-11_730626.0-740016.0.wav,RET846,"cuando ya donado in tlali en el a... ich año de mil novecientos veintidos, tal vez veintidos",tetelancingo,,tetelancingo
tetelancingo_nahuatl/audios/speaker1_Tetel_Narr_RET846_2022-06-11_740871.0-745808.0.wav,RET846,porque tla amo in octmarohqueh acuerdo xa quemeh ich año de mil novecientos quince,tetelancingo,,tetelancingo
tetelancingo_nahuatl/audios/speaker1_Tetel_Narr_RET846_2022-06-11_746417.0-749307.0.wav,RET846,ich in mil novecientos veintidos,tetelancingo,,tetelancingo
tetelancingo_nahuatl/audios/speaker1_Tetel_Narr_RET846_2022-06-11_754085.0-756705.0.wav,RET846,ahora sí yomochiu nin comunidad,tetelancingo,,tetelancingo
tetelancingo_nahuatl/audios/speaker1_Tetel_Narr_RET846_2022-06-11_765790.0-770065.0.wav,RET846,uan de non pues este necah in finadito noabuelito,tetelancingo,,tetelancingo
tetelancingo_nahuatl/audios/speaker1_Tetel_Narr_RET846_2022-06-11_770654.0-774944.0.wav,RET846,nimero abuelo nopapá La Cruz Rivera Bazan,tetelancingo,,tetelancingo
tetelancingo_nahuatl/audios/speaker1_Tetel_Narr_RET846_2022-06-11_782005.0-787500.0.wav,RET846,yonechuicaya manicpaleui ica cuacuehmeh matiyacan matitlapiyateh,tetelancingo,,tetelancingo
tetelancingo_nahuatl/audios/speaker1_Tetel_Narr_RET846_2022-06-11_787906.0-793336.0.wav,RET846,hasta ic nin tlatzintla ic puente xo... ic Xochitlaxco tlatzintlan ic,tetelancingo,,tetelancingo
tetelancingo_nahuatl/audios/speaker1_Tetel_Narr_RET846_2022-06-11_793888.0-797802.0.wav,RET846,hasta ic ne eh pues hasta ic ne neneh,tetelancingo,,tetelancingo
tetelancingo_nahuatl/audios/speaker1_Tetel_Narr_RET846_2022-06-11_799743.0-803181.0.wav,RET846,hasta ic ne tlatzintla moteneua,tetelancingo,,tetelancingo
tetelancingo_nahuatl/audios/speaker1_Tetel_Narr_RET846_2022-06-11_803949.0-805592.0.wav,RET846,moteneua lugar este,tetelancingo,,tetelancingo
tetelancingo_nahuatl/audios/speaker1_Tetel_Narr_RET846_2022-06-11_808403.0-812223.0.wav,RET846,"bueno, uehca hasta ne tlatzintla uehca Xochitlaxco tlatzintla",tetelancingo,,tetelancingo
tetelancingo_nahuatl/audios/speaker1_Tetel_Narr_RET846_2022-06-11_812707.0-817012.0.wav,RET846,tocayotia Chichiapan ompa otitlacauaya ica in tocuacuehuan,tetelancingo,,tetelancingo
tetelancingo_nahuatl/audios/speaker1_Tetel_Narr_RET846_2022-06-11_821987.0-825887.0.wav,RET846,tocuacuehuan icompic oticauayah uan opeu nechcontaruilia,tetelancingo,,tetelancingo
tetelancingo_nahuatl/audios/speaker1_Tetel_Narr_RET846_2022-06-11_826277.0-828654.0.wav,RET846,difuntito noabuelito Guadalupe Bazan,tetelancingo,,tetelancingo
tetelancingo_nahuatl/audios/speaker1_Tetel_Narr_RET846_2022-06-11_829285.0-831672.0.wav,RET846,"opeu nechcontaruilia, quihtoa xiquita tata",tetelancingo,,tetelancingo
tetelancingo_nahuatl/audios/speaker1_Tetel_Narr_RET846_2022-06-11_832165.0-836110.0.wav,RET846,ximomaca cuenta difuntito nopapá Reyes Bazan,tetelancingo,,tetelancingo
tetelancingo_nahuatl/audios/speaker1_Tetel_Narr_RET846_2022-06-11_836554.0-841132.0.wav,RET846,ihquin uan ihquin onechiluihteu uan ihquin uan ihquin onechiluiteu,tetelancingo,,tetelancingo
tetelancingo_nahuatl/audios/speaker1_Tetel_Narr_RET846_2022-06-11_846802.0-850209.0.wav,RET846,oquinmixpanteh ciudadanos mas amo miqueh yacuel,tetelancingo,,tetelancingo
tetelancingo_nahuatl/audios/speaker1_Tetel_Narr_RET846_2022-06-11_850747.0-852747.0.wav,RET846,yaquin apenas chicueyen chicomeh,tetelancingo,,tetelancingo
tetelancingo_nahuatl/audios/speaker1_Tetel_Narr_RET846_2022-06-11_858163.0-859952.0.wav,RET846,tetlaucolil para nicancah,tetelancingo,,tetelancingo
tetelancingo_nahuatl/audios/speaker1_Tetel_Narr_RET846_2022-06-11_860525.0-864731.0.wav,RET846,nicancah barrio mo... moformaro mamoformaro se se barrio,tetelancingo,,tetelancingo
tetelancingo_nahuatl/audios/speaker1_Tetel_Narr_RET846_2022-06-11_865681.0-871837.0.wav,RET846,uan ohcon pues este yeh yen difuntito nocohcoltzin Guadalupe Bazan yonech... yopeu nechmaca cuenta,tetelancingo,,tetelancingo
tetelancingo_nahuatl/audios/speaker1_Tetel_Narr_RET846_2022-06-11_877854.0-880758.0.wav,RET846,"yaquin timoscaltihtoc, ocho nueve años",tetelancingo,,tetelancingo
tetelancingo_nahuatl/audios/speaker1_Tetel_Narr_RET846_2022-06-11_881418.0-885232.0.wav,RET846,ya tipiyatiu entonces ximati neh nicancah tlali,tetelancingo,,tetelancingo
tetelancingo_nahuatl/audios/speaker1_Tetel_Narr_RET846_2022-06-11_885487.0-890512.0.wav,RET846,campa axan ya topueblo ya tobarrio neh onitetlaocoleh pero,tetelancingo,,tetelancingo
tetelancingo_nahuatl/audios/speaker1_Tetel_Narr_RET846_2022-06-11_890815.0-894534.0.wav,RET846,en palabra de no... nofinado papá Reyes Bazan,tetelancingo,,tetelancingo
tetelancingo_nahuatl/audios/speaker1_Tetel_Narr_RET846_2022-06-11_895033.0-899837.0.wav,RET846,uan neh yonitetlaocoleh ya nehuatl quemeh nisegundo,tetelancingo,,tetelancingo
tetelancingo_nahuatl/audios/speaker1_Tetel_Narr_RET846_2022-06-11_901775.0-903931.0.wav,RET846,"donador, quemeh nisegundo",tetelancingo,,tetelancingo
tetelancingo_nahuatl/audios/speaker1_Tetel_Narr_RET846_2022-06-11_904766.0-909735.0.wav,RET846,pero yonictemacteh in tlali para ya peuqueh tiquiteh tocniuan ya para,tetelancingo,,tetelancingo
tetelancingo_nahuatl/audios/speaker1_Tetel_Narr_RET846_2022-06-11_910273.0-911841.0.wav,RET846,o mamochiua nenen,tetelancingo,,tetelancingo
tetelancingo_nahuatl/audios/speaker1_Tetel_Narr_RET846_2022-06-11_912657.0-917531.0.wav,RET846,"bardas o sea este, paredes para escuelas para",tetelancingo,,tetelancingo
tetelancingo_nahuatl/audios/speaker1_Tetel_Narr_RET846_2022-06-11_918008.0-921380.0.wav,RET846,juzgado para cocina de maestro para ne,tetelancingo,,tetelancingo
tetelancingo_nahuatl/audios/speaker1_Tetel_Narr_RET846_2022-06-11_922142.0-924207.0.wav,RET846,necah este cuarto de maestro,tetelancingo,,tetelancingo
tetelancingo_nahuatl/audios/speaker1_Tetel_Narr_RET846_2022-06-11_925400.0-927290.0.wav,RET846,uan ohcon youalmochiuta,tetelancingo,,tetelancingo
tetelancingo_nahuatl/audios/speaker1_Tetel_Narr_RET846_2022-06-11_928192.0-932961.0.wav,RET846,después pues quihtoa xiquita teh telpocacuitlate xitlali cuidado,tetelancingo,,tetelancingo
tetelancingo_nahuatl/audios/speaker1_Tetel_Narr_RET846_2022-06-11_933512.0-938331.0.wav,RET846,tla tehuan timihmiqueh teh tiseguiros timoscaltis,tetelancingo,,tetelancingo
tetelancingo_nahuatl/audios/speaker1_Tetel_Narr_RET846_2022-06-11_938843.0-940853.0.wav,RET846,timochiuati titlacatl,tetelancingo,,tetelancingo
tetelancingo_nahuatl/audios/speaker1_Tetel_Narr_RET846_2022-06-11_941408.0-947257.0.wav,RET846,"de repente Dios mitzmacas vida, hasta se cincuenta sesenta setenta años",tetelancingo,,tetelancingo
tetelancingo_nahuatl/audios/speaker1_Tetel_Narr_RET846_2022-06-11_947740.0-953423.0.wav,RET846,tehuatl titemacas cuenta de que nicancah comunidad quenin omoformaro,tetelancingo,,tetelancingo
tetelancingo_nahuatl/audios/speaker1_Tetel_Narr_RET846_2022-06-11_954075.0-957853.0.wav,RET846,quenic omoempezaroh tehuan quemeh timocohcoluan,tetelancingo,,tetelancingo
tetelancingo_nahuatl/audios/speaker1_Tetel_Narr_RET846_2022-06-11_958456.0-963536.0.wav,RET846,notata uan nehuatl timocohcoluan tiomeh pues neneh,tetelancingo,,tetelancingo
tetelancingo_nahuatl/audios/speaker1_Tetel_Narr_RET846_2022-06-11_963975.0-969397.0.wav,RET846,ya nimitzmacateua cuenta que notata Reyes Bazan yehuatl primer,tetelancingo,,tetelancingo
tetelancingo_nahuatl/audios/speaker1_Tetel_Narr_RET846_2022-06-11_969912.0-974687.0.wav,RET846,otlahto uan satepan yen neh yonitlahto segundo donador,tetelancingo,,tetelancingo
tetelancingo_nahuatl/audios/speaker1_Tetel_Narr_RET846_2022-06-11_975122.0-977806.0.wav,RET846,uan yomochiu nicancah comunidad yomochiu,tetelancingo,,tetelancingo
tetelancingo_nahuatl/audios/speaker1_Tetel_Narr_RET846_2022-06-11_978728.0-981187.0.wav,RET846,uan de non ximati de que neh,tetelancingo,,tetelancingo
tetelancingo_nahuatl/audios/speaker1_Tetel_Narr_RET846_2022-06-11_982321.0-987110.0.wav,RET846,neh este neh no nimachilia ya nitetahtzin sa ica notopil ninintinimi,tetelancingo,,tetelancingo
tetelancingo_nahuatl/audios/speaker1_Tetel_Narr_RET846_2022-06-11_987512.0-993058.0.wav,RET846,xicmati de que nin cuentos tlen nimitz... tlen nimitzcontaruilia,tetelancingo,,tetelancingo
tetelancingo_nahuatl/audios/speaker1_Tetel_Narr_RET846_2022-06-11_993471.0-996452.0.wav,RET846,se historia para nin comunidad de Tetelancingo,tetelancingo,,tetelancingo
tetelancingo_nahuatl/audios/speaker1_Tetel_Narr_RET846_2022-06-11_997237.0-1000775.0.wav,RET846,porque tehuan nopapá nican otlacsaco itich nin lugar,tetelancingo,,tetelancingo
tetelancingo_nahuatl/audios/speaker1_Tetel_Narr_RET846_2022-06-11_1001285.0-1003943.0.wav,RET846,otlacsaco quemeh ic itich,tetelancingo,,tetelancingo
tetelancingo_nahuatl/audios/speaker1_Tetel_Narr_RET846_2022-06-11_1004562.0-1009621.0.wav,RET846,año de mil novecientos quince,tetelancingo,,tetelancingo
tetelancingo_nahuatl/audios/speaker1_Tetel_Narr_RET846_2022-06-11_1011154.0-1015158.0.wav,RET846,"diez o quince de, mil novecientos quince",tetelancingo,,tetelancingo
tetelancingo_nahuatl/audios/speaker1_Tetel_Narr_RET846_2022-06-11_1016506.0-1019886.0.wav,RET846,uan de non pues ohcon nican yotiviviroco,tetelancingo,,tetelancingo
tetelancingo_nahuatl/audios/speaker1_Tetel_Narr_RET846_2022-06-11_1020391.0-1023339.0.wav,RET846,por en guerra tlen omochiu Xochiapulco para nican,tetelancingo,,tetelancingo
tetelancingo_nahuatl/audios/speaker1_Tetel_Narr_RET846_2022-06-11_1024348.0-1027194.9999999999.wav,RET846,tons ica non ahorita tehuan nican yotivivirohqueh,tetelancingo,,tetelancingo
tetelancingo_nahuatl/audios/speaker1_Tetel_Narr_RET846_2022-06-11_1027815.0-1031029.0.wav,RET846,uan nican yotimechcauteuasqueh nochi yi tiueuetzin uan,tetelancingo,,tetelancingo
tetelancingo_nahuatl/audios/speaker1_Tetel_Narr_RET846_2022-06-11_1031403.0-1035040.0.wav,RET846,quemeh notata oyah yomomiquileh ueuetzin neh no yi niueuetzin,tetelancingo,,tetelancingo
tetelancingo_nahuatl/audios/speaker1_Tetel_Narr_RET846_2022-06-11_1035488.0-1037675.9999999999.wav,RET846,pero nimitzmacateua nicancah cuento,tetelancingo,,tetelancingo
tetelancingo_nahuatl/audios/speaker1_Tetel_Narr_RET846_2022-06-11_1038181.0-1041268.0.wav,RET846,nicancah historia tla Dios mitzmaca vida,tetelancingo,,tetelancingo
tetelancingo_nahuatl/audios/speaker1_Tetel_Narr_RET846_2022-06-11_1041622.0000000001-1044133.0.wav,RET846,se cincuenta sesenta setenta años,tetelancingo,,tetelancingo
tetelancingo_nahuatl/audios/speaker1_Tetel_Narr_RET846_2022-06-11_1044662.0-1048387.0.wav,RET846,"hasta tla Dios mitzmaca vida quemeh neh, hasta ochenta años",tetelancingo,,tetelancingo
tetelancingo_nahuatl/audios/speaker1_Tetel_Narr_RET846_2022-06-11_1051853.0-1055574.0.wav,RET846,"siquiera ticontaros nin, nin tlaixyehyecolistli tleno",tetelancingo,,tetelancingo
tetelancingo_nahuatl/audios/speaker1_Tetel_Narr_RET846_2022-06-11_1059441.0-1062253.0.wav,RET846,"bueno, pues ohcon uan después",tetelancingo,,tetelancingo
tetelancingo_nahuatl/audios/speaker1_Tetel_Narr_RET846_2022-06-11_1062892.0-1065871.0.wav,RET846,"ya este ya cachi ya, ya niueyi ya",tetelancingo,,tetelancingo
tetelancingo_nahuatl/audios/speaker1_Tetel_Narr_RET846_2022-06-11_1066281.0-1068754.0.wav,RET846,ich in doce trece años,tetelancingo,,tetelancingo
tetelancingo_nahuatl/audios/speaker1_Tetel_Narr_RET846_2022-06-11_1069400.0-1071802.0.wav,RET846,yoniualaya nen ich in tienda,tetelancingo,,tetelancingo
tetelancingo_nahuatl/audios/speaker1_Tetel_Narr_RET846_2022-06-11_1072155.0-1074368.0.wav,RET846,nicanaquih difuntito nopapá,tetelancingo,,tetelancingo
tetelancingo_nahuatl/audios/speaker1_Tetel_Narr_RET846_2022-06-11_1074793.0-1078671.0.wav,RET846,ompa iuan tlauantoc difuntito iabuelito Guadalupe Bazan,tetelancingo,,tetelancingo
tetelancingo_nahuatl/audios/speaker1_Tetel_Narr_RET846_2022-06-11_1079149.0-1081860.0.wav,RET846,uan yehuatl mismo yonechualanteu,tetelancingo,,tetelancingo
tetelancingo_nahuatl/audios/speaker1_Tetel_Narr_RET846_2022-06-11_1082364.0-1085433.0.wav,RET846,otiualehcoqueh para itich in juzgado,tetelancingo,,tetelancingo
tetelancingo_nahuatl/audios/speaker1_Tetel_Narr_RET846_2022-06-11_1085866.0-1089697.0.wav,RET846,uan ompa yonechnextilihta ich juzgado itlampa,tetelancingo,,tetelancingo
tetelancingo_nahuatl/audios/speaker1_Tetel_Narr_RET846_2022-06-11_1093200.0-1096469.0.wav,RET846,ompa yonechnextileh lindero den esquina,tetelancingo,,tetelancingo
tetelancingo_nahuatl/audios/speaker1_Tetel_Narr_RET846_2022-06-11_1096907.0-1099317.0.wav,RET846,den cementerio uan,tetelancingo,,tetelancingo
tetelancingo_nahuatl/audios/speaker1_Tetel_Narr_RET846_2022-06-11_1099720.0-1103018.0.wav,RET846,yotiyaualohqueh juzgado yonechnextileh,tetelancingo,,tetelancingo
tetelancingo_nahuatl/audios/speaker1_Tetel_Narr_RET846_2022-06-11_1107405.0-1110015.0.wav,RET846,ompa ohcon ualehco in ohtzintli ueyiohtli,tetelancingo,,tetelancingo
tetelancingo_nahuatl/audios/speaker1_Tetel_Narr_RET846_2022-06-11_1110402.0-1113839.0.wav,RET846,"hasta axan yi catqui depósito, ihcuac necah tiempo",tetelancingo,,tetelancingo
tetelancingo_nahuatl/audios/speaker1_Tetel_Narr_RET846_2022-06-11_1114154.0-1116749.0.wav,RET846,"ayamo ocatca depósito, ompa",tetelancingo,,tetelancingo
tetelancingo_nahuatl/audios/speaker1_Tetel_Narr_RET846_2022-06-11_1117102.0-1119268.0.wav,RET846,onechnextileh se lindero igual,tetelancingo,,tetelancingo
tetelancingo_nahuatl/audios/speaker1_Tetel_Narr_RET846_2022-06-11_1120330.0-1123738.0.wav,RET846,uan de non ocsipa otiualahqueh para nin lado,tetelancingo,,tetelancingo
tetelancingo_nahuatl/audios/speaker1_Tetel_Narr_RET846_2022-06-11_1124210.0-1126497.0.wav,RET846,lado norte otiyahqueh,tetelancingo,,tetelancingo
tetelancingo_nahuatl/audios/speaker1_Tetel_Narr_RET846_2022-06-11_1127048.0-1130176.0.wav,RET846,yonechnextileh lindero campa terminaroa,tetelancingo,,tetelancingo
tetelancingo_nahuatl/audios/speaker1_Tetel_Narr_RET846_2022-06-11_1130525.0-1132490.0.wav,RET846,juzgado escuela,tetelancingo,,tetelancingo
tetelancingo_nahuatl/audios/speaker1_Tetel_Narr_RET846_2022-06-11_1133806.0-1135581.0.wav,RET846,nenen cuarto de maestro,tetelancingo,,tetelancingo
tetelancingo_nahuatl/audios/speaker1_Tetel_Narr_RET846_2022-06-11_1137455.0-1139248.0.wav,RET846,ompa yonechnextileh non tramo,tetelancingo,,tetelancingo
tetelancingo_nahuatl/audios/speaker1_Tetel_Narr_RET846_2022-06-11_1139687.0-1142654.0.wav,RET846,quihtoa nicancah lindero nican para pantlacotona,tetelancingo,,tetelancingo
tetelancingo_nahuatl/audios/speaker1_Tetel_Narr_RET846_2022-06-11_1143108.0-1145309.0.wav,RET846,"nin para juzgado, para escuela para",tetelancingo,,tetelancingo
tetelancingo_nahuatl/audios/speaker1_Tetel_Narr_RET846_2022-06-11_1145828.0-1147651.0.wav,RET846,para necah occiqui tlen ic moniquis,tetelancingo,,tetelancingo
tetelancingo_nahuatl/audios/speaker1_Tetel_Narr_RET846_2022-06-11_1148068.0-1149586.0.wav,RET846,uan nin para nican,tetelancingo,,tetelancingo
tetelancingo_nahuatl/audios/speaker1_Tetel_Narr_RET846_2022-06-11_1153602.0-1156813.0.wav,RET846,uan ompa ya para nican ya este neneh,tetelancingo,,tetelancingo
tetelancingo_nahuatl/audios/speaker1_Tetel_Narr_RET846_2022-06-11_1157130.0-1159155.0.wav,RET846,para campa moformaros iglesia,tetelancingo,,tetelancingo
tetelancingo_nahuatl/audios/speaker1_Tetel_Narr_RET846_2022-06-11_1159703.0-1161092.0.wav,RET846,iglesia yi mochiuas,tetelancingo,,tetelancingo
tetelancingo_nahuatl/audios/speaker1_Tetel_Narr_RET846_2022-06-11_1161868.0-1165445.0.wav,RET846,mochiuas tiquitisqueh faineros para quichiuasqueh,tetelancingo,,tetelancingo
tetelancingo_nahuatl/audios/speaker1_Tetel_Narr_RET846_2022-06-11_1165841.0-1167509.0.wav,RET846,se in iglesia,tetelancingo,,tetelancingo
tetelancingo_nahuatl/audios/speaker1_Tetel_Narr_RET846_2022-06-11_1168099.0-1169242.0.wav,RET846,uan ompa nenen,tetelancingo,,tetelancingo
tetelancingo_nahuatl/audios/speaker1_Tetel_Narr_RET846_2022-06-11_1169802.0-1172079.0.wav,RET846,ya terminaroa non tramo,tetelancingo,,tetelancingo
tetelancingo_nahuatl/audios/speaker1_Tetel_Narr_RET846_2022-06-11_1172728.0-1174153.0.wav,RET846,non tramo ya terminaroa,tetelancingo,,tetelancingo
tetelancingo_nahuatl/audios/speaker1_Tetel_Narr_RET846_2022-06-11_1177535.0-1179407.0.wav,RET846,nicancah tlali tlen mocaua,tetelancingo,,tetelancingo
tetelancingo_nahuatl/audios/speaker1_Tetel_Narr_RET846_2022-06-11_1180055.0-1181587.0.wav,RET846,mocaua se para mo...,tetelancingo,,tetelancingo
tetelancingo_nahuatl/audios/speaker1_Tetel_Narr_RET846_2022-06-11_1181932.0-1185260.0.wav,RET846,ne se se ueyi pedazo ne Salahco mocaua,tetelancingo,,tetelancingo
tetelancingo_nahuatl/audios/speaker1_Tetel_Narr_RET846_2022-06-11_1185732.0-1188470.0.wav,RET846,para neh mocniu Dominga Bazan,tetelancingo,,tetelancingo
tetelancingo_nahuatl/audios/speaker1_Tetel_Narr_RET846_2022-06-11_1189076.0-1192137.0.wav,RET846,mocniu Dominga Bazan yehuatl quitocatoa non tlali,tetelancingo,,tetelancingo
tetelancingo_nahuatl/audios/speaker1_Tetel_Narr_RET846_2022-06-11_1192667.0-1195059.0.wav,RET846,de ne ahcoic campa catqui se ocotl,tetelancingo,,tetelancingo
tetelancingo_nahuatl/audios/speaker1_Tetel_Narr_RET846_2022-06-11_1195602.0-1197319.0.wav,RET846,"uan catqui, cateh capolimeh",tetelancingo,,tetelancingo
tetelancingo_nahuatl/audios/speaker1_Tetel_Narr_RET846_2022-06-11_1197885.0-1199540.0.wav,RET846,ompa ahcoic para tlacpac,tetelancingo,,tetelancingo
tetelancingo_nahuatl/audios/speaker1_Tetel_Narr_RET846_2022-06-11_1200045.0-1201372.0.wav,RET846,ye nen mocniu,tetelancingo,,tetelancingo
tetelancingo_nahuatl/audios/speaker1_Tetel_Narr_RET846_2022-06-11_1201917.0-1202808.0.wav,RET846,Dominga bazan,tetelancingo,,tetelancingo
tetelancingo_nahuatl/audios/speaker1_Tetel_Narr_RET846_2022-06-11_1205143.0-1209785.0.wav,RET846,uan ompa nin tramo yahtoc para Tlaticoch para nen,tetelancingo,,tetelancingo
tetelancingo_nahuatl/audios/speaker1_Tetel_Narr_RET846_2022-06-11_1210292.0-1212157.0.wav,RET846,"para, para ne Sacayohco",tetelancingo,,tetelancingo
tetelancingo_nahuatl/audios/speaker1_Tetel_Narr_RET846_2022-06-11_1212557.0-1213913.0.wav,RET846,ualtimoa para ne,tetelancingo,,tetelancingo
tetelancingo_nahuatl/audios/speaker1_Tetel_Narr_RET846_2022-06-11_1216781.0-1218733.0.wav,RET846,uan de Maxalahco timoa hasta para,tetelancingo,,tetelancingo
tetelancingo_nahuatl/audios/speaker1_Tetel_Narr_RET846_2022-06-11_1221625.0-1224732.0.wav,RET846,yeh amo itocaya Uapostica yeh itocaya Cuacohcolal,tetelancingo,,tetelancingo
tetelancingo_nahuatl/audios/speaker1_Tetel_Narr_RET846_2022-06-11_1225361.0-1229066.0.wav,RET846,ompa ihquin nepa tlaniuic ualahcotimo... ualahcotlehco timoa tlehco,tetelancingo,,tetelancingo
tetelancingo_nahuatl/audios/speaker1_Tetel_Narr_RET846_2022-06-11_1229432.0-1230320.0.wav,RET846,ocsipa ualehco,tetelancingo,,tetelancingo
tetelancingo_nahuatl/audios/speaker1_Tetel_Narr_RET846_2022-06-11_1231227.0-1233840.0.wav,RET846,para nican para juzgado nepa tlaniuic,tetelancingo,,tetelancingo
tetelancingo_nahuatl/audios/speaker1_Tetel_Narr_RET846_2022-06-11_1234281.0-1236476.0.wav,RET846,"para ne, para Tlatilolpa ualnican",tetelancingo,,tetelancingo
tetelancingo_nahuatl/audios/speaker1_Tetel_Narr_RET846_2022-06-11_1236928.0-1239194.0.wav,RET846,timocauiya yen tehuatl ompa teh ticmati,tetelancingo,,tetelancingo
tetelancingo_nahuatl/audios/speaker1_Tetel_Narr_RET846_2022-06-11_1239752.0-1240738.0.wav,RET846,quenic tiquin...,tetelancingo,,tetelancingo
tetelancingo_nahuatl/audios/speaker1_Tetel_Narr_RET846_2022-06-11_1241247.0-1243700.0.wav,RET846,canic tiquintlahtlaucolis moueltiua,tetelancingo,,tetelancingo
tetelancingo_nahuatl/audios/speaker1_Tetel_Narr_RET846_2022-06-11_1244248.0-1246460.0.wav,RET846,uan se mocniu non itoca José,tetelancingo,,tetelancingo
tetelancingo_nahuatl/audios/speaker1_Tetel_Narr_RET846_2022-06-11_1247017.0-1248381.0.wav,RET846,José Bazan,tetelancingo,,tetelancingo
tetelancingo_nahuatl/audios/speaker1_Tetel_Narr_RET846_2022-06-11_1248923.0-1250851.0.wav,RET846,"mocniu, noyiuqui ticpiya mocniu",tetelancingo,,tetelancingo
tetelancingo_nahuatl/audios/speaker1_Tetel_Narr_RET846_2022-06-11_1254365.0-1257239.0.wav,RET846,a ver canin tictocartis in tlali mas se pedazo,tetelancingo,,tetelancingo
tetelancingo_nahuatl/audios/speaker1_Tetel_Narr_RET846_2022-06-11_1257810.0-1259457.0.wav,RET846,yeh amo onechitac amo onech...,tetelancingo,,tetelancingo
tetelancingo_nahuatl/audios/speaker1_Tetel_Narr_RET846_2022-06-11_1259864.0-1261145.0.wav,RET846,amo onechrespetaro,tetelancingo,,tetelancingo
tetelancingo_nahuatl/audios/speaker1_Tetel_Narr_RET846_2022-06-11_1261768.0-1263493.0.wav,RET846,amo onechtlacachiu amo,tetelancingo,,tetelancingo
tetelancingo_nahuatl/audios/speaker1_Tetel_Narr_RET846_2022-06-11_1264225.0-1266970.0.wav,RET846,amo oqui... amo oquimat ix niitata,tetelancingo,,tetelancingo
tetelancingo_nahuatl/audios/speaker1_Tetel_Narr_RET846_2022-06-11_1267293.0-1268261.0.wav,RET846,san tiquitl oyah,tetelancingo,,tetelancingo
tetelancingo_nahuatl/audios/speaker1_Tetel_Narr_RET846_2022-06-11_1272311.0-1274843.0.wav,RET846,pero de repente ehcos uan mitzasiquiu,tetelancingo,,tetelancingo
tetelancingo_nahuatl/audios/speaker1_Tetel_Narr_RET846_2022-06-11_1275625.0-1277255.0.wav,RET846,xicmacti se pedazo in tlali,tetelancingo,,tetelancingo
tetelancingo_nahuatl/audios/speaker1_Tetel_Narr_RET846_2022-06-11_1278124.0-1281722.0.wav,RET846,uan ohcon ya timocaua yen tehuatl tiresponsable,tetelancingo,,tetelancingo
tetelancingo_nahuatl/audios/speaker1_Tetel_Narr_RET846_2022-06-11_1282192.0-1283915.0.wav,RET846,ica nicancah terrenos de,tetelancingo,,tetelancingo
tetelancingo_nahuatl/audios/speaker1_Tetel_Narr_RET846_2022-06-11_1284397.0-1286965.0.wav,RET846,"de nican nin, nin lugar Tetelancingo",tetelancingo,,tetelancingo
tetelancingo_nahuatl/audios/speaker1_Tetel_Narr_RET846_2022-06-11_1287688.0-1291521.0.wav,RET846,uan nacmatisqueh tleca tictocayotisqueh Tetelancingo,tetelancingo,,tetelancingo
tetelancingo_nahuatl/audios/speaker1_Tetel_Narr_RET846_2022-06-11_1291954.0-1294310.0.wav,RET846,porque catqui se titil nican ohquintzin,tetelancingo,,tetelancingo
tetelancingo_nahuatl/audios/speaker1_Tetel_Narr_RET846_2022-06-11_1294950.0-1297128.0.wav,RET846,ne ich juzgado campa ya,tetelancingo,,tetelancingo
tetelancingo_nahuatl/audios/speaker1_Tetel_Narr_RET846_2022-06-11_1297524.0-1299602.0.wav,RET846,nanquichiuasqueh namojuzgado nepa ihquin,tetelancingo,,tetelancingo
tetelancingo_nahuatl/audios/speaker1_Tetel_Narr_RET846_2022-06-11_1299950.0-1301002.0.wav,RET846,catqui se titil,tetelancingo,,tetelancingo
tetelancingo_nahuatl/audios/speaker1_Tetel_Narr_RET846_2022-06-11_1301368.0-1303818.0.wav,RET846,ica non neh niquihtoa xa xictocayotican,tetelancingo,,tetelancingo
tetelancingo_nahuatl/audios/speaker1_Tetel_Narr_RET846_2022-06-11_1304388.0-1306466.0.wav,RET846,Titilihtic o Titilancingo,tetelancingo,,tetelancingo
tetelancingo_nahuatl/audios/speaker1_Tetel_Narr_RET846_2022-06-11_1307834.0-1309633.0.wav,RET846,ohcon mocaua nicancah acuerdo,tetelancingo,,tetelancingo
tetelancingo_nahuatl/audios/speaker1_Tetel_Narr_RET846_2022-06-11_1310182.0-1310806.0.wav,RET846,xicmati,tetelancingo,,tetelancingo
tetelancingo_nahuatl/audios/speaker1_Tetel_Narr_RET846_2022-06-11_1311430.0-1314020.0.wav,RET846,uan xictlali cuidado teh Guadalupe Bazan,tetelancingo,,tetelancingo
tetelancingo_nahuatl/audios/speaker1_Tetel_Narr_RET846_2022-06-11_1314451.0-1316820.0.wav,RET846,"yehuatl non, yehuatl non",tetelancingo,,tetelancingo
tetelancingo_nahuatl/audios/speaker1_Tetel_Narr_RET846_2022-06-11_1317221.0-1319037.0.wav,RET846,acuerdo nimitzcauilihteua,tetelancingo,,tetelancingo
tetelancingo_nahuatl/audios/speaker1_Tetel_Narr_RET846_2022-06-11_1319719.0-1321656.0.wav,RET846,nimitzcauilihteua nin acuerdo uan,tetelancingo,,tetelancingo
tetelancingo_nahuatl/audios/speaker1_Tetel_Narr_RET846_2022-06-11_1322655.0-1323964.0.wav,RET846,xictlali cuidado uan,tetelancingo,,tetelancingo
tetelancingo_nahuatl/audios/speaker1_Tetel_Narr_RET846_2022-06-11_1325923.0-1329290.0.wav,RET846,ma Dios mocaua namouan porque neh nimachilia acmo,tetelancingo,,tetelancingo
tetelancingo_nahuatl/audios/speaker1_Tetel_Narr_RET846_2022-06-11_1329785.0-1331751.0.wav,RET846,acmo niuehcauis nimiquis pero,tetelancingo,,tetelancingo
tetelancingo_nahuatl/audios/speaker1_Tetel_Narr_RET846_2022-06-11_1332197.0-1335690.0.wav,RET846,teh timocaua uan iuan moxuiuan onca timocaua uan iuan,tetelancingo,,tetelancingo
tetelancingo_nahuatl/audios/speaker1_Tetel_Narr_RET846_2022-06-11_1336200.0-1338865.0.wav,RET846,mochpocauan uan iuan mopiluan,tetelancingo,,tetelancingo
tetelancingo_nahuatl/audios/speaker1_Tetel_Narr_RET846_2022-06-11_1340164.0-1342030.0.wav,RET846,"uan ohcon ya, ya mo...",tetelancingo,,tetelancingo
tetelancingo_nahuatl/audios/speaker1_Tetel_Narr_RET846_2022-06-11_1342353.0-1345772.0.wav,RET846,ya moterminaroa nicancah historia de nehuatl uan tehuatl,tetelancingo,,tetelancingo
tetelancingo_nahuatl/audios/speaker1_Tetel_Narr_RET846_2022-06-11_1347200.0-1353398.0.wav,RET846,tlaixyehyicolistli quenic otivivirohqueh uan para canin tleca otiualahqueh nican otivivirocoh,tetelancingo,,tetelancingo
tetelancingo_nahuatl/audios/speaker1_Tetel_Narr_RET846_2022-06-11_1353811.0-1356695.0.wav,RET846,por medio den ya ximati de que,tetelancingo,,tetelancingo
tetelancingo_nahuatl/audios/speaker1_Tetel_Narr_RET846_2022-06-11_1357222.0-1360241.0.wav,RET846,mas canah nican otivivirocoh uan nican onanyolicoh,tetelancingo,,tetelancingo
tetelancingo_nahuatl/audios/speaker1_Tetel_Narr_RET846_2022-06-11_1360693.0-1363654.0.wav,RET846,por guerra ic oniualah para nica,tetelancingo,,tetelancingo
tetelancingo_nahuatl/audios/speaker1_Tetel_Narr_RET846_2022-06-11_1364238.0-1368483.0.wav,RET846,para acmo nepa tehuan nimomagatinimis nican oticalaquicoh nin lugar,tetelancingo,,tetelancingo
tetelancingo_nahuatl/audios/speaker1_Tetel_Narr_RET846_2022-06-11_1368915.0-1373376.0.wav,RET846,aquin yeh ualas nican uan techcontraroqui amo cah aqui,tetelancingo,,tetelancingo
tetelancingo_nahuatl/audios/speaker1_Tetel_Narr_RET846_2022-06-11_1374102.0-1379524.0.wav,RET846,pero después amo timateh de repente ocsipa quilnamiquisqueh ocse guerra,tetelancingo,,tetelancingo
tetelancingo_nahuatl/audios/speaker1_Tetel_Narr_RET846_2022-06-11_1380058.0-1386506.0.wav,RET846,totiachcauan yehuan quimateh quenic panosqueh nin tiyoueh tiempo para delante,tetelancingo,,tetelancingo
tetelancingo_nahuatl/audios/speaker1_Tetel_Narr_RET846_2022-06-11_1387165.0-1394018.0.wav,RET846,"para noncah ya, ya mocaua nicancah historia tlen nimitziluihteua uan",tetelancingo,,tetelancingo
tetelancingo_nahuatl/audios/speaker1_Tetel_Narr_RET846_2022-06-11_1398062.0-1403665.0.wav,RET846,uan de milauac pues neh quemeh niteixuiu neh quemeh ic ome niteexuiu,tetelancingo,,tetelancingo
tetelancingo_nahuatl/audios/speaker1_Tetel_Narr_RET846_2022-06-11_1404538.0-1409757.0.wav,RET846,entonces yonechcontaruileh no... nococoltzin uan pues,tetelancingo,,tetelancingo
tetelancingo_nahuatl/audios/speaker1_Tetel_Narr_RET846_2022-06-11_1410266.0-1416022.0.wav,RET846,"onictlaleh cuidad amo oniquilcau, porque simi onechinteresaroh quenic",tetelancingo,,tetelancingo
tetelancingo_nahuatl/audios/speaker1_Tetel_Narr_RET846_2022-06-11_1416547.0-1422894.0.wav,RET846,"quenic otlayicohqueh, quenic omixyehyecoltihqueh, quenic otlayoleuaco nican Tetelancingo",tetelancingo,,tetelancingo
tetelancingo_nahuatl/audios/speaker1_Tetel_Narr_RET846_2022-06-11_1423378.0-1428902.0.wav,RET846,quenic in para lado de Cuacuila ompa cachi achto in omoformaro in pueblo,tetelancingo,,tetelancingo
tetelancingo_nahuatl/audios/speaker1_Tetel_Narr_RET846_2022-06-11_1429327.0-1434919.0.wav,RET846,"por eso ica non nican Tetelancingo oc tocayotihqueh sección, sección de Cuacuila",tetelancingo,,tetelancingo
tetelancingo_nahuatl/audios/speaker1_Tetel_Narr_RET846_2022-06-11_1436873.0-1446023.0.wav,RET846,"de non, uan de ompa, pues neh, de no... mil novecientos cuarenta y tres oniyol",tetelancingo,,tetelancingo
tetelancingo_nahuatl/audios/speaker1_Tetel_Narr_RET846_2022-06-11_1446666.0-1452318.0.wav,RET846,"uan de ompa para delante, después xa cuando ya nicpiya",tetelancingo,,tetelancingo
tetelancingo_nahuatl/audios/speaker1_Tetel_Narr_RET846_2022-06-11_1453252.0-1455513.0.wav,RET846,ya nicpiya quemeh,tetelancingo,,tetelancingo
tetelancingo_nahuatl/audios/speaker1_Tetel_Narr_RET846_2022-06-11_1456978.0-1461320.0.wav,RET846,"que veinticinco, quemeh amo veinticinco",tetelancingo,,tetelancingo
tetelancingo_nahuatl/audios/speaker1_Tetel_Narr_RET846_2022-06-11_1462700.0-1468086.0.wav,RET846,"quince años, quince años uan difuntito noabuelito Guadalupe Bazan",tetelancingo,,tetelancingo
tetelancingo_nahuatl/audios/speaker1_Tetel_Narr_RET846_2022-06-11_1468692.0-1473138.0.wav,RET846,"yofalleceroh, yofalleceroh neh yaquin apenas onicpiyaya quince años",tetelancingo,,tetelancingo
tetelancingo_nahuatl/audios/speaker1_Tetel_Narr_RET846_2022-06-11_1474228.0-1479597.0.wav,RET846,omopolouiteh difuntito nocohcoltzin Guadalupe Bazan tlen onechmacateu cuenta,tetelancingo,,tetelancingo
tetelancingo_nahuatl/audios/speaker1_Tetel_Narr_RET846_2022-06-11_1480165.0-1482632.0.wav,RET846,nicancah tlaixyehyecolistli,tetelancingo,,tetelancingo
tetelancingo_nahuatl/audios/speaker1_Tetel_Narr_RET846_2022-06-11_1483444.0-1486129.0.wav,RET846,historia tehuan tiquiluia tlaixyehyecolistli,tetelancingo,,tetelancingo
tetelancingo_nahuatl/audios/speaker1_Tetel_Narr_RET846_2022-06-11_1486875.0-1490348.0.wav,RET846,pero pues yo onimocaueh nin acuerdos uan,tetelancingo,,tetelancingo
tetelancingo_nahuatl/audios/speaker1_Tetel_Narr_RET846_2022-06-11_1491365.0-1496726.0.wav,RET846,"uan axan después, después este pues neh ya de novida",tetelancingo,,tetelancingo
tetelancingo_nahuatl/audios/speaker1_Tetel_Narr_RET846_2022-06-11_1497731.0-1502036.0.wav,RET846,"ya a los quince años, catorce años onechtomarohqueh quemeh",tetelancingo,,tetelancingo
tetelancingo_nahuatl/audios/speaker1_Tetel_Narr_RET846_2022-06-11_1502708.0-1508419.0.wav,RET846,quemeh este ni... nivocal den escuela,tetelancingo,,tetelancingo
tetelancingo_nahuatl/audios/speaker1_Tetel_Narr_RET846_2022-06-11_1509257.0-1511394.0.wav,RET846,quemeh nisemanero den escuela,tetelancingo,,tetelancingo
tetelancingo_nahuatl/audios/speaker1_Tetel_Narr_RET846_2022-06-11_1512290.0-1518553.0.wav,RET846,primaria porque in escuela primaria tehuan otiestudiarohqueh san de segundo año hasta tercer año,tetelancingo,,tetelancingo
tetelancingo_nahuatl/audios/speaker1_Tetel_Narr_RET846_2022-06-11_1519304.0-1522373.0.wav,RET846,uan de ompa de oniestudiaroh mas san yen segundo año,tetelancingo,,tetelancingo
tetelancingo_nahuatl/audios/speaker1_Tetel_Narr_RET846_2022-06-11_1522952.0-1523733.0.wav,RET846,después,tetelancingo,,tetelancingo
tetelancingo_nahuatl/audios/speaker1_Tetel_Narr_RET846_2022-06-11_1524766.0-1529729.0.wav,RET846,después pues yo... yotipeuqueh tifainatiquiteh tifainatiquiteh uan,tetelancingo,,tetelancingo
tetelancingo_nahuatl/audios/speaker1_Tetel_Narr_RET846_2022-06-11_1535830.0-1538587.0.wav,RET846,"ya que calidra, ya que de repente cemento",tetelancingo,,tetelancingo
tetelancingo_nahuatl/audios/speaker1_Tetel_Narr_RET846_2022-06-11_1539362.0-1542217.0.wav,RET846,ohcon ya yonipanoc presidente de,tetelancingo,,tetelancingo
tetelancingo_nahuatl/audios/speaker1_Tetel_Narr_RET846_2022-06-11_1542875.0-1548769.0.wav,RET846,"presidente de educación quemeh suplente de educación, después presidente de educación",tetelancingo,,tetelancingo
tetelancingo_nahuatl/audios/speaker1_Tetel_Narr_RET846_2022-06-11_1549277.0-1553852.0.wav,RET846,ohcon ya niquita trabajoso tiquitl tlen mochiutiu trabajoso,tetelancingo,,tetelancingo
tetelancingo_nahuatl/audios/speaker1_Tetel_Narr_RET846_2022-06-11_1554701.0-1556346.0.wav,RET846,entonces cuando yonipiyato,tetelancingo,,tetelancingo
tetelancingo_nahuatl/audios/speaker1_Tetel_Narr_RET846_2022-06-11_1558634.0-1560840.0.wav,RET846,yonipiyato veinte años,tetelancingo,,tetelancingo
tetelancingo_nahuatl/audios/speaker1_Tetel_Narr_RET846_2022-06-11_1561681.0-1562732.0.wav,RET846,veinticinco años,tetelancingo,,tetelancingo
tetelancingo_nahuatl/audios/speaker1_Tetel_Narr_RET846_2022-06-11_1564049.0-1569395.0.wav,RET846,"ya ninimilia, uan quen max amo uilis calaquis nicancah comunidad",tetelancingo,,tetelancingo
tetelancingo_nahuatl/audios/speaker1_Tetel_Narr_RET846_2022-06-11_1569775.0-1572565.0.wav,RET846,"carretera, mox amo uilis calaquis carretera",tetelancingo,,tetelancingo
tetelancingo_nahuatl/audios/speaker1_Tetel_Narr_RET846_2022-06-11_1573054.0-1575425.0.wav,RET846,para amo titlamemehtinimisqueh ica material,tetelancingo,,tetelancingo
tetelancingo_nahuatl/audios/speaker1_Tetel_Narr_RET846_2022-06-11_1576892.0-1581738.0.wav,RET846,"entonces este ya niquincontaruilia ocsiqui, ocsiqui cuidadanos",tetelancingo,,tetelancingo
tetelancingo_nahuatl/audios/speaker1_Tetel_Narr_RET846_2022-06-11_1582393.0-1585457.0.wav,RET846,ma timotlahtouican ica in carretera,tetelancingo,,tetelancingo
tetelancingo_nahuatl/audios/speaker1_Tetel_Narr_RET846_2022-06-11_1589479.0-1594700.0.wav,RET846,"hasta Tetela cuatro horas, de nican para Zacatlan cuatro horas y media",tetelancingo,,tetelancingo
tetelancingo_nahuatl/audios/speaker1_Tetel_Narr_RET846_2022-06-11_1595069.0-1599639.0.wav,RET846,tla itic tlamemel hasta cinco horas para tiehcoh o para tiyoueh,tetelancingo,,tetelancingo
tetelancingo_nahuatl/audios/speaker1_Tetel_Narr_RET846_2022-06-11_1600558.0-1604534.0.wav,RET846,xoconitacan maticalaquican in carretera o sea matimotlahtouican,tetelancingo,,tetelancingo
tetelancingo_nahuatl/audios/speaker1_Tetel_Narr_RET846_2022-06-11_1605204.0-1606215.0.wav,RET846,ma timotlahtouican,tetelancingo,,tetelancingo
tetelancingo_nahuatl/audios/speaker1_Tetel_Narr_RET846_2022-06-11_1606907.0-1611374.0.wav,RET846,pero nochipa amo ocniquiyah in tocniuan nochipa amo ocniquiya uan neh,tetelancingo,,tetelancingo
tetelancingo_nahuatl/audios/speaker1_Tetel_Narr_RET846_2022-06-11_1616662.0-1617903.0.wav,RET846,onipiyaya doce años,tetelancingo,,tetelancingo
tetelancingo_nahuatl/audios/speaker1_Tetel_Narr_RET846_2022-06-11_1618671.0-1620117.0.wav,RET846,uan onipeu nitlatemiqui,tetelancingo,,tetelancingo
tetelancingo_nahuatl/audios/speaker1_Tetel_Narr_RET846_2022-06-11_1620813.0-1623694.0.wav,RET846,onipeu nitlatemiqui mach nin Tetelancingo,tetelancingo,,tetelancingo
tetelancingo_nahuatl/audios/speaker1_Tetel_Narr_RET846_2022-06-11_1624138.0-1627084.0.wav,RET846,"ya panoah carros, ya panoah coches",tetelancingo,,tetelancingo
tetelancingo_nahuatl/audios/speaker1_Tetel_Narr_RET846_2022-06-11_1627451.0-1628808.0.wav,RET846,ya panoah camiones,tetelancingo,,tetelancingo
tetelancingo_nahuatl/audios/speaker1_Tetel_Narr_RET846_2022-06-11_1629127.0-1631910.0.wav,RET846,mas itich in camino de herradura,tetelancingo,,tetelancingo
tetelancingo_nahuatl/audios/speaker1_Tetel_Narr_RET846_2022-06-11_1632363.0-1635104.0.wav,RET846,"necah ohtli, necah ueyohtli",tetelancingo,,tetelancingo
tetelancingo_nahuatl/audios/speaker1_Tetel_Narr_RET846_2022-06-11_1635518.0-1637460.0.wav,RET846,"uitzeh carros, uitzeh coches",tetelancingo,,tetelancingo
tetelancingo_nahuatl/audios/speaker1_Tetel_Narr_RET846_2022-06-11_1637771.0-1641085.0.wav,RET846,uitzeh camiones uan panoah nican Tetelancingo uan youeh,tetelancingo,,tetelancingo
tetelancingo_nahuatl/audios/speaker1_Tetel_Narr_RET846_2022-06-11_1641488.0-1644431.0.wav,RET846,"para youeh para, para Omitlán",tetelancingo,,tetelancingo
tetelancingo_nahuatl/audios/speaker1_Tetel_Narr_RET846_2022-06-11_1645308.0-1648486.0.wav,RET846,quisaquiueh ne tipetl Potritohco,tetelancingo,,tetelancingo
tetelancingo_nahuatl/audios/speaker1_Tetel_Narr_RET846_2022-06-11_1649064.0-1655352.0.wav,RET846,uitzeh ic Yehuala uan nican panoah in tiposmeh uan neh onimotetzauaya como nican ica in escuela,tetelancingo,,tetelancingo
tetelancingo_nahuatl/audios/speaker1_Tetel_Narr_RET846_2022-06-11_1667212.0-1671804.0.wav,RET846,"caballos, burros, machos sa yen non ueyohtli ich oyayah",tetelancingo,,tetelancingo
tetelancingo_nahuatl/audios/speaker1_Tetel_Narr_RET846_2022-06-11_1672208.0-1677175.0.wav,RET846,uan onimotetzauaya pues queye in cuali uili uitzeh in carros uan amo tlen razon,tetelancingo,,tetelancingo
tetelancingo_nahuatl/audios/speaker1_Tetel_Narr_RET846_2022-06-11_1677948.0-1680384.0.wav,RET846,uan ya cuando ihcuac onicpiyato,tetelancingo,,tetelancingo
tetelancingo_nahuatl/audios/speaker1_Tetel_Narr_RET846_2022-06-11_1681684.0-1690255.0.wav,RET846,"veinticinco años treinta años, tons nimoluia uilis ahsis tonal uilica calaquis carretera nican Tetelancingo",tetelancingo,,tetelancingo
tetelancingo_nahuatl/audios/speaker1_Tetel_Narr_RET846_2022-06-11_1691032.0-1693810.0.wav,RET846,uilica calaquis carretera ma yen,tetelancingo,,tetelancingo
tetelancingo_nahuatl/audios/speaker1_Tetel_Narr_RET846_2022-06-11_1694311.0-1697080.0.wav,RET846,"ma yen uilis, ma yen amo uilis pero uilica uilis",tetelancingo,,tetelancingo
tetelancingo_nahuatl/audios/speaker1_Tetel_Narr_RET846_2022-06-11_1702202.0-1705462.0.wav,RET846,"juez de paz, primero suplente de paz",tetelancingo,,tetelancingo
tetelancingo_nahuatl/audios/speaker1_Tetel_Narr_RET846_2022-06-11_1705979.0-1709572.0.wav,RET846,después juez de paz uan cuando yoni...,tetelancingo,,tetelancingo
tetelancingo_nahuatl/audios/speaker1_Tetel_Narr_RET846_2022-06-11_1709713.0-1712933.0.wav,RET846,yonictlanquitzquito ica in cargo Juez de Paz,tetelancingo,,tetelancingo
tetelancingo_nahuatl/audios/speaker1_Tetel_Narr_RET846_2022-06-11_1714040.0-1717650.0.wav,RET846,itich año de mil novecientos sesenta y cinco,tetelancingo,,tetelancingo
tetelancingo_nahuatl/audios/speaker1_Tetel_Narr_RET846_2022-06-11_1718740.0-1720904.0.wav,RET846,ich mil novecientos sesenta y cinco,tetelancingo,,tetelancingo
tetelancingo_nahuatl/audios/speaker1_Tetel_Narr_RET846_2022-06-11_1721396.0-1724379.0.wav,RET846,ihcuac oyo... yonicchiu lucha ya,tetelancingo,,tetelancingo
tetelancingo_nahuatl/audios/speaker1_Tetel_Narr_RET846_2022-06-11_1724895.0-1730806.0.wav,RET846,ya nipiya noedad yi quemeh ya xa de treinta años treinta y cinco años,tetelancingo,,tetelancingo
tetelancingo_nahuatl/audios/speaker1_Tetel_Narr_RET846_2022-06-11_1732462.0-1734342.0.wav,RET846,o ya casi cerca cuarenta años,tetelancingo,,tetelancingo
tetelancingo_nahuatl/audios/speaker1_Tetel_Narr_RET846_2022-06-11_1734912.0-1738352.0.wav,RET846,entonces yopeu neh amo acmo nimomohtia acmo,tetelancingo,,tetelancingo
tetelancingo_nahuatl/audios/speaker1_Tetel_Narr_RET846_2022-06-11_1738747.0-1741073.0.wav,RET846,acmo niquintlahtolmouilia coyomeh,tetelancingo,,tetelancingo
tetelancingo_nahuatl/audios/speaker1_Tetel_Narr_RET846_2022-06-11_1741538.0-1744232.0.wav,RET846,tons yonipeu ninimi yoniyah in Puebla,tetelancingo,,tetelancingo
tetelancingo_nahuatl/audios/speaker1_Tetel_Narr_RET846_2022-06-11_1744912.0-1748093.0.wav,RET846,cuando ocatca gobernador in Alfredo de Lara,tetelancingo,,tetelancingo
tetelancingo_nahuatl/audios/speaker1_Tetel_Narr_RET846_2022-06-11_1748540.0-1750304.0.wav,RET846,Puebla ocatca gobernador,tetelancingo,,tetelancingo
tetelancingo_nahuatl/audios/speaker1_Tetel_Narr_RET846_2022-06-11_1750794.0-1752853.0.wav,RET846,yehuatl yonicmactito primer,tetelancingo,,tetelancingo
tetelancingo_nahuatl/audios/speaker1_Tetel_Narr_RET846_2022-06-11_1753275.0-1757488.0.wav,RET846,primer solicitud para nicancah camino de nin Tetelancingo,tetelancingo,,tetelancingo
tetelancingo_nahuatl/audios/speaker1_Tetel_Narr_RET846_2022-06-11_1757917.0-1760120.0.wav,RET846,tlen uitz conduciendo de Tetela,tetelancingo,,tetelancingo
tetelancingo_nahuatl/audios/speaker1_Tetel_Narr_RET846_2022-06-11_1762983.0-1764534.0.wav,RET846,Acatlán,tetelancingo,,tetelancingo
tetelancingo_nahuatl/audios/speaker1_Tetel_Narr_RET846_2022-06-11_1765781.0-1769177.0.wav,RET846,"Xaltatempa, La Lagunilla, Omitlán Tetelancingo",tetelancingo,,tetelancingo
tetelancingo_nahuatl/audios/speaker1_Tetel_Narr_RET846_2022-06-11_1769603.0-1771929.0.wav,RET846,nican omoestancaroco Tetelancingo,tetelancingo,,tetelancingo
tetelancingo_nahuatl/audios/speaker1_Tetel_Narr_RET846_2022-06-11_1772370.0-1774094.0.wav,RET846,carretera amo ouilic opanoc,tetelancingo,,tetelancingo
tetelancingo_nahuatl/audios/speaker1_Tetel_Narr_RET846_2022-06-11_1774552.0-1777144.0.wav,RET846,para Yehuala pero de todos modos satepan,tetelancingo,,tetelancingo
tetelancingo_nahuatl/audios/speaker1_Tetel_Narr_RET846_2022-06-11_1777601.0-1779452.0.wav,RET846,ocsipa onilucharo para,tetelancingo,,tetelancingo
tetelancingo_nahuatl/audios/speaker1_Tetel_Narr_RET846_2022-06-11_1779996.0-1782688.0.wav,RET846,para Zacatlán ocsipa ocse solicitud,tetelancingo,,tetelancingo
tetelancingo_nahuatl/audios/speaker1_Tetel_Narr_RET846_2022-06-11_1783175.0-1786012.0.wav,RET846,para otiualpeualtito Yeuala in carretera para,tetelancingo,,tetelancingo
tetelancingo_nahuatl/audios/speaker1_Tetel_Narr_RET846_2022-06-11_1786431.0-1789517.0.wav,RET846,omoentroncaro nican Tetelancingo omonamic,tetelancingo,,tetelancingo
tetelancingo_nahuatl/audios/speaker1_Tetel_Narr_RET846_2022-06-11_1790200.0-1791448.0.wav,RET846,omonamic in carretera,tetelancingo,,tetelancingo
tetelancingo_nahuatl/audios/speaker1_Tetel_Narr_RET846_2022-06-11_1792317.0-1796183.0.wav,RET846,entonces sa yeh non yeh non lucha onicchiu fuerza para,tetelancingo,,tetelancingo
tetelancingo_nahuatl/audios/speaker1_Tetel_Narr_RET846_2022-06-11_1796563.0-1797700.0.wav,RET846,ma tipiyacan camino,tetelancingo,,tetelancingo
tetelancingo_nahuatl/audios/speaker1_Tetel_Narr_RET846_2022-06-11_1798300.0-1799867.0.wav,RET846,"nicah nican, gracias a Dios",tetelancingo,,tetelancingo
tetelancingo_nahuatl/audios/speaker1_Tetel_Narr_RET846_2022-06-11_1800266.0-1801861.0.wav,RET846,Quemeh niquimiluia nocniuan,tetelancingo,,tetelancingo
tetelancingo_nahuatl/audios/speaker1_Tetel_Narr_RET846_2022-06-11_1802700.0-1804625.0.wav,RET846,nechtlasohcamatilis aquin,tetelancingo,,tetelancingo
tetelancingo_nahuatl/audios/speaker1_Tetel_Narr_RET846_2022-06-11_1804994.0-1807075.0.wav,RET846,o amo nechtlasohcamatilis aquin,tetelancingo,,tetelancingo
tetelancingo_nahuatl/audios/speaker1_Tetel_Narr_RET846_2022-06-11_1807437.0-1808686.0.wav,RET846,pero neh onilucharo,tetelancingo,,tetelancingo
tetelancingo_nahuatl/audios/speaker1_Tetel_Narr_RET846_2022-06-11_1809113.0-1811518.0.wav,RET846,onitzicuintinin hasta Puebla,tetelancingo,,tetelancingo
tetelancingo_nahuatl/audios/speaker1_Tetel_Narr_RET846_2022-06-11_1811933.0-1812998.0.wav,RET846,onitzicuintinin,tetelancingo,,tetelancingo
tetelancingo_nahuatl/audios/speaker1_Tetel_Narr_RET846_2022-06-11_1813258.0-1815305.0.wav,RET846,"Tetela, onitzicuintinin Zacatlán",tetelancingo,,tetelancingo
tetelancingo_nahuatl/audios/speaker1_Tetel_Narr_RET846_2022-06-11_1815734.0-1818475.0.wav,RET846,nochi in comunidades porque primer solicitud,tetelancingo,,tetelancingo
tetelancingo_nahuatl/audios/speaker1_Tetel_Narr_RET846_2022-06-11_1820937.0-1823825.0.wav,RET846,amo onechva... amo onechvalorizaruileh,tetelancingo,,tetelancingo
tetelancingo_nahuatl/audios/speaker1_Tetel_Narr_RET846_2022-06-11_1824502.0-1826502.0.wav,RET846,quihtoa amo valeroa nosolicitud,tetelancingo,,tetelancingo
tetelancingo_nahuatl/audios/speaker1_Tetel_Narr_RET846_2022-06-11_1826979.0-1830786.0.wav,RET846,porque quesqueh habitantes nipiya ich nin nin comunidad de Tetelancingo,tetelancingo,,tetelancingo
tetelancingo_nahuatl/audios/speaker1_Tetel_Narr_RET846_2022-06-11_1831367.0-1834022.0.wav,RET846,niquiluia señor gobernador pues nechonperdonaro,tetelancingo,,tetelancingo
tetelancingo_nahuatl/audios/speaker1_Tetel_Narr_RET846_2022-06-11_1834547.0-1837562.0.wav,RET846,para nin Tetelancingo amo quipiya miac ciudadano,tetelancingo,,tetelancingo
tetelancingo_nahuatl/audios/speaker1_Tetel_Narr_RET846_2022-06-11_1838300.0-1840016.0.wav,RET846,amo quipiya miac habitante,tetelancingo,,tetelancingo
tetelancingo_nahuatl/audios/speaker1_Tetel_Narr_RET846_2022-06-11_1840433.0-1842427.0.wav,RET846,quipiya xa san quemeh trecientos,tetelancingo,,tetelancingo
tetelancingo_nahuatl/audios/speaker1_Tetel_Narr_RET846_2022-06-11_1843318.0-1845486.0.wav,RET846,quemeh trecientos setenta y cinco,tetelancingo,,tetelancingo
tetelancingo_nahuatl/audios/speaker1_Tetel_Narr_RET846_2022-06-11_1845800.0-1847834.0.wav,RET846,o trecientos ochenta habitantes,tetelancingo,,tetelancingo
tetelancingo_nahuatl/audios/speaker1_Tetel_Narr_RET846_2022-06-11_1848418.0-1851938.0.wav,RET846,"quihtoa ay joven, ihcuac non tonal oc onimotaya",tetelancingo,,tetelancingo
tetelancingo_nahuatl/audios/speaker1_Tetel_Narr_RET846_2022-06-11_1854870.0-1855836.0.wav,RET846,quihtoa ay joven,tetelancingo,,tetelancingo
tetelancingo_nahuatl/audios/speaker1_Tetel_Narr_RET846_2022-06-11_1856400.0-1859032.0.wav,RET846,para non treinta y cinco habitantes,tetelancingo,,tetelancingo
tetelancingo_nahuatl/audios/speaker1_Tetel_Narr_RET846_2022-06-11_1859540.0-1861976.0.wav,RET846,tiquinpiya itich mocomunidad amo,tetelancingo,,tetelancingo
tetelancingo_nahuatl/audios/speaker1_Tetel_Narr_RET846_2022-06-11_1862287.0-1864963.0.wav,RET846,amo uilis ahsis carretera Tetelancingo,tetelancingo,,tetelancingo
tetelancingo_nahuatl/audios/speaker1_Tetel_Narr_RET846_2022-06-11_1865492.0-1867371.0.wav,RET846,axan lo que tlen ticmatis xicchiua,tetelancingo,,tetelancingo
tetelancingo_nahuatl/audios/speaker1_Tetel_Narr_RET846_2022-06-11_1868015.0-1871311.0.wav,RET846,"xicchiua ocse solicitud, xicmandaro hacer",tetelancingo,,tetelancingo
tetelancingo_nahuatl/audios/speaker1_Tetel_Narr_RET846_2022-06-11_1871717.0-1873499.0.wav,RET846,canin mitzchiuiliah in solicitud,tetelancingo,,tetelancingo
tetelancingo_nahuatl/audios/speaker1_Tetel_Narr_RET846_2022-06-11_1873973.0-1875434.0.wav,RET846,uan nimitzmacas se idea,tetelancingo,,tetelancingo
tetelancingo_nahuatl/audios/speaker1_Tetel_Narr_RET846_2022-06-11_1875783.0-1877808.0.wav,RET846,nimitzmacas se tlaixyehyecolistli,tetelancingo,,tetelancingo
tetelancingo_nahuatl/audios/speaker1_Tetel_Narr_RET846_2022-06-11_1878818.0-1880145.0.wav,RET846,nimitzixyehyecouilia,tetelancingo,,tetelancingo
tetelancingo_nahuatl/audios/speaker1_Tetel_Narr_RET846_2022-06-11_1880569.0-1881236.0.wav,RET846,para uilis,tetelancingo,,tetelancingo
tetelancingo_nahuatl/audios/speaker1_Tetel_Narr_RET846_2022-06-11_1882121.0-1883171.0.wav,RET846,para uilis ti...,tetelancingo,,tetelancingo
tetelancingo_nahuatl/audios/speaker1_Tetel_Narr_RET846_2022-06-11_1883662.0-1887748.0.wav,RET846,"ticpiyas carretera ich nin comunidad, ich non comunidad de Tetelancingo",tetelancingo,,tetelancingo
tetelancingo_nahuatl/audios/speaker1_Tetel_Narr_RET846_2022-06-11_1888119.0-1889085.0.wav,RET846,canic ticniqui,tetelancingo,,tetelancingo
tetelancingo_nahuatl/audios/speaker1_Tetel_Narr_RET846_2022-06-11_1889450.0-1892257.0.wav,RET846,"ma calaqui carretera, niquiluia pues neh nicniqui",tetelancingo,,tetelancingo
tetelancingo_nahuatl/audios/speaker1_Tetel_Narr_RET846_2022-06-11_1892581.0-1894840.0.wav,RET846,calaquis in carretera Puente Seco,tetelancingo,,tetelancingo
tetelancingo_nahuatl/audios/speaker1_Tetel_Narr_RET846_2022-06-11_1895270.0-1896675.0.wav,RET846,para Xaltatempa,tetelancingo,,tetelancingo
tetelancingo_nahuatl/audios/speaker1_Tetel_Narr_RET846_2022-06-11_1897097.0-1900315.0.wav,RET846,gracias a Dios pues de Xaltatempa mas terracería,tetelancingo,,tetelancingo
tetelancingo_nahuatl/audios/speaker1_Tetel_Narr_RET846_2022-06-11_1900731.0-1903694.0.wav,RET846,mas terracería pero ya ahsi hasta Xaltatempa,tetelancingo,,tetelancingo
tetelancingo_nahuatl/audios/speaker1_Tetel_Narr_RET846_2022-06-11_1906133.0-1910443.0.wav,RET846,pero de Xaltatempa a La Lagunilla para Omitlán para Tetelancingo,tetelancingo,,tetelancingo
tetelancingo_nahuatl/audios/speaker1_Tetel_Narr_RET846_2022-06-11_1910796.0-1913062.0.wav,RET846,"pues amo tlen, amo uili amo uili porque",tetelancingo,,tetelancingo
tetelancingo_nahuatl/audios/speaker1_Tetel_Narr_RET846_2022-06-11_1915931.0-1921849.0.wav,RET846,uan quihtoa xiquita como in teh yotica... teh yoticualicac nin primer solicitud axan xiyoh,tetelancingo,,tetelancingo
tetelancingo_nahuatl/audios/speaker1_Tetel_Narr_RET846_2022-06-11_1922267.0-1923549.0.wav,RET846,nimitzmacas se idea,tetelancingo,,tetelancingo
tetelancingo_nahuatl/audios/speaker1_Tetel_Narr_RET846_2022-06-11_1924248.0-1926204.0.wav,RET846,para tiuilis ticpiyas mayor,tetelancingo,,tetelancingo
tetelancingo_nahuatl/audios/speaker1_Tetel_Narr_RET846_2022-06-11_1926749.0-1927615.0.wav,RET846,refuerzo,tetelancingo,,tetelancingo
tetelancingo_nahuatl/audios/speaker1_Tetel_Narr_RET846_2022-06-11_1928094.0-1931403.0.wav,RET846,para ticpiyas mayor este chicaualistli,tetelancingo,,tetelancingo
tetelancingo_nahuatl/audios/speaker1_Tetel_Narr_RET846_2022-06-11_1932892.0-1937043.0.wav,RET846,para ticpiyas carretera in Tetelancingo uan para delante campa ic ticnictoc,tetelancingo,,tetelancingo
tetelancingo_nahuatl/audios/speaker1_Tetel_Narr_RET846_2022-06-11_1937451.0-1939019.0.wav,RET846,"quita, xiualpeua",tetelancingo,,tetelancingo
tetelancingo_nahuatl/audios/speaker1_Tetel_Narr_RET846_2022-06-11_1939348.0-1940169.0.wav,RET846,Puente Seco,tetelancingo,,tetelancingo
tetelancingo_nahuatl/audios/speaker1_Tetel_Narr_RET846_2022-06-11_1940776.0-1943879.0.wav,RET846,tlamo Puente seco canin catqui autoridad ne,tetelancingo,,tetelancingo
tetelancingo_nahuatl/audios/speaker1_Tetel_Narr_RET846_2022-06-11_1944474.0-1948128.0.wav,RET846,quemeh competente ya se juez,tetelancingo,,tetelancingo
tetelancingo_nahuatl/audios/speaker1_Tetel_Narr_RET846_2022-06-11_1948895.0-1949586.0.wav,RET846,xiualpeua,tetelancingo,,tetelancingo
tetelancingo_nahuatl/audios/speaker1_Tetel_Narr_RET846_2022-06-11_1950060.0-1953283.0.wav,RET846,tons oual... niquiluia pues solamente Cuapantzingo,tetelancingo,,tetelancingo
tetelancingo_nahuatl/audios/speaker1_Tetel_Narr_RET846_2022-06-11_1953701.0-1954840.0.wav,RET846,ompa catqui juez,tetelancingo,,tetelancingo
tetelancingo_nahuatl/audios/speaker1_Tetel_Narr_RET846_2022-06-11_1959287.0-1962722.0.wav,RET846,uan mamitz... este firmaruili mosolicitud,tetelancingo,,tetelancingo
tetelancingo_nahuatl/audios/speaker1_Tetel_Narr_RET846_2022-06-11_1963371.0-1967195.0.wav,RET846,nin nimitzsililis ic ome solicitud ic ome,tetelancingo,,tetelancingo
tetelancingo_nahuatl/audios/speaker1_Tetel_Narr_RET846_2022-06-11_1967641.0-1970785.0.wav,RET846,porque nicancah moprimer solicitud amo valeroa,tetelancingo,,tetelancingo
tetelancingo_nahuatl/audios/speaker1_Tetel_Narr_RET846_2022-06-11_1971496.0-1973573.0.wav,RET846,"axan xiquita, ocsipa xipano",tetelancingo,,tetelancingo
tetelancingo_nahuatl/audios/speaker1_Tetel_Narr_RET846_2022-06-11_1974014.0-1976005.0.wav,RET846,canin ocse comunidad xipano,tetelancingo,,tetelancingo
tetelancingo_nahuatl/audios/speaker1_Tetel_Narr_RET846_2022-06-11_1976457.0-1977756.0.wav,RET846,niquiluia pues,tetelancingo,,tetelancingo
tetelancingo_nahuatl/audios/speaker1_Tetel_Narr_RET846_2022-06-11_1978189.0-1980565.0.wav,RET846,Acatlán ompa ayamo catqui juez,tetelancingo,,tetelancingo
tetelancingo_nahuatl/audios/speaker1_Tetel_Narr_RET846_2022-06-11_1980881.0-1983116.0.wav,RET846,ompa catqui san se inspector,tetelancingo,,tetelancingo
tetelancingo_nahuatl/audios/speaker1_Tetel_Narr_RET846_2022-06-11_1983577.0-1984683.0.wav,RET846,de necah colonia,tetelancingo,,tetelancingo
tetelancingo_nahuatl/audios/speaker1_Tetel_Narr_RET846_2022-06-11_1985268.0-1989577.0.wav,RET846,quihtoa bueno pues mamitztlafirmaruili non inspector mitztlafirmaruili,tetelancingo,,tetelancingo
tetelancingo_nahuatl/audios/speaker1_Tetel_Narr_RET846_2022-06-11_1989885.0-1991074.0.wav,RET846,uan mamitztlasellaruili,tetelancingo,,tetelancingo
tetelancingo_nahuatl/audios/speaker1_Tetel_Narr_RET846_2022-06-11_1991680.0-1993644.0.wav,RET846,uan ompa xiyoh ocse pueblo,tetelancingo,,tetelancingo
tetelancingo_nahuatl/audios/speaker1_Tetel_Narr_RET846_2022-06-11_1994154.0-1997125.0.wav,RET846,niquiluia pues chicautoc pueblo de Xaltatempa,tetelancingo,,tetelancingo
tetelancingo_nahuatl/audios/speaker1_Tetel_Narr_RET846_2022-06-11_1997670.0-1999342.0.wav,RET846,quihtoa pues yehuatl non nicniqui,tetelancingo,,tetelancingo
tetelancingo_nahuatl/audios/speaker1_Tetel_Narr_RET846_2022-06-11_1999765.0-2002142.0.wav,RET846,campa catqui presidente auxiliar,tetelancingo,,tetelancingo
tetelancingo_nahuatl/audios/speaker1_Tetel_Narr_RET846_2022-06-11_2002506.0-2004384.0.wav,RET846,yehuatl non mitzmacas fuerza,tetelancingo,,tetelancingo
tetelancingo_nahuatl/audios/speaker1_Tetel_Narr_RET846_2022-06-11_2004807.0-2009630.0.wav,RET846,uan yehuatl non seguiros para delante carretera tla ompa yahtoc Xaltatempa,tetelancingo,,tetelancingo
tetelancingo_nahuatl/audios/speaker1_Tetel_Narr_RET846_2022-06-11_2010361.0-2012168.0.wav,RET846,seguiros para delante,tetelancingo,,tetelancingo
tetelancingo_nahuatl/audios/speaker1_Tetel_Narr_RET846_2022-06-11_2012688.0-2015177.0.wav,RET846,uan nepa Xaltatempa para nepa,tetelancingo,,tetelancingo
tetelancingo_nahuatl/audios/speaker1_Tetel_Narr_RET846_2022-06-11_2015738.0-2017381.0.wav,RET846,tlen itocaya in ocse lugar,tetelancingo,,tetelancingo
tetelancingo_nahuatl/audios/speaker1_Tetel_Narr_RET846_2022-06-11_2017986.0-2022309.0.wav,RET846,niquiluia necah gobernador niquiluia pues ocse lugar motocayotia,tetelancingo,,tetelancingo
tetelancingo_nahuatl/audios/speaker1_Tetel_Narr_RET846_2022-06-11_2022835.0-2023761.0.wav,RET846,La Lagunilla,tetelancingo,,tetelancingo
tetelancingo_nahuatl/audios/speaker1_Tetel_Narr_RET846_2022-06-11_2024324.0-2025099.0.wav,RET846,entonces,tetelancingo,,tetelancingo
tetelancingo_nahuatl/audios/speaker1_Tetel_Narr_RET846_2022-06-11_2025542.0-2029949.0.wav,RET846,presidente auxiliar de Xaltatempa mamitztlasellaruili mitztlafirmaruili,tetelancingo,,tetelancingo
tetelancingo_nahuatl/audios/speaker1_Tetel_Narr_RET846_2022-06-11_2030445.0-2032153.0.wav,RET846,uan ompa xiyo para La Lagunilla,tetelancingo,,tetelancingo
tetelancingo_nahuatl/audios/speaker1_Tetel_Narr_RET846_2022-06-11_2032593.0-2034004.0.wav,RET846,uan La Lagunilla juez,tetelancingo,,tetelancingo
tetelancingo_nahuatl/audios/speaker1_Tetel_Narr_RET846_2022-06-11_2034323.0-2036873.0.wav,RET846,ma mitztlafirmaruili uan mitztlasellaruili,tetelancingo,,tetelancingo
tetelancingo_nahuatl/audios/speaker1_Tetel_Narr_RET846_2022-06-11_2037135.0-2038447.0.wav,RET846,itich mosolicitud,tetelancingo,,tetelancingo
tetelancingo_nahuatl/audios/speaker1_Tetel_Narr_RET846_2022-06-11_2039093.0-2040180.0.wav,RET846,uan ompa tipanos,tetelancingo,,tetelancingo
tetelancingo_nahuatl/audios/speaker1_Tetel_Narr_RET846_2022-06-11_2041025.0-2042687.0.wav,RET846,campa tiquihtoa tla Omitlán,tetelancingo,,tetelancingo
tetelancingo_nahuatl/audios/speaker1_Tetel_Narr_RET846_2022-06-11_2043126.0-2045375.0.wav,RET846,"ompa tlen, pueblo o barrio",tetelancingo,,tetelancingo
tetelancingo_nahuatl/audios/speaker1_Tetel_Narr_RET846_2022-06-11_2045750.0-2048426.0.wav,RET846,niquiluia amo ompa ya pueblo in ompa noyiuqui este,tetelancingo,,tetelancingo
tetelancingo_nahuatl/audios/speaker1_Tetel_Narr_RET846_2022-06-11_2049438.0-2051665.0.wav,RET846,"este, presidencia auxiliar",tetelancingo,,tetelancingo
tetelancingo_nahuatl/audios/speaker1_Tetel_Narr_RET846_2022-06-11_2054880.9999999998-2056011.0.wav,RET846,entonces niquiluia,tetelancingo,,tetelancingo
tetelancingo_nahuatl/audios/speaker1_Tetel_Narr_RET846_2022-06-11_2056427.0000000002-2059784.9999999998.wav,RET846,tla yeh cuali ompa noyiuqui nechtlafirmaruilis juez,tetelancingo,,tetelancingo
tetelancingo_nahuatl/audios/speaker1_Tetel_Narr_RET846_2022-06-11_2062388.0-2063475.0.wav,RET846,uan iuan nenen,tetelancingo,,tetelancingo
tetelancingo_nahuatl/audios/speaker1_Tetel_Narr_RET846_2022-06-11_2064409.0-2067197.0.wav,RET846,"sello, quitlalis sello, quitlalis ifirma",tetelancingo,,tetelancingo
tetelancingo_nahuatl/audios/speaker1_Tetel_Narr_RET846_2022-06-11_2067712.0-2069818.0000000002.wav,RET846,yehuatl non xicchiua quihtoa gobernador,tetelancingo,,tetelancingo
tetelancingo_nahuatl/audios/speaker1_Tetel_Narr_RET846_2022-06-11_2070478.0-2073568.0000000002.wav,RET846,bueno tons ompa itich mocomunidad Tetelancingo,tetelancingo,,tetelancingo
tetelancingo_nahuatl/audios/speaker1_Tetel_Narr_RET846_2022-06-11_2073944.0-2074953.0.wav,RET846,aquin autoridad,tetelancingo,,tetelancingo
tetelancingo_nahuatl/audios/speaker1_Tetel_Narr_RET846_2022-06-11_2075417.0-2079301.0.wav,RET846,niquiluia pues comunidad de Tetelancingo in ompa nehuatl nijuez,tetelancingo,,tetelancingo
tetelancingo_nahuatl/audios/speaker1_Tetel_Narr_RET846_2022-06-11_2079795.0-2080956.9999999998.wav,RET846,nehua niJuez de Paz,tetelancingo,,tetelancingo
tetelancingo_nahuatl/audios/speaker1_Tetel_Narr_RET846_2022-06-11_2081472.0000000002-2083472.0000000002.wav,RET846,quihtoa ah qué bueno pues entonces,tetelancingo,,tetelancingo
tetelancingo_nahuatl/audios/speaker1_Tetel_Narr_RET846_2022-06-11_2083837.0-2085886.0.wav,RET846,tlali mosello uan xictlali mofirma,tetelancingo,,tetelancingo
tetelancingo_nahuatl/audios/speaker1_Tetel_Narr_RET846_2022-06-11_2086603.9999999998-2087819.0.wav,RET846,uan ompa tipanoa,tetelancingo,,tetelancingo
tetelancingo_nahuatl/audios/speaker1_Tetel_Narr_RET846_2022-06-11_2088407.0000000002-2090157.0000000002.wav,RET846,para rumbo a Zacatlán,tetelancingo,,tetelancingo
tetelancingo_nahuatl/audios/speaker1_Tetel_Narr_RET846_2022-06-11_2090635.0000000002-2092049.0.wav,RET846,tla teh tiperteneceroa,tetelancingo,,tetelancingo
tetelancingo_nahuatl/audios/speaker1_Tetel_Narr_RET846_2022-06-11_2092362.9999999998-2094011.0.wav,RET846,itich municipio de Zacatlán,tetelancingo,,tetelancingo
tetelancingo_nahuatl/audios/speaker1_Tetel_Narr_RET846_2022-06-11_2094428.0-2096896.0000000002.wav,RET846,amo tiperteneceroa municipio de Tetela,tetelancingo,,tetelancingo
tetelancingo_nahuatl/audios/speaker1_Tetel_Narr_RET846_2022-06-11_2097247.0-2098590.0.wav,RET846,ompa xipano ya para,tetelancingo,,tetelancingo
tetelancingo_nahuatl/audios/speaker1_Tetel_Narr_RET846_2022-06-11_2098981.0-2100588.0.wav,RET846,itich mocomunidad para,tetelancingo,,tetelancingo
tetelancingo_nahuatl/audios/speaker1_Tetel_Narr_RET846_2022-06-11_2103380.0-2106960.0.wav,RET846,"ocse pueblo tlen itoocaya, niquiluia pues itoocaya pueblo",tetelancingo,,tetelancingo
tetelancingo_nahuatl/audios/speaker1_Tetel_Narr_RET846_2022-06-11_2107593.0-2109409.0.wav,RET846,pueblohtzin itoocaya,tetelancingo,,tetelancingo
tetelancingo_nahuatl/audios/speaker1_Tetel_Narr_RET846_2022-06-11_2109958.0-2110830.0.wav,RET846,Yehuala,tetelancingo,,tetelancingo
tetelancingo_nahuatl/audios/speaker1_Tetel_Narr_RET846_2022-06-11_2111519.0-2112485.0.wav,RET846,uan non Yehuala,tetelancingo,,tetelancingo
tetelancingo_nahuatl/audios/speaker1_Tetel_Narr_RET846_2022-06-11_2112798.0-2113969.0.wav,RET846,tons ompa yeh xipano,tetelancingo,,tetelancingo
tetelancingo_nahuatl/audios/speaker1_Tetel_Narr_RET846_2022-06-11_2114676.0-2118318.0.wav,RET846,mamitztlafirmaruili in juez uan mitztlasellaruili,tetelancingo,,tetelancingo
tetelancingo_nahuatl/audios/speaker1_Tetel_Narr_RET846_2022-06-11_2118980.0-2121445.0.wav,RET846,pero nen juez omonegaro nouan,tetelancingo,,tetelancingo
tetelancingo_nahuatl/audios/speaker1_Tetel_Narr_RET846_2022-06-11_2121971.0-2124756.0.wav,RET846,quihtoa neh para nitlafirmaros neh amo nitlafirmaros,tetelancingo,,tetelancingo
tetelancingo_nahuatl/audios/speaker1_Tetel_Narr_RET846_2022-06-11_2125217.0-2128339.0.wav,RET846,porque in teh uilica tiniqui ticpanoltis nican carretera,tetelancingo,,tetelancingo
tetelancingo_nahuatl/audios/speaker1_Tetel_Narr_RET846_2022-06-11_2128698.0-2130972.0.wav,RET846,tla iuan yi ticah de acuerdo gobernador,tetelancingo,,tetelancingo
tetelancingo_nahuatl/audios/speaker1_Tetel_Narr_RET846_2022-06-11_2135009.0-2137763.0.wav,RET846,uan quintumbarohtas toárboles de aguacate,tetelancingo,,tetelancingo
tetelancingo_nahuatl/audios/speaker1_Tetel_Narr_RET846_2022-06-11_2138100.0-2139611.0.wav,RET846,toárboles de ciruelos,tetelancingo,,tetelancingo
tetelancingo_nahuatl/audios/speaker1_Tetel_Narr_RET846_2022-06-11_2139925.0-2141202.0.wav,RET846,"toterreno, nochi",tetelancingo,,tetelancingo
tetelancingo_nahuatl/audios/speaker1_Tetel_Narr_RET846_2022-06-11_2141484.0-2143714.0.wav,RET846,"quixcuiptas, nochi qui... quichcuatas",tetelancingo,,tetelancingo
tetelancingo_nahuatl/audios/speaker1_Tetel_Narr_RET846_2022-06-11_2144065.0-2146136.0.wav,RET846,nochi tlaihtlacohtas ich in toterreno,tetelancingo,,tetelancingo
tetelancingo_nahuatl/audios/speaker1_Tetel_Narr_RET846_2022-06-11_2146647.0-2148373.0.wav,RET846,nican amo cah permiso,tetelancingo,,tetelancingo
tetelancingo_nahuatl/audios/speaker1_Tetel_Narr_RET846_2022-06-11_2148763.0-2150000.0.wav,RET846,para panos carretera,tetelancingo,,tetelancingo
tetelancingo_nahuatl/audios/speaker1_Tetel_Narr_RET846_2022-06-11_2150510.0-2152893.0.wav,RET846,niquiluia hay Dios tinocnitzin,tetelancingo,,tetelancingo
tetelancingo_nahuatl/audios/speaker1_Tetel_Narr_RET846_2022-06-11_2153264.0-2155681.0.wav,RET846,queye in amo cualtias para yas carretera,tetelancingo,,tetelancingo
tetelancingo_nahuatl/audios/speaker1_Tetel_Narr_RET846_2022-06-11_2156128.0-2157107.0.wav,RET846,quen amo cualtias,tetelancingo,,tetelancingo
tetelancingo_nahuatl/audios/speaker1_Tetel_Narr_RET846_2022-06-11_2157733.0-2159881.0.wav,RET846,ahorita tlen motlanamaquilihticateh,tetelancingo,,tetelancingo
tetelancingo_nahuatl/audios/speaker1_Tetel_Narr_RET846_2022-06-11_2160914.0-2162308.0.wav,RET846,motlanamiquilticateh,tetelancingo,,tetelancingo
tetelancingo_nahuatl/audios/speaker1_Tetel_Narr_RET846_2022-06-11_2162681.0-2164811.0.wav,RET846,ica nenen aguacate,tetelancingo,,tetelancingo
tetelancingo_nahuatl/audios/speaker1_Tetel_Narr_RET846_2022-06-11_2165179.0-2166326.0.wav,RET846,ica ciruelo,tetelancingo,,tetelancingo
tetelancingo_nahuatl/audios/speaker1_Tetel_Narr_RET846_2022-06-11_2166762.0-2170732.0.wav,RET846,"pues neneh quipiya macho quipiya mula, quipiya caballo o burro",tetelancingo,,tetelancingo
tetelancingo_nahuatl/audios/speaker1_Tetel_Narr_RET846_2022-06-11_2171125.0-2172991.0.wav,RET846,pues quitlamemeltia ica in carga,tetelancingo,,tetelancingo
tetelancingo_nahuatl/audios/speaker1_Tetel_Narr_RET846_2022-06-11_2173303.0-2176853.0.wav,RET846,pero in tlen amo tiquinpanouia ic San Miguel Tenango ualtlaniuic,tetelancingo,,tetelancingo
tetelancingo_nahuatl/audios/speaker1_Tetel_Narr_RET846_2022-06-11_2177132.0-2178764.0.wav,RET846,ic San Miguel nepa sintlapal,tetelancingo,,tetelancingo
tetelancingo_nahuatl/audios/speaker1_Tetel_Narr_RET846_2022-06-11_2179061.0-2182087.0.wav,RET846,"tlamemeh ica neneh, ica nin mercancia",tetelancingo,,tetelancingo
tetelancingo_nahuatl/audios/speaker1_Tetel_Narr_RET846_2022-06-11_2182364.0-2186398.0.wav,RET846,yeh que aguacate ya que ciruelo lo que tlen quipiya ya que durazno,tetelancingo,,tetelancingo
tetelancingo_nahuatl/audios/speaker1_Tetel_Narr_RET846_2022-06-11_2186730.0-2188249.0.wav,RET846,pues nochi quiixcuauihtiu,tetelancingo,,tetelancingo
tetelancingo_nahuatl/audios/speaker1_Tetel_Narr_RET846_2022-06-11_2188881.0-2190474.0.wav,RET846,"quihtoa, quihtoa juez",tetelancingo,,tetelancingo
tetelancingo_nahuatl/audios/speaker1_Tetel_Narr_RET846_2022-06-11_2190844.0-2192901.0.wav,RET846,ah pues non gente simi burro,tetelancingo,,tetelancingo
tetelancingo_nahuatl/audios/speaker1_Tetel_Narr_RET846_2022-06-11_2193252.0-2195243.0.wav,RET846,simi burro amo motlapiyalcouiah,tetelancingo,,tetelancingo
tetelancingo_nahuatl/audios/speaker1_Tetel_Narr_RET846_2022-06-11_2197477.0-2201226.0.wav,RET846,tehuan ticsacah tomercancia para timotlanamaquia ica,tetelancingo,,tetelancingo
tetelancingo_nahuatl/audios/speaker1_Tetel_Narr_RET846_2022-06-11_2201669.0-2202227.0.wav,RET846,ica,tetelancingo,,tetelancingo
tetelancingo_nahuatl/audios/speaker1_Tetel_Narr_RET846_2022-06-11_2202943.0-2204537.0.wav,RET846,"burros, caballos, machos",tetelancingo,,tetelancingo
tetelancingo_nahuatl/audios/speaker1_Tetel_Narr_RET846_2022-06-11_2205081.0-2208891.0.wav,RET846,"niquiluia bueno bueno, tla amo toconniqui tinechtlasellaruilis ni modo",tetelancingo,,tetelancingo
tetelancingo_nahuatl/audios/speaker1_Tetel_Narr_RET846_2022-06-11_2209313.0-2210577.0.wav,RET846,ni modo tla amo toconniqui,tetelancingo,,tetelancingo
tetelancingo_nahuatl/audios/speaker1_Tetel_Narr_RET846_2022-06-11_2211166.0-2214340.0.wav,RET846,pues nipanoa para delante niyoh para San Miguel Tenango,tetelancingo,,tetelancingo
tetelancingo_nahuatl/audios/speaker1_Tetel_Narr_RET846_2022-06-11_2215243.0-2218019.0.wav,RET846,oniyah ich in pueblo de San Miguel Tenango ya,tetelancingo,,tetelancingo
tetelancingo_nahuatl/audios/speaker1_Tetel_Narr_RET846_2022-06-11_2218456.0-2219875.0.wav,RET846,enfrente de Zacatlán,tetelancingo,,tetelancingo
tetelancingo_nahuatl/audios/speaker1_Tetel_Narr_RET846_2022-06-11_2220725.0-2223007.0.wav,RET846,ompa ya quihtoa in señor este,tetelancingo,,tetelancingo
tetelancingo_nahuatl/audios/speaker1_Tetel_Narr_RET846_2022-06-11_2223602.0-2225270.0.wav,RET846,presidente auxiliar quihtoa,tetelancingo,,tetelancingo
tetelancingo_nahuatl/audios/speaker1_Tetel_Narr_RET846_2022-06-11_2225900.0-2228493.0.wav,RET846,ay qué tonto non milauac non juez,tetelancingo,,tetelancingo
tetelancingo_nahuatl/audios/speaker1_Tetel_Narr_RET846_2022-06-11_2229012.0-2230850.0.wav,RET846,oquinburrohcuip nicniuan,tetelancingo,,tetelancingo
tetelancingo_nahuatl/audios/speaker1_Tetel_Narr_RET846_2022-06-11_2231282.0-2234328.0.wav,RET846,pero amo milauac burros nicniuan yeh yehuatl burro,tetelancingo,,tetelancingo
tetelancingo_nahuatl/audios/speaker1_Tetel_Narr_RET846_2022-06-11_2234748.0-2237669.0.wav,RET846,porque amo milauac oquinic mitzapoyaros ica in sello,tetelancingo,,tetelancingo
tetelancingo_nahuatl/audios/speaker1_Tetel_Narr_RET846_2022-06-11_2238000.0-2238979.0.wav,RET846,uan ica ifirma,tetelancingo,,tetelancingo
tetelancingo_nahuatl/audios/speaker1_Tetel_Narr_RET846_2022-06-11_2239428.0-2240793.0.wav,RET846,nimodo quen secchiuas,tetelancingo,,tetelancingo
tetelancingo_nahuatl/audios/speaker1_Tetel_Narr_RET846_2022-06-11_2241242.0-2242673.0.wav,RET846,pero teh in tla oehcosquia,tetelancingo,,tetelancingo
tetelancingo_nahuatl/audios/speaker1_Tetel_Narr_RET846_2022-06-11_2243091.0-2244593.0.wav,RET846,Tetelancingo máquina,tetelancingo,,tetelancingo
tetelancingo_nahuatl/audios/speaker1_Tetel_Narr_RET846_2022-06-11_2244952.0-2247459.0.wav,RET846,como gobernador ya mitzautorizaruilia,tetelancingo,,tetelancingo
tetelancingo_nahuatl/audios/speaker1_Tetel_Narr_RET846_2022-06-11_2247851.0-2249979.0.wav,RET846,entonces teh xicualpanolti máquina,tetelancingo,,tetelancingo
tetelancingo_nahuatl/audios/speaker1_Tetel_Narr_RET846_2022-06-11_2250249.0-2251925.0.wav,RET846,itich in pueblo de Yehuala,tetelancingo,,tetelancingo
tetelancingo_nahuatl/audios/speaker1_Tetel_Narr_RET846_2022-06-11_2252290.0-2255298.0.wav,RET846,uan amo xiquixmouili xiualpanoltica in máquina,tetelancingo,,tetelancingo
tetelancingo_nahuatl/audios/speaker1_Tetel_Narr_RET846_2022-06-11_2255636.0-2256732.0.wav,RET846,para nanquipiyasqueh,tetelancingo,,tetelancingo
tetelancingo_nahuatl/audios/speaker1_Tetel_Narr_RET846_2022-06-11_2257204.0-2259179.0.wav,RET846,carretera para San Miguel Tenango,tetelancingo,,tetelancingo
tetelancingo_nahuatl/audios/speaker1_Tetel_Narr_RET846_2022-06-11_2262300.0-2265069.0.wav,RET846,como nican San Miguel Tenango mas de terracería,tetelancingo,,tetelancingo
tetelancingo_nahuatl/audios/speaker1_Tetel_Narr_RET846_2022-06-11_2265308.0-2266676.0.wav,RET846,no yoehcoc camino,tetelancingo,,tetelancingo
tetelancingo_nahuatl/audios/speaker1_Tetel_Narr_RET846_2022-06-11_2267002.0-2269585.0.wav,RET846,pues queye in amo nanquipiyasqueh namocamino namehuan,tetelancingo,,tetelancingo
tetelancingo_nahuatl/audios/speaker1_Tetel_Narr_RET846_2022-06-11_2270637.0-2276493.0.wav,RET846,uan niquiluia presidente de auxiliar de San Miguel Tenango niquiluia amo Dios iconetzin amo,tetelancingo,,tetelancingo
tetelancingo_nahuatl/audios/speaker1_Tetel_Narr_RET846_2022-06-11_2276920.0-2279215.0.wav,RET846,amo Dios iconetzin porque cualanisqueh,tetelancingo,,tetelancingo
tetelancingo_nahuatl/audios/speaker1_Tetel_Narr_RET846_2022-06-11_2279629.0-2283533.0.wav,RET846,yeualancah cualanisqueh uan hasta nechtehteluitinimisqueh,tetelancingo,,tetelancingo
tetelancingo_nahuatl/audios/speaker1_Tetel_Narr_RET846_2022-06-11_2284151.0-2286948.0.wav,RET846,canic este moacusarohtinimisqueh,tetelancingo,,tetelancingo
tetelancingo_nahuatl/audios/speaker1_Tetel_Narr_RET846_2022-06-11_2287346.0-2289066.0.wav,RET846,nechdemandarosqueh para qué,tetelancingo,,tetelancingo
tetelancingo_nahuatl/audios/speaker1_Tetel_Narr_RET846_2022-06-11_2289501.0-2291793.0.wav,RET846,mejor siquiera oehcosquia Tetelancingo uan,tetelancingo,,tetelancingo
tetelancingo_nahuatl/audios/speaker1_Tetel_Narr_RET846_2022-06-11_2292185.0-2293443.0.wav,RET846,uan san ompa ya ni modo,tetelancingo,,tetelancingo
tetelancingo_nahuatl/audios/speaker1_Tetel_Narr_RET846_2022-06-11_2293933.0-2297151.0.wav,RET846,quihtoa amo teh xiualpanohti ya que in gobernador yonimo...,tetelancingo,,tetelancingo
tetelancingo_nahuatl/audios/speaker1_Tetel_Narr_RET846_2022-06-11_2297511.0-2299230.0.wav,RET846,yomitztomaruileh in palabra,tetelancingo,,tetelancingo
tetelancingo_nahuatl/audios/speaker1_Tetel_Narr_RET846_2022-06-11_2299660.0-2300409.0.wav,RET846,pues qué bueno,tetelancingo,,tetelancingo
tetelancingo_nahuatl/audios/speaker1_Tetel_Narr_RET846_2022-06-11_2300845.0-2304627.0.wav,RET846,niquiluia bueno bueno pues a ver oc tiquitasqueh pero neh sa nican oniualah,tetelancingo,,tetelancingo
tetelancingo_nahuatl/audios/speaker1_Tetel_Narr_RET846_2022-06-11_2305079.0-2310168.0.wav,RET846,onimitzonmocuayontililico ica nicancah tlaixyehyecolistli uan,tetelancingo,,tetelancingo
tetelancingo_nahuatl/audios/speaker1_Tetel_Narr_RET846_2022-06-11_2310686.0-2312745.0.wav,RET846,mofirmahtzin uan mosellohtzin,tetelancingo,,tetelancingo
tetelancingo_nahuatl/audios/speaker1_Tetel_Narr_RET846_2022-06-11_2313153.0-2314027.0.wav,RET846,otinechon...,tetelancingo,,tetelancingo
tetelancingo_nahuatl/audios/speaker1_Tetel_Narr_RET846_2022-06-11_2314634.0-2317261.0.wav,RET846,"otinechontlasellaruileh, gracias",tetelancingo,,tetelancingo
tetelancingo_nahuatl/audios/speaker1_Tetel_Narr_RET846_2022-06-11_2317692.0-2318696.0.wav,RET846,gracias neh,tetelancingo,,tetelancingo
tetelancingo_nahuatl/audios/speaker1_Tetel_Narr_RET846_2022-06-11_2319112.0-2321149.0.wav,RET846,nictlasohcamati monauactzingo uan,tetelancingo,,tetelancingo
tetelancingo_nahuatl/audios/speaker1_Tetel_Narr_RET846_2022-06-11_2321574.0-2322559.0.wav,RET846,nin solicitud,tetelancingo,,tetelancingo
tetelancingo_nahuatl/audios/speaker1_Tetel_Narr_RET846_2022-06-11_2322903.0-2327123.0.wav,RET846,niquincauati para ic nin mostla uiptla Puebla nitlacolotih,tetelancingo,,tetelancingo
tetelancingo_nahuatl/audios/speaker1_Tetel_Narr_RET846_2022-06-11_2328032.0-2331428.0.wav,RET846,uan ompa yomoterminaroh nicancah este asunto de,tetelancingo,,tetelancingo
tetelancingo_nahuatl/audios/speaker1_Tetel_Narr_RET846_2022-06-11_2332091.0-2333350.0.wav,RET846,nin tlaixyehyecoli,tetelancingo,,tetelancingo
